sku,digikey_url,digikey_inventory,digikey_price,digikey_status,newark_url,newark_inventory,newark_price,newark_status,combined_inventory,InStock,combined_status,last_updated,combined_stock
786202-01,https://www.digikey.com/en/products/detail/ni/786202-01/18710002,1,69.75,Active,https://www.newark.com,0,0,,1,True,Active,09-30-2026,Active
778685-01,https://www.digikey.com/en/products/detail/ni/778685-01/15219048,2,264.38,Active,https://www.newark.com,0,0,,2,True,Active,09-30-2026,Active
6069-410-171,https://www.digikey.com/en/products/detail/digilent-inc/6069-410-171/23334345,1,1619.01,Active,https://www.newark.com,0,0,,1,True,Active,09-30-2026,Active
785840-01,https://www.digikey.com/en/products/detail/ni/785840-01/16647942,0,2846.84,Active,https://www.newark.com/ni-now-part-of-emerson/785840-01/tb-rm-24999/dp/14AJ6209,0,2054,DIRECT_SHIP,0,False,Active,09-30-2026,Inactive
787441-01,https://www.digikey.com/en/products/detail/ni/787441-01/18709770,2,1625.62,Active,https://www.newark.com,0,0,,2,True,Active,09-30-2026,Active
6069-410-036,https://www.digikey.com/en/products/detail/digilent-inc/6069-410-036/16970326,20,2549.01,Active,https://www.newark.com,0,0,,20,True,Active,09-30-2026,Active
185095-0R5,https://www.digikey.com/en/products/detail/ni/185095-0R5/27259366,0,374.62,Active,https://www.newark.com/ni-now-part-of-emerson/185095-0r5/sh100m-100m-multifunction-cable/dp/47AM1433,0,333,DIRECT_SHIP,0,False,Active,09-30-2026,Inactive
780923-01,https://www.digikey.com/en/products/detail/ni/780923-01/16647643,0,3560.63,Active,https://www.newark.com/ni-now-part-of-emerson/780923-01/interface-module-can-c-series/dp/14AJ5175,0,2569,DIRECT_SHIP,0,False,Active,09-30-2026,Inactive
778512-01,https://www.digikey.com/en/products/detail/ni/778512-01/16648823,2,7011,Active,https://www.newark.com,0,0,,2,True,Active,09-30-2026,Active
786504-01,https://www.digikey.com/en/products/detail/ni/786504-01/16818611,1,30013.88,Active,https://www.newark.com,0,0,,1,True,Active,09-30-2026,Active
781314-01,https://www.digikey.com/en/products/detail/ni/781314-01/16648783,107,208.12,Active,https://www.newark.com,0,0,,107,True,Active,09-30-2026,Active
783589-01,https://www.digikey.com/en/products/detail/ni/783589-01/15219049,3,2696.62,Active,https://www.newark.com,0,0,,3,True,Active,09-30-2026,Active
788645-35,https://www.digikey.com/en/products/detail/ni/788645-35/27259240,0,383.46,Active,https://www.newark.com/ni-emerson/788645-35-30-seats-n-c-1-yr/labview-for-academic-30-seats/dp/13AM4159,0,5400,STOCKED,0,False,Active,09-30-2026,Inactive
6069-300-019,https://www.digikey.com/en/products/detail/digilent-inc/6069-300-019/23334417,0,213.675,Active,https://www.newark.com,0,0,,0,False,Active,09-30-2026,Inactive
776800-35,https://www.digikey.com/en/products/detail/ni/776800-35/15668168,0,4032,Obsolete,https://www.newark.com/ni-now-part-of-emerson/776800-35/test-software-labwindows-cvi/dp/15AJ5395,0,5929,STOCKED,0,False,Active,09-30-2026,Inactive
782718-01,https://www.digikey.com/en/products/detail/ni/782718-01/16648249,0,5161.46,Active,https://www.newark.com/ni-now-part-of-emerson/782718-01/soundvibration-module-sbrio-9234/dp/14AJ5600,0,3724,DIRECT_SHIP,0,False,Active,09-30-2026,Inactive
787355-01,https://www.digikey.com/en/products/detail/ni/787355-01/16648313,0,17675.66,Active,https://www.newark.com/ni-now-part-of-emerson/787355-01/pxie-7865-5v-multifunction-reconfigurabl/dp/47AK3183,0,12753,DIRECT_SHIP,0,False,Active,09-30-2026,Inactive
787756-01,https://www.digikey.com/en/products/detail/ni/787756-01/16648194,0,10672.2,Active,https://www.newark.com,0,0,,0,False,Active,09-30-2026,Inactive
789600-18211,https://www.digikey.com/en/products/detail/ni/789600-18211/27259381,0,300035.74,Active,https://www.newark.com/ni-now-part-of-emerson/789600-18211/vector-sgnl-transceiver-pxie-5842/dp/87AK1894,0,216476,DIRECT_SHIP,0,False,Active,09-30-2026,Inactive
781341-01,https://www.digikey.com/en/products/detail/ni/781341-01/16647295,0,3667.36,Active,https://www.newark.com/ni-now-part-of-emerson/781341-01/camera-link-adapter-mod-flexrio/dp/14AJ5292,0,2646,DIRECT_SHIP,0,False,Active,09-30-2026,Inactive
782015-01,https://www.digikey.com/en/products/detail/ni/782015-01/16647767,0,446.29,Active,https://www.newark.com/ni-now-part-of-emerson/782015-01/test-cable-assembly-multifunction/dp/14AJ5454,0,322,DIRECT_SHIP,0,False,Active,09-30-2026,Inactive
866576-03,https://www.digikey.com/en/products/detail/ni/866576-03/27259430,0,10037.41,Active,https://www.newark.com/ni-now-part-of-emerson/866576-03/vehicle-temp-bundle/dp/87AK1914,0,7242,DIRECT_SHIP,0,False,Active,09-30-2026,Inactive
779455-01,https://www.digikey.com/en/products/detail/ni/779455-01/15219117,0,1381.84,Active,https://www.newark.com/ni-now-part-of-emerson/779455-01/encl-ni-9918-windowed-door-w-panel/dp/14AJ4879,0,997,DIRECT_SHIP,0,False,Active,09-30-2026,Inactive
785024-01,https://www.digikey.com/en/products/detail/ni/785024-01/12817685,31,645.75,Active,https://www.newark.com,0,0,,31,True,Active,09-30-2026,Active
784068-01,https://www.digikey.com/en/products/detail/ni/784068-01/16818595,48,151.88,Active,https://www.newark.com,0,0,,48,True,Active,09-30-2026,Active
471-059,https://www.digikey.com/en/products/detail/digilent-inc/471-059/26115434,7,429,Active,https://www.newark.com,0,0,,7,True,Active,09-30-2026,Active
784062-01,https://www.digikey.com/en/products/detail/ni/784062-01/16648507,0,15933.46,Active,https://www.newark.com/ni-now-part-of-emerson/784062-01/flexrio-digitizer-adapter-module/dp/13AJ4106,0,11496,DIRECT_SHIP,0,False,Active,09-30-2026,Inactive
779334-02,https://www.digikey.com/en/products/detail/ni/779334-02/15219099,1,1378.12,Active,https://www.newark.com,0,0,,1,True,Active,09-30-2026,Active
787174-01,https://www.digikey.com/en/products/detail/ni/787174-01/27259395,0,28686.04,Active,https://www.newark.com/ni-now-part-of-emerson/787174-01/controller-pxi-pxie-8880/dp/14AJ6395,0,20697,DIRECT_SHIP,0,False,Active,09-30-2026,Inactive
780315-01,https://www.digikey.com/en/products/detail/ni/780315-01/16647710,0,485.1,Active,https://www.newark.com/ni-now-part-of-emerson/780315-01/carrying-case-rugged-case-0750/dp/13AJ3925,0,350,DIRECT_SHIP,0,False,Active,09-30-2026,Inactive
788380-35,https://www.digikey.com/en/products/detail/ni/788380-35/18709797,0,2824.82,Active,https://www.newark.com/ni-now-part-of-emerson/788380-35/test-software-circuit-design-suite/dp/95AJ6866,0,2210,STOCKED,0,False,Active,09-30-2026,Inactive
782578-02,https://www.digikey.com/en/products/detail/ni/782578-02/16648471,1,151.88,Active,https://www.newark.com,0,0,,1,True,Active,09-30-2026,Active
784253-01,https://www.digikey.com/en/products/detail/ni/784253-01/16648385,1,590,Active,https://www.newark.com,0,0,,1,True,Active,09-30-2026,Active
782914-01,https://www.digikey.com/en/products/detail/ni/782914-01/16818581,8,848.25,Active,https://www.newark.com,0,0,,8,True,Active,09-30-2026,Active
781030-01,https://www.digikey.com/en/products/detail/ni/781030-01/15218847,8,1094.62,Active,https://www.newark.com,0,0,,8,True,Active,09-30-2026,Active
784803-01,https://www.digikey.com/en/products/detail/ni/784803-01/16648645,0,19079.68,Active,https://www.newark.com/ni-now-part-of-emerson/784803-01/ballard-arinc429-16-channel/dp/14AK5364,0,13766,DIRECT_SHIP,0,False,Active,09-30-2026,Inactive
780164-01,https://www.digikey.com/en/products/detail/ni/780164-01/16648069,2,6097.5,Active,https://www.newark.com,0,0,,2,True,Active,09-30-2026,Active
782316-04,https://www.digikey.com/en/products/detail/ni/782316-04/15219010,7,160.88,Active,https://www.newark.com,0,0,,7,True,Active,09-30-2026,Active
6069-410-144,https://www.digikey.com/en/products/detail/digilent-inc/6069-410-144/23334414,0,2435.9,Active,https://www.newark.com,0,0,,0,False,Active,09-30-2026,Inactive
6069-410-080,https://www.digikey.com/en/products/detail/digilent-inc/6069-410-080/23334336,7,279,Active,https://www.newark.com,0,0,,7,True,Active,09-30-2026,Active
780539-10,https://www.digikey.com/en/products/detail/ni/780539-10/18709750,0,8982,Active,https://www.newark.com/ni-now-part-of-emerson/780539-10/digital-i-p-o-p-module-c-series/dp/14AJ5111,0,7984,DIRECT_SHIP,0,False,Active,09-30-2026,Inactive
778548-3505,https://www.digikey.com/en/products/detail/ni/778548-3505/18709932,0,2031.06,Active,https://www.newark.com/ni-now-part-of-emerson/778548-3505/test-software-switch-executive/dp/14AJ7432,0,1589,STOCKED,0,False,Active,09-30-2026,Inactive
784400-02,https://www.digikey.com/en/products/detail/ni/784400-02/15218873,6,3345.75,Active,https://www.newark.com,0,0,,6,True,Active,09-30-2026,Active
779516-02,https://www.digikey.com/en/products/detail/ni/779516-02/15218870,2,1479.38,Active,https://www.newark.com,0,0,,2,True,Active,09-30-2026,Active
777141-01,https://www.digikey.com/en/products/detail/ni/777141-01/12817630,29,374.62,Active,https://www.newark.com,0,0,,29,True,Active,09-30-2026,Active
780468-01,https://www.digikey.com/en/products/detail/ni/780468-01/16647897,1,2721.38,Active,https://www.newark.com,0,0,,1,True,Active,09-30-2026,Active
867121-01,https://www.digikey.com/en/products/detail/ni/867121-01/16916066,0,17179.88,Active,https://www.newark.com/ni-now-part-of-emerson/867121-01/waveform-gen-bundle-pxi-2ch-40mhz/dp/60AK9640,0,15271,DIRECT_SHIP,0,False,Active,09-30-2026,Inactive
182238-01,https://www.digikey.com/en/products/detail/ni/182238-01/16648815,0,66.38,Active,https://www.newark.com/ni-now-part-of-emerson/182238-01/test-cable-assembly-serial-cable/dp/13AJ3368,0,60.18,DIRECT_SHIP,0,False,Active,09-30-2026,Inactive
778476-44,https://www.digikey.com/en/products/detail/ni/778476-44/16647413,0,1890.5,Active,https://www.newark.com/ni-now-part-of-emerson/778476-44/serial-interface-device-usb-485/dp/13AJ3743,0,1364,DIRECT_SHIP,0,False,Active,09-30-2026,Inactive
777960-01,https://www.digikey.com/en/products/detail/ni/777960-01/12817708,3,931.5,Active,https://www.newark.com,0,0,,3,True,Active,09-30-2026,Active
788199-01,https://www.digikey.com/en/products/detail/ni/788199-01/27259496,0,145.53,Active,https://www.newark.com/ni-now-part-of-emerson/788199-01/test-cable-assembly-1m/dp/24AM0236,0,107.1,DIRECT_SHIP,0,False,Active,09-30-2026,Inactive
789917-01,https://www.digikey.com/en/products/detail/ni/789917-01/29271535,0,59535,Active,https://www.newark.com/ni-now-part-of-emerson/789917-01/software-define-radio-usrp-x420/dp/10AN1355,0,53978.4,DIRECT_SHIP,0,False,Active,09-30-2026,Inactive
788302-10,https://www.digikey.com/en/products/detail/ni/788302-10/27259641,0,4717.94,Active,https://www.newark.com/ni-now-part-of-emerson/788302-10/mxi-express-cable-gen-3-x4-fiber/dp/70AK6394,0,3472.08,DIRECT_SHIP,0,False,Active,09-30-2026,Inactive
789600-08110,https://www.digikey.com/en/products/detail/ni/789600-08110/27259332,0,116897.04,Active,https://www.newark.com/ni-now-part-of-emerson/789600-08110/vector-sgnl-transceiver-pxie-5842/dp/87AK1872,0,108238,DIRECT_SHIP,0,False,Active,09-30-2026,Inactive
188859-01,https://www.digikey.com/en/products/detail/ni/188859-01/16647863,1,184.5,Active,https://www.newark.com,0,0,,1,True,Active,09-30-2026,Active
789600-12501,https://www.digikey.com/en/products/detail/ni/789600-12501/27259244,0,132369.93,Active,https://www.newark.com/ni-now-part-of-emerson/789600-12501/vector-sgnl-transceiver-pxie-5842/dp/87AK1886,0,95505,DIRECT_SHIP,0,False,Active,09-30-2026,Inactive
780922-02,https://www.digikey.com/en/products/detail/ni/780922-02/18710731,0,1382.62,Active,https://www.newark.com/ni-now-part-of-emerson/780922-02/serial-interface-module-c-series/dp/14AJ5174,0,1229,DIRECT_SHIP,0,False,Active,09-30-2026,Inactive
182482-0R25,https://www.digikey.com/en/products/detail/ni/182482-0R25/16647326,10,155.25,Active,https://www.newark.com,0,0,,10,True,Active,09-30-2026,Active
787881-01,https://www.digikey.com/en/products/detail/ni/787881-01/16842318,0,4572,Active,https://www.newark.com/ni-now-part-of-emerson/787881-01/controller-pxi-chassis-pxie-8822/dp/59AK2826,0,4145.28,DIRECT_SHIP,0,False,Active,09-30-2026,Inactive
784957-01,https://www.digikey.com/en/products/detail/ni/784957-01/18709999,0,884.26667,Active,https://www.newark.com/ni-now-part-of-emerson/784957-01/tb-tb-4309-pxie-4309-analog-input/dp/14AJ6012,0,638,DIRECT_SHIP,0,False,Active,09-30-2026,Inactive
782856-03,https://www.digikey.com/en/products/detail/ni/782856-03/16647642,0,19032.55,Active,https://www.newark.com/ni-emerson/782856-03/ni-pxie-4139-40w-system-smu-with/dp/37AJ6453,0,13732,DIRECT_SHIP,0,False,Active,09-30-2026,Inactive
788176-01,https://www.digikey.com/en/products/detail/ni/788176-01/27259696,0,6112.26,Active,https://www.newark.com/ni-now-part-of-emerson/788176-01/test-accessory-1ch-60v-10a-300w/dp/24AM0180,0,4410,DIRECT_SHIP,0,False,Active,09-30-2026,Inactive
783865-01,https://www.digikey.com/en/products/detail/ni/783865-01/16648481,1,5501.25,Active,https://www.newark.com,0,0,,1,True,Active,09-30-2026,Active
867114-02,https://www.digikey.com/en/products/detail/ni/867114-02/16916045,0,5572.12,Active,https://www.newark.com,0,0,,0,False,Active,09-30-2026,Inactive
779006-01,https://www.digikey.com/en/products/detail/ni/779006-01/15219208,3,849.38,Active,https://www.newark.com,0,0,,3,True,Active,09-30-2026,Active
780992-02,https://www.digikey.com/en/products/detail/ni/780992-02/16648025,0,19221.05,Active,https://www.newark.com/ni-now-part-of-emerson/780992-02/digital-waveform-instrument-pxie/dp/14AJ5185,0,13868,DIRECT_SHIP,0,False,Active,09-30-2026,Inactive
781098-02,https://www.digikey.com/en/products/detail/ni/781098-02/15218850,10,2679.75,Active,https://www.newark.com,0,0,,10,True,Active,09-30-2026,Active
782888-01,https://www.digikey.com/en/products/detail/ni/782888-01/16648799,0,1025.64,Active,https://www.newark.com/ni-now-part-of-emerson/782888-01/test-psu-auxiliary-replacement/dp/15AJ5780,1,707.11,DIRECT_SHIP,1,True,Active,09-30-2026,Active
779353-01,https://www.digikey.com/en/products/detail/ni/779353-01/12817736,3,104.62,Active,https://www.newark.com,0,0,,3,True,Active,09-30-2026,Active
786775-01,https://www.digikey.com/en/products/detail/ni/786775-01/16647405,0,1860.01,Active,https://www.newark.com/ni-now-part-of-emerson/786775-01/solid-state-driver-m-2-80mm-nvme/dp/14AJ6327,0,1342,DIRECT_SHIP,0,False,Active,09-30-2026,Inactive
783732-01,https://www.digikey.com/en/products/detail/ni/783732-01/15218952,4,1372.5,Active,https://www.newark.com,0,0,,4,True,Active,09-30-2026,Active
779051-01,https://www.digikey.com/en/products/detail/ni/779051-01/12817874,67,578.25,Active,https://www.newark.com,0,0,,67,True,Active,09-30-2026,Active
134075-01,https://www.digikey.com/en/products/detail/ni/134075-01/18710759,0,257.62,Active,https://www.newark.com/ni-now-part-of-emerson/134075-01/test-accessory-side-mount-bracket/dp/32AK4707,0,229,DIRECT_SHIP,0,False,Active,09-30-2026,Inactive
786351-01,https://www.digikey.com/en/products/detail/ni/786351-01/18710340,0,58.21,Active,https://www.newark.com/ni-now-part-of-emerson/786351-01/test-cable-assembly-power-cable/dp/14AJ6269,0,42,DIRECT_SHIP,0,False,Active,09-30-2026,Inactive
6069-410-017,https://www.digikey.com/en/products/detail/digilent-inc/6069-410-017/16076153,17,809,Active,https://www.newark.com,0,0,,17,True,Active,09-30-2026,Active
779581-01,https://www.digikey.com/en/products/detail/ni/779581-01/18709802,0,65.25,Active,https://www.newark.com/ni-now-part-of-emerson/779581-01/test-cable-assembly-digital-cable/dp/14AJ4900,0,58,DIRECT_SHIP,0,False,Active,09-30-2026,Inactive
777601-01,https://www.digikey.com/en/products/detail/ni/777601-01/18710149,1,119.25,Active,https://www.newark.com,0,0,,1,True,Active,09-30-2026,Active
778547-35WP,https://www.digikey.com/en/products/detail/ni/778547-35WP/27259511,0,815.49,Active,https://www.newark.com/ni-now-part-of-emerson/778547-35wp/test-software-physical-delivery/dp/13AM5962,0,638,STOCKED,0,False,Active,09-30-2026,Inactive
785606-01,https://www.digikey.com/en/products/detail/ni/785606-01/16647613,0,39276.47,Active,https://www.newark.com/ni-now-part-of-emerson/785606-01/usrp-2974-high-performance-embedded/dp/27AJ2549,0,28338,DIRECT_SHIP,0,False,Active,09-30-2026,Inactive
778694-35,https://www.digikey.com/en/products/detail/ni/778694-35/27259674,0,6688.82,Active,https://www.newark.com/ni-now-part-of-emerson/778694-35/test-software-labview-fpga-module/dp/15AJ5408,0,5233,STOCKED,0,False,Active,09-30-2026,Inactive
781066-35,https://www.digikey.com/en/products/detail/ni/781066-35/27259400,0,9701.54,Active,https://www.newark.com/ni-now-part-of-emerson/781066-35/test-software/dp/15AJ5424,0,7741.8,STOCKED,0,False,Active,09-30-2026,Inactive
182419-02,https://www.digikey.com/en/products/detail/ni/182419-02/18710553,0,512.82,Active,https://www.newark.com/ni-now-part-of-emerson/182419-02/test-cable-assembly-multifunction/dp/13AJ3372,0,370,DIRECT_SHIP,0,False,Active,09-30-2026,Inactive
867011-01,https://www.digikey.com/en/products/detail/ni/867011-01/16675071,0,9069.75,Active,https://www.newark.com/ni-now-part-of-emerson/867011-01/pc-usb-oscilloscope-8-bits-pxie/dp/47AK5805,0,8062,DIRECT_SHIP,0,False,Active,09-30-2026,Inactive
6069-410-032,https://www.digikey.com/en/products/detail/digilent-inc/6069-410-032/16740073,23,509,Active,https://www.newark.com,0,0,,23,True,Active,09-30-2026,Active
777774-35,https://www.digikey.com/en/products/detail/ni/777774-35/18710281,0,1095.42,Active,https://www.newark.com/ni-now-part-of-emerson/777774-35/test-software-teststand-base-edition/dp/14AJ7301,0,857,STOCKED,0,False,Active,09-30-2026,Inactive
782955-01,https://www.digikey.com/en/products/detail/ni/782955-01/16648283,1,24321.38,Active,https://www.newark.com,0,0,,1,True,Active,09-30-2026,Active
781365-01,https://www.digikey.com/en/products/detail/ni/781365-01/16647839,1,4017.38,Active,https://www.newark.com,0,0,,1,True,Active,09-30-2026,Active
789600-18510,https://www.digikey.com/en/products/detail/ni/789600-18510/27259517,0,123773.4,Active,https://www.newark.com/ni-now-part-of-emerson/789600-18510/vector-sgnl-transceiver-pxie-5842/dp/87AK1896,0,114605,DIRECT_SHIP,0,False,Active,09-30-2026,Inactive
6069-410-124,https://www.digikey.com/en/products/detail/digilent-inc/6069-410-124/23334376,0,2135.6,Active,https://www.newark.com,0,0,,0,False,Active,09-30-2026,Inactive
786187-01,https://www.digikey.com/en/products/detail/ni/786187-01/16648686,0,139.98611,Active,https://www.newark.com/ni-now-part-of-emerson/786187-01/blank-panel-for-rmx-410x-rackmount/dp/82AJ0177,0,101,DIRECT_SHIP,0,False,Active,09-30-2026,Inactive
786458-01,https://www.digikey.com/en/products/detail/ni/786458-01/16647736,0,14813.57,Active,https://www.newark.com/ni-now-part-of-emerson/786458-01/multifunction-i-o-device-reconfigurable/dp/14AJ6295,0,10688,DIRECT_SHIP,0,False,Active,09-30-2026,Inactive
196275-01,https://www.digikey.com/en/products/detail/ni/196275-01/16647412,11,965.25,Active,https://www.newark.com,0,0,,11,True,Active,09-30-2026,Active
789546-01,https://www.digikey.com/en/products/detail/ni/789546-01/27259525,0,10758.96,Active,https://www.newark.com/ni-now-part-of-emerson/789546-01/pxie-8862-2-6-ghz-8-core-i7-controller/dp/83AK6683,0,10161.24,DIRECT_SHIP,0,False,Active,09-30-2026,Inactive
6069-240-010,https://www.digikey.com/en/products/detail/digilent-inc/6069-240-010/23334446,1,309,Active,https://www.newark.com,0,0,,1,True,Active,09-30-2026,Active
785023-01,https://www.digikey.com/en/products/detail/ni/785023-01/16647495,0,33.75,Active,https://www.newark.com/ni-now-part-of-emerson/785023-01/test-accessory-pwr-cord-us/dp/27AJ2534,40,30.6,DIRECT_SHIP,40,True,Active,09-30-2026,Active
778694-35WM,https://www.digikey.com/en/products/detail/ni/778694-35WM/27259498,0,0,Discontinued at DigiKey,https://www.newark.com/ni-now-part-of-emerson/778694-35wm/test-software-labview-fpga-module/dp/14AJ7510,0,5233,STOCKED,0,False,Active,09-30-2026,Inactive
6069-410-086,https://www.digikey.com/en/products/detail/digilent-inc/6069-410-086/23334333,1,1739.01,Active,https://www.newark.com,0,0,,1,True,Active,09-30-2026,Active
788816-01,https://www.digikey.com/en/products/detail/ni/788816-01/27259320,3,11209.97,Active,https://www.newark.com,0,0,,3,True,Active,09-30-2026,Active
776678-35,https://www.digikey.com/en/products/detail/ni/776678-35/15668179,0,6931,Obsolete,https://www.newark.com/ni-now-part-of-emerson/776678-35/test-software-labview-professional/dp/15AJ5392,0,9625,STOCKED,0,False,Active,09-30-2026,Inactive
788385-35WM,https://www.digikey.com/en/products/detail/ni/788385-35WM/18710377,0,1626.8,Discontinued at DigiKey,https://www.newark.com/ni-now-part-of-emerson/788385-35wm/test-software-measurement-studio/dp/95AJ6873,0,1647,STOCKED,0,False,Active,09-30-2026,Inactive
783565-01,https://www.digikey.com/en/products/detail/ni/783565-01/16648227,0,98.41,Active,https://www.newark.com/ni-now-part-of-emerson/783565-01/virtualbench-accessory-kit/dp/14AJ5756,0,71,DIRECT_SHIP,0,False,Active,09-30-2026,Inactive
786664-01,https://www.digikey.com/en/products/detail/ni/786664-01/18710593,0,6656.96,Active,https://www.newark.com/ni-now-part-of-emerson/786664-01/emv-test-picc-2-antenna-for-emv/dp/37AJ7433,0,4803,DIRECT_SHIP,0,False,Active,09-30-2026,Inactive
780159-01,https://www.digikey.com/en/products/detail/ni/780159-01/15218898,27,3971.25,Active,https://www.newark.com,0,0,,27,True,Active,09-30-2026,Active
788898-01,https://www.digikey.com/en/products/detail/ni/788898-01/27259575,0,3333.33,Active,https://www.newark.com/ni-now-part-of-emerson/788898-01/test-license-key-upgrade-1tb/dp/87AK1860,0,2405,DIRECT_SHIP,0,False,Active,09-30-2026,Inactive
779822-35,https://www.digikey.com/en/products/detail/ni/779822-35/27259467,0,10681.92,Active,https://www.newark.com/ni-now-part-of-emerson/779822-35/test-software-multisim/dp/15AJ5420,0,8524.14,STOCKED,0,False,Active,09-30-2026,Inactive
867011-04,https://www.digikey.com/en/products/detail/ni/867011-04/27259262,0,11173.93,Active,https://www.newark.com,0,0,,0,False,Active,09-30-2026,Inactive
783466-01,https://www.digikey.com/en/products/detail/ni/783466-01/15219105,4,2550.38,Active,https://www.newark.com,0,0,,4,True,Active,09-30-2026,Active
781699-01,https://www.digikey.com/en/products/detail/ni/781699-01/16648762,1,5806.12,Active,https://www.newark.com,0,0,,1,True,Active,09-30-2026,Active
790063-01,https://www.digikey.com,0,0,,https://www.newark.com/ni-now-part-of-emerson/790063-01/backshell-2pos-snap-in-terminal/dp/51AM2825,0,30.6,DIRECT_SHIP,0,False,Active,09-30-2026,Inactive
867111-04,https://www.digikey.com/en/products/detail/ni/867111-04/18710006,0,19841.98,Active,https://www.newark.com,0,0,,0,False,Active,09-30-2026,Inactive
787102-35,https://www.digikey.com/en/products/detail/ni/787102-35/18709863,0,6173.71,Active,https://www.newark.com/ni-now-part-of-emerson/787102-35/test-software-vision-software/dp/15AJ1763,0,4830,STOCKED,0,False,Active,09-30-2026,Inactive
781052-01,https://www.digikey.com/en/products/detail/ni/781052-01/16648015,6,2610,Active,https://www.newark.com,0,0,,6,True,Active,09-30-2026,Active
866574-16P,https://www.digikey.com/en/products/detail/ni/866574-16P/27259518,0,5222.45,Active,https://www.newark.com/ni-now-part-of-emerson/866574-16p/ni-electronics-power-validation/dp/86AK2077,0,3768,DIRECT_SHIP,0,False,Active,09-30-2026,Inactive
779891-01,https://www.digikey.com/en/products/detail/ni/779891-01/18710240,1,1667.25,Active,https://www.newark.com,0,0,,1,True,Active,09-30-2026,Active
868106-05C,https://www.digikey.com/en/products/detail/ni/868106-05C/27259233,0,86550.16,Active,https://www.newark.com,0,0,,0,False,Active,09-30-2026,Inactive
6069-410-025,https://www.digikey.com/en/products/detail/digilent-inc/6069-410-025/16970338,48,559,Active,https://www.newark.com,0,0,,48,True,Active,09-30-2026,Active
789600-26511,https://www.digikey.com/en/products/detail/ni/789600-26511/27259573,0,185660.64,Active,https://www.newark.com/ni-now-part-of-emerson/789600-26511/vector-sgnl-transceiver-pxie-5842/dp/87AK1906,0,171908,DIRECT_SHIP,0,False,Active,09-30-2026,Inactive
787470-01,https://www.digikey.com/en/products/detail/ni/787470-01/18710468,0,156.61813,Active,https://www.newark.com/ni-now-part-of-emerson/787470-01/1u-brush-cable-entry-panel-for/dp/47AK3186,0,113,DIRECT_SHIP,0,False,Active,09-30-2026,Inactive
867123-01,https://www.digikey.com/en/products/detail/ni/867123-01/16916067,0,8741.25,Active,https://www.newark.com/ni-now-part-of-emerson/867123-01/multifunction-i-o-bundle-pxie/dp/60AK9642,0,7770,DIRECT_SHIP,0,False,Active,09-30-2026,Inactive
865665-01,https://www.digikey.com/en/products/detail/ni/865665-01/15856507,6,5569.33,Active,https://www.newark.com,0,0,,6,True,Active,09-30-2026,Active
143245-01,https://www.digikey.com/en/products/detail/ni/143245-01/15219056,0,195.43,Active,https://www.newark.com/ni-now-part-of-emerson/143245-01/panel-mnt-kit-8-slot-crio-903x/dp/13AJ3186,0,141,DIRECT_SHIP,0,False,Active,09-30-2026,Inactive
785993-01,https://www.digikey.com/en/products/detail/ni/785993-01/15218966,142,18.84,Active,https://www.newark.com,0,0,,142,True,Active,09-30-2026,Active
786012-01,https://www.digikey.com/en/products/detail/ni/786012-01/16648811,0,6489.25,Active,https://www.newark.com/ni-now-part-of-emerson/786012-01/rmx-4102-2u-dc-power-supply-1/dp/70AJ5395,0,4682,DIRECT_SHIP,0,False,Active,09-30-2026,Inactive
790657-0118,https://www.digikey.com/en/products/detail/ni/790657-0118/28173887,0,7207.2,Active,https://www.newark.com/ni-now-part-of-emerson/790657-0118/controller-pxie-8842-512-gb-6/dp/52AM0123,0,5200,DIRECT_SHIP,0,False,Active,09-30-2026,Inactive
783817-01,https://www.digikey.com/en/products/detail/ni/783817-01/16647962,0,4978.12,Active,https://www.newark.com/ni-now-part-of-emerson/783817-01/controller-compactrio-sbrio-9627/dp/14AJ5817,0,4425,DIRECT_SHIP,0,False,Active,09-30-2026,Inactive
785324-01,https://www.digikey.com/en/products/detail/ni/785324-01/16648369,0,3893.62,Active,https://www.newark.com/ni-now-part-of-emerson/785324-01/interface-device-vehicle-multiprotocol/dp/14AJ6082,0,3461,DIRECT_SHIP,0,False,Active,09-30-2026,Inactive
781320-02,https://www.digikey.com/en/products/detail/ni/781320-02/16647465,0,8953.56,Active,https://www.newark.com/ni-now-part-of-emerson/781320-02/digital-i-o-adapter-mod-flexrio/dp/14AJ5284,0,6460,DIRECT_SHIP,0,False,Active,09-30-2026,Inactive
785713-0212,https://www.digikey.com/en/products/detail/ni/785713-0212/18710251,0,63.76,Active,https://www.newark.com/ni-now-part-of-emerson/785713-0212/test-cable-assembly-power-cable/dp/14AJ6169,0,46,DIRECT_SHIP,0,False,Active,09-30-2026,Inactive
784171-01,https://www.digikey.com/en/products/detail/ni/784171-01/18710171,0,519.75,Active,https://www.newark.com/ni-now-part-of-emerson/784171-01/pcb-lightweight-cable-10-ft-w/dp/54AJ8788,0,375,DIRECT_SHIP,0,False,Active,09-30-2026,Inactive
783531-01,https://www.digikey.com/en/products/detail/ni/783531-01/16648065,2,8498.25,Active,https://www.newark.com,0,0,,2,True,Active,09-30-2026,Active
783668-01,https://www.digikey.com/en/products/detail/ni/783668-01/18710382,1,135,Active,https://www.newark.com,0,0,,1,True,Active,09-30-2026,Active
783907-01,https://www.digikey.com/en/products/detail/ni/783907-01/15218897,61,231.75,Active,https://www.newark.com,0,0,,61,True,Active,09-30-2026,Active
785962-01,https://www.digikey.com/en/products/detail/ni/785962-01/16648678,0,46748.39,Active,https://www.newark.com/ni-now-part-of-emerson/785962-01/pcie-5764-flexrio-digitizer-4/dp/37AJ7210,0,33729,DIRECT_SHIP,0,False,Active,09-30-2026,Inactive
6069-410-175,https://www.digikey.com/en/products/detail/digilent-inc/6069-410-175/23334362,0,2678.44,Active,https://www.newark.com,0,0,,0,False,Active,09-30-2026,Inactive
6002-410-031,https://www.digikey.com/en/products/detail/digilent-inc/6002-410-031/16978083,1,185,Active,https://www.newark.com,0,0,,1,True,Active,09-30-2026,Active
783634-01,https://www.digikey.com/en/products/detail/ni/783634-01/16647783,1,14074.88,Active,https://www.newark.com,0,0,,1,True,Active,09-30-2026,Active
6069-410-016,https://www.digikey.com/en/products/detail/digilent-inc/6069-410-016/16074842,77,579,Active,https://www.newark.com,0,0,,77,True,Active,09-30-2026,Active
745685-T02,https://www.digikey.com/en/products/detail/ni/745685-T02/16648573,0,234.23,Active,https://www.newark.com/ni-now-part-of-emerson/745685-t02/t-type-thermocouples-ungrounded/dp/47AK3066,0,169,DIRECT_SHIP,0,False,Active,09-30-2026,Inactive
868003-03,https://www.digikey.com/en/products/detail/ni/868003-03/27259387,0,49739.38,Active,https://www.newark.com/ni-now-part-of-emerson/868003-03/labview-bundle-usrp-x410-6g-research/dp/87AK1937,0,35887,DIRECT_SHIP,0,False,Active,09-30-2026,Inactive
867110-04,https://www.digikey.com/en/products/detail/ni/867110-04/18710156,0,17114.33,Active,https://www.newark.com,0,0,,0,False,Active,09-30-2026,Inactive
783362-01,https://www.digikey.com/en/products/detail/ni/783362-01/15219103,3,2244.38,Active,https://www.newark.com,0,0,,3,True,Active,09-30-2026,Active
785946-01,https://www.digikey.com/en/products/detail/ni/785946-01/16648574,0,189.88,Active,https://www.newark.com/ni-now-part-of-emerson/785946-01/ip67-gigabit-ethernet-shielded/dp/47AK3144,0,137,DIRECT_SHIP,0,False,Active,09-30-2026,Inactive
158293-01,https://www.digikey.com/en/products/detail/ni/158293-01/15219060,0,497.57,Active,https://www.newark.com/ni-now-part-of-emerson/158293-01/test-cable-assembly-display-cable/dp/13AJ3330,0,359,DIRECT_SHIP,0,False,Active,09-30-2026,Inactive
781915-01,https://www.digikey.com/en/products/detail/ni/781915-01/16818617,1,175.5,Active,https://www.newark.com,0,0,,1,True,Active,09-30-2026,Active
781443-01,https://www.digikey.com/en/products/detail/ni/781443-01/12817875,2,4548.38,Active,https://www.newark.com,0,0,,2,True,Active,09-30-2026,Active
410-299,https://www.digikey.com/en/products/detail/digilent-inc/410-299/5015666,1458,62,Active,https://www.newark.com,0,0,,1458,True,Active,09-30-2026,Active
6069-410-027,https://www.digikey.com/en/products/detail/digilent-inc/6069-410-027/16970343,27,1739.01,Active,https://www.newark.com,0,0,,27,True,Active,09-30-2026,Active
867121-03,https://www.digikey.com/en/products/detail/ni/867121-03/16916053,0,17179.88,Active,https://www.newark.com/ni-now-part-of-emerson/867121-03/waveform-gen-bundle-pxie-awg5103/dp/87AK1929,0,15271,DIRECT_SHIP,0,False,Active,09-30-2026,Inactive
780570-01,https://www.digikey.com/en/products/detail/ni/780570-01/12817689,2,2265.75,Active,https://www.newark.com,0,0,,2,True,Active,09-30-2026,Active
781722-01,https://www.digikey.com/en/products/detail/ni/781722-01/15219028,0,113.65182,Active,https://www.newark.com/ni-now-part-of-emerson/781722-01/horizontal-panel-mnt-kit-9181/dp/14AJ5401,0,82,DIRECT_SHIP,0,False,Active,09-30-2026,Inactive
782289-01,https://www.digikey.com/en/products/detail/ni/782289-01/18710334,0,347.89,Active,https://www.newark.com/ni-now-part-of-emerson/782289-01/basler-power-cable-6-pin-hirose/dp/37AJ7898,0,251,DIRECT_SHIP,0,False,Active,09-30-2026,Inactive
779988-01,https://www.digikey.com/en/products/detail/ni/779988-01/16648410,0,7385.99,Active,https://www.newark.com/ni-now-part-of-emerson/779988-01/digital-i-o-module-pxie-6536-32/dp/13AJ3904,0,5329,DIRECT_SHIP,0,False,Active,09-30-2026,Inactive
875429-01,https://www.digikey.com,0,0,,https://www.newark.com,0,0,,0,False,Obsolete,09-30-2026,Inactive
6069-410-092,https://www.digikey.com/en/products/detail/digilent-inc/6069-410-092/23334463,1,409,Active,https://www.newark.com,0,0,,1,True,Active,09-30-2026,Active
782383-01,https://www.digikey.com/en/products/detail/ni/782383-01/16647774,1,16148.25,Active,https://www.newark.com,0,0,,1,True,Active,09-30-2026,Active
779826-35WM,https://www.digikey.com/en/products/detail/ni/779826-35WM/27259254,0,0,Discontinued at DigiKey,https://www.newark.com/ni-now-part-of-emerson/779826-35wm/test-software-ultiboard-software/dp/24AM0221,0,6583,STOCKED,0,False,Active,09-30-2026,Inactive
868063-05,https://www.digikey.com/en/products/detail/ni/868063-05/27259394,0,33762.96,Active,https://www.newark.com/ni-now-part-of-emerson/868063-05/usrp-n321-oai-bundle-for-5g6g/dp/87AK1944,0,24360,DIRECT_SHIP,0,False,Active,09-30-2026,Inactive
789600-26501,https://www.digikey.com/en/products/detail/ni/789600-26501/27259470,0,194141.18,Active,https://www.newark.com,0,0,,0,False,Active,09-30-2026,Inactive
779969-01,https://www.digikey.com/en/products/detail/ni/779969-01/16647485,0,2782.12,Active,https://www.newark.com/ni-now-part-of-emerson/779969-01/oscilloscope-device-usb-5132-50/dp/14AJ5001,0,2473,DIRECT_SHIP,0,False,Active,09-30-2026,Inactive
410-064,https://www.digikey.com/en/products/detail/digilent-inc/410-064/3902823,208,32,Active,https://www.newark.com,0,0,,208,True,Active,09-30-2026,Active
782629-01,https://www.digikey.com/en/products/detail/ni/782629-01/16648365,5,3136.5,Active,https://www.newark.com,0,0,,5,True,Active,09-30-2026,Active
152166-02,https://www.digikey.com/en/products/detail/ni/152166-02/16647320,0,92.25,Active,https://www.newark.com/ni-now-part-of-emerson/152166-02/test-cable-assembly-usb-cable/dp/13AJ3219,0,82,DIRECT_SHIP,0,False,Active,09-30-2026,Inactive
785700-10,https://www.digikey.com/en/products/detail/ni/785700-10/16647350,0,1106.03,Active,https://www.newark.com/ni-now-part-of-emerson/785700-10/test-cable-assembly-sfp-cable/dp/14AJ6157,0,798,DIRECT_SHIP,0,False,Active,09-30-2026,Inactive
784224-01,https://www.digikey.com/en/products/detail/ni/784224-01/16648007,1,24631.88,Active,https://www.newark.com,0,0,,1,True,Active,09-30-2026,Active
789153-01,https://www.digikey.com/en/products/detail/ni/789153-01/27381160,1,2138.62,Active,https://www.newark.com,0,0,,1,True,Active,09-30-2026,Active
783902-01,https://www.digikey.com/en/products/detail/ni/783902-01/18710465,0,181902.38,Active,https://www.newark.com/ni-now-part-of-emerson/783902-01/vector-sgnl-analyser-pxie-5668/dp/14AJ5844,0,161691,DIRECT_SHIP,0,False,Active,09-30-2026,Inactive
783406-01,https://www.digikey.com/en/products/detail/ni/783406-01/16647489,0,0,Obsolete,https://www.newark.com/ni-now-part-of-emerson/783406-01/electronics-protoboard/dp/25AK9189,0,863,DIRECT_SHIP,0,False,Active,09-30-2026,Inactive
867014-01,https://www.digikey.com/en/products/detail/ni/867014-01/16675070,0,36160.74,Active,https://www.newark.com,0,0,,0,False,Active,09-30-2026,Inactive
780173-01,https://www.digikey.com/en/products/detail/ni/780173-01/15219198,0,2326.5,Active,https://www.newark.com/ni-now-part-of-emerson/780173-01/voltage-module-c-series-ni-9205/dp/13AJ3920,7,2109.36,DIRECT_SHIP,7,True,Active,09-30-2026,Active
157350-03,https://www.digikey.com/en/products/detail/ni/157350-03/18709811,0,1027.02667,Active,https://www.newark.com/ni-now-part-of-emerson/157350-03/test-cable-assembly-analog-cable/dp/13AJ3295,0,741,DIRECT_SHIP,0,False,Active,09-30-2026,Inactive
185692-01,https://www.digikey.com/en/products/detail/ni/185692-01/16647239,19,91.12,Active,https://www.newark.com,0,0,,19,True,Active,09-30-2026,Active
195846-01,https://www.digikey.com/en/products/detail/ni/195846-01/18710274,7,317.25,Active,https://www.newark.com,0,0,,7,True,Active,09-30-2026,Active
786878-01,https://www.digikey.com/en/products/detail/ni/786878-01/18710640,0,14151.06,Active,https://www.newark.com/ni-now-part-of-emerson/786878-01/usrp-e320-non-tpm-zynq-7045-2x2/dp/27AJ2575,0,10210,DIRECT_SHIP,0,False,Active,09-30-2026,Inactive
780587-26,https://www.digikey.com/en/products/detail/ni/780587-26/16648716,0,5135.13,Active,https://www.newark.com/ni-now-part-of-emerson/780587-26/mux-sw-module-pxie-2526-10mhz/dp/14AJ5126,0,3705,DIRECT_SHIP,0,False,Active,09-30-2026,Inactive
785961-01,https://www.digikey.com/en/products/detail/ni/785961-01/16648539,0,43061.63,Active,https://www.newark.com/ni-now-part-of-emerson/785961-01/pcie-5764-flexrio-digitizer-4/dp/37AJ7208,0,31069,DIRECT_SHIP,0,False,Active,09-30-2026,Inactive
788716-01,https://www.digikey.com/en/products/detail/ni/788716-01/27259692,0,32548.82,Active,https://www.newark.com/ni-now-part-of-emerson/788716-01/interface-module-pxie-1487-8-port/dp/87AK1851,0,23484,DIRECT_SHIP,0,False,Active,09-30-2026,Inactive
778970-01,https://www.digikey.com/en/products/detail/ni/778970-01/12817759,1,886.5,Active,https://www.newark.com,0,0,,1,True,Active,09-30-2026,Active
780986-01,https://www.digikey.com/en/products/detail/ni/780986-01/18710451,0,153,Active,https://www.newark.com/ni-now-part-of-emerson/780986-01/pcb-low-noise-coaxial-cable-10/dp/53AJ6331,0,136,DIRECT_SHIP,0,False,Active,09-30-2026,Inactive
778572-64,https://www.digikey.com/en/products/detail/ni/778572-64/16647625,2,3127.5,Active,https://www.newark.com,0,0,,2,True,Active,09-30-2026,Active
785283-01,https://www.digikey.com/en/products/detail/ni/785283-01/16647434,0,42834.33,Active,https://www.newark.com/ni-now-part-of-emerson/785283-01/digital-pattern-instrument-2-slot/dp/13AJ4134,0,30905,DIRECT_SHIP,0,False,Active,09-30-2026,Inactive
6069-410-057,https://www.digikey.com/en/products/detail/digilent-inc/6069-410-057/16970315,32,419,Active,https://www.newark.com,0,0,,32,True,Active,09-30-2026,Active
790592-01,https://www.digikey.com/en/products/detail/ni/790592-01/27381157,7,2698.88,Active,https://www.newark.com,0,0,,7,True,Active,09-30-2026,Active
783801-01,https://www.digikey.com/en/products/detail/ni/783801-01/16647233,1,7281,Active,https://www.newark.com,0,0,,1,True,Active,09-30-2026,Active
785043-01,https://www.digikey.com/en/products/detail/ni/785043-01/15219012,2,765,Active,https://www.newark.com,0,0,,2,True,Active,09-30-2026,Active
192317-50,https://www.digikey.com/en/products/detail/ni/192317-50/12709345,91,217.12,Active,https://www.newark.com,0,0,,91,True,Active,09-30-2026,Active
781131-04,https://www.digikey.com/en/products/detail/ni/781131-04/18710083,0,889.88,Active,https://www.newark.com/ni-now-part-of-emerson/781131-04/tb-tb-2651/dp/14AJ5239,0,791,DIRECT_SHIP,0,False,Active,09-30-2026,Inactive
861182-01,https://www.digikey.com/en/products/detail/ni/861182-01/18710618,0,90,Active,https://www.newark.com/ni-now-part-of-emerson/861182-01/test-accessory-24awg-tp-j-180/dp/32AK4730,0,80,DIRECT_SHIP,0,False,Active,09-30-2026,Inactive
145233-03,https://www.digikey.com/en/products/detail/ni/145233-03/18710474,0,360.36,Active,https://www.newark.com/ni-now-part-of-emerson/145233-03/test-cable-assembly-camera-cable/dp/13AJ3196,0,260,DIRECT_SHIP,0,False,Active,09-30-2026,Inactive
788263-03,https://www.digikey.com/en/products/detail/ni/788263-03/18710337,0,655.58,Active,https://www.newark.com/ni-now-part-of-emerson/788263-03/qsfp-to-mini-sas-hd-x4-cable-3m/dp/47AK3197,0,473,DIRECT_SHIP,0,False,Active,09-30-2026,Inactive
788512-01,https://www.digikey.com/en/products/detail/ni/788512-01/27259431,0,9585.58,Active,https://www.newark.com/ni-now-part-of-emerson/788512-01/soundvibration-module-pxie-4468/dp/87AK1845,0,6916,DIRECT_SHIP,0,False,Active,09-30-2026,Inactive
782259-01,https://www.digikey.com/en/products/detail/ni/782259-01/12817620,0,4345.88,Active,https://www.newark.com/ni-now-part-of-emerson/782259-01/multifunction-i-o-device-usb-6363/dp/13AJ4014,2,3940.26,DIRECT_SHIP,2,True,Active,09-30-2026,Active
197545-01,https://www.digikey.com/en/products/detail/ni/197545-01/16648830,5,423,Active,https://www.newark.com,0,0,,5,True,Active,09-30-2026,Active
784005-35,https://www.digikey.com/en/products/detail/ni/784005-35/27259645,0,26554.6,Active,https://www.newark.com/ni-now-part-of-emerson/784005-35/test-software/dp/15AJ0932,0,20775,STOCKED,0,False,Active,09-30-2026,Inactive
785825-01,https://www.digikey.com/en/products/detail/ni/785825-01/18710662,0,195.42615,Active,https://www.newark.com/ni-now-part-of-emerson/785825-01/test-cable-assy-gpio-cable-accessory/dp/27AJ2553,0,141,DIRECT_SHIP,0,False,Active,09-30-2026,Inactive
6069-410-245,https://www.digikey.com/en/products/detail/digilent-inc/6069-410-245/23334366,0,12179.48,Active,https://www.newark.com,0,0,,0,False,Active,09-30-2026,Inactive
784996-01,https://www.digikey.com/en/products/detail/ni/784996-01/16648593,0,317.39,Active,https://www.newark.com/ni-now-part-of-emerson/784996-01/test-cable-assembly-coaxial-cable/dp/14AJ6025,0,229,DIRECT_SHIP,0,False,Active,09-30-2026,Inactive
410-328-35,https://www.digikey.com/en/products/detail/digilent-inc/410-328-35/6133793,1066,104,Active,https://www.newark.com,0,0,,1066,True,Active,09-30-2026,Active
781964-02,https://www.digikey.com/en/products/detail/ni/781964-02/12817703,19,1301.62,Active,https://www.newark.com,0,0,,19,True,Active,09-30-2026,Active
780992-03,https://www.digikey.com/en/products/detail/ni/780992-03/16647552,1,18533.25,Active,https://www.newark.com,0,0,,1,True,Active,09-30-2026,Active
875401-01,https://www.digikey.com,0,0,,https://www.newark.com,0,0,,0,False,Obsolete,09-30-2026,Inactive
182805-100,https://www.digikey.com/en/products/detail/ni/182805-100/16647591,0,1769.92,Active,https://www.newark.com/ni-now-part-of-emerson/182805-100/test-cable-assembly-fiber-optic/dp/13AJ3390,0,1277,DIRECT_SHIP,0,False,Active,09-30-2026,Inactive
6069-410-019,https://www.digikey.com/en/products/detail/digilent-inc/6069-410-019/16970321,35,1489.01,Active,https://www.newark.com,0,0,,35,True,Active,09-30-2026,Active
745690-T002,https://www.digikey.com/en/products/detail/ni/745690-T002/16647803,0,87.31793,Active,https://www.newark.com/ni-emerson/745690-t002/t-type-thermocouples-wire-fiberglass/dp/47AK3070,0,0,NO_LONGER_MANUFACTURED,0,False,Active,09-30-2026,Inactive
780214-01,https://www.digikey.com/en/products/detail/ni/780214-01/18709786,2,132.75,Active,https://www.newark.com,0,0,,2,True,Active,09-30-2026,Active
763444-01,https://www.digikey.com/en/products/detail/ni/763444-01/16648897,1,245.25,Active,https://www.newark.com,0,0,,1,True,Active,09-30-2026,Active
788897-01,https://www.digikey.com/en/products/detail/ni/788897-01/27259508,0,1697.85,Active,https://www.newark.com/ni-now-part-of-emerson/788897-01/ssd-pxie-8822-8842-8862-pxi-ctrl/dp/76AK4161,0,1225,DIRECT_SHIP,0,False,Active,09-30-2026,Inactive
786434-01,https://www.digikey.com/en/products/detail/ni/786434-01/16647931,1,1308.38,Active,https://www.newark.com,0,0,,1,True,Active,09-30-2026,Active
786375-01,https://www.digikey.com/en/products/detail/ni/786375-01/16648710,0,19323.61,Active,https://www.newark.com/ni-now-part-of-emerson/786375-01/pxie-5113-pxi-oscilloscope-500/dp/37AJ7392,0,13942,DIRECT_SHIP,0,False,Active,09-30-2026,Inactive
783529-01,https://www.digikey.com/en/products/detail/ni/783529-01/15218941,64,12.38,Active,https://www.newark.com,0,0,,64,True,Active,09-30-2026,Active
785679-01,https://www.digikey.com/en/products/detail/ni/785679-01/16647651,0,2221.88,Active,https://www.newark.com/ni-now-part-of-emerson/785679-01/pxi-remote-control-module-0-c/dp/14AJ6146,6,2014.5,DIRECT_SHIP,6,True,Active,09-30-2026,Active
780534-01,https://www.digikey.com/en/products/detail/ni/780534-01/16647424,3,69.75,Active,https://www.newark.com,0,0,,3,True,Active,09-30-2026,Active
782878-01,https://www.digikey.com/en/products/detail/ni/782878-01/16648117,0,6160.5,Active,https://www.newark.com/ni-now-part-of-emerson/782878-01/analogue-o-p-module-pxie-4322/dp/13AJ4044,0,5585.52,DIRECT_SHIP,0,False,Active,09-30-2026,Inactive
781397-01,https://www.digikey.com/en/products/detail/ni/781397-01/15219034,3,2796.75,Active,https://www.newark.com,0,0,,3,True,Active,09-30-2026,Active
780132-01,https://www.digikey.com/en/products/detail/ni/780132-01/15219153,0,0,Obsolete,https://www.newark.com/ni-now-part-of-emerson/780132-01/digital-module-c-series-ni-9475/dp/13AJ3915,0,871,DIRECT_SHIP,0,False,Active,09-30-2026,Inactive
783496-02,https://www.digikey.com/en/products/detail/ni/783496-02/16648165,1,2630.25,Active,https://www.newark.com,0,0,,1,True,Active,09-30-2026,Active
785727-02,https://www.digikey.com/en/products/detail/ni/785727-02/18710430,0,63.76,Active,https://www.newark.com/ni-now-part-of-emerson/785727-02/power-cord-ac-nema-5-20p-to-bare/dp/75AJ3224,0,46,DIRECT_SHIP,0,False,Active,09-30-2026,Inactive
779669-01,https://www.digikey.com/en/products/detail/ni/779669-01/18710509,0,311.62,Active,https://www.newark.com/ni-now-part-of-emerson/779669-01/test-cable-assembly-ribbon-cable/dp/14AJ4937,0,277,DIRECT_SHIP,0,False,Active,09-30-2026,Inactive
6069-410-007-1,https://www.digikey.com/en/products/detail/digilent-inc/6069-410-007-1/23334341,9,1569.01,Active,https://www.newark.com,0,0,,9,True,Active,09-30-2026,Active
781068-02,https://www.digikey.com/en/products/detail/ni/781068-02/15218838,1,1932.75,Active,https://www.newark.com,0,0,,1,True,Active,09-30-2026,Active
780683-02,https://www.digikey.com/en/products/detail/ni/780683-02/16648433,1,4628.25,Active,https://www.newark.com,0,0,,1,True,Active,09-30-2026,Active
787881-33,https://www.digikey.com/en/products/detail/ni/787881-33/18710587,0,5716.12,Active,https://www.newark.com/ni-now-part-of-emerson/787881-33/pxi-controller-pxie-8822-2-core/dp/62AK6300,0,5182.62,DIRECT_SHIP,0,False,Active,09-30-2026,Inactive
779019-01,https://www.digikey.com/en/products/detail/ni/779019-01/15218892,180,87.75,Active,https://www.newark.com,0,0,,180,True,Active,09-30-2026,Active
868063-03,https://www.digikey.com/en/products/detail/ni/868063-03/27259253,0,26354.79,Active,https://www.newark.com/ni-now-part-of-emerson/868063-03/usrp-n310-oai-bundle-for-5g6g/dp/87AK1942,0,19015,DIRECT_SHIP,0,False,Active,09-30-2026,Inactive
784161-01,https://www.digikey.com/en/products/detail/ni/784161-01/15219130,0,9.424,Active,https://www.newark.com/ni-now-part-of-emerson/784161-01/pwr-conn-9218-lemo-univ-measurements/dp/14AJ5891,0,34,DIRECT_SHIP,0,False,Active,09-30-2026,Inactive
778649-35WM,https://www.digikey.com/en/products/detail/ni/778649-35WM/27259201,0,0,Discontinued at DigiKey,https://www.newark.com/ni-now-part-of-emerson/778649-35wm/test-software/dp/14AJ7493,0,4132,STOCKED,0,False,Active,09-30-2026,Inactive
786912-01,https://www.digikey.com/en/products/detail/ni/786912-01/18710680,0,6852.38,Active,https://www.newark.com/ni-now-part-of-emerson/786912-01/gateway-mon-10496-1-port-10mbps/dp/14AJ6342,0,4944,DIRECT_SHIP,0,False,Active,09-30-2026,Inactive
783410-01,https://www.digikey.com/en/products/detail/ni/783410-01/15219018,0,650.03,Active,https://www.newark.com/ni-now-part-of-emerson/783410-01/screw-terminal-adapter-ni-9982/dp/14AJ5711,0,469,DIRECT_SHIP,0,False,Active,09-30-2026,Inactive
782465-01,https://www.digikey.com/en/products/detail/ni/782465-01/18710094,0,227.25,Active,https://www.newark.com/ni-now-part-of-emerson/782465-01/conn-2x2-micro-fit-dmm/dp/14AJ5560,0,202,DIRECT_SHIP,0,False,Active,09-30-2026,Inactive
781210-01,https://www.digikey.com/en/products/detail/ni/781210-01/16647548,0,3063.06,Active,https://www.newark.com/ni-now-part-of-emerson/781210-01/temp-i-p-module-c-series-sbrio/dp/14AJ5255,0,2210,DIRECT_SHIP,0,False,Active,09-30-2026,Inactive
785584-01,https://www.digikey.com/en/products/detail/ni/785584-01/16648412,1,34925.19,Active,https://www.newark.com,0,0,,1,True,Active,09-30-2026,Active
787457-01,https://www.digikey.com/en/products/detail/ni/787457-01/16647688,2,26419.5,Active,https://www.newark.com,0,0,,2,True,Active,09-30-2026,Active
785797-01,https://www.digikey.com/en/products/detail/ni/785797-01/27259174,0,2176.02,Active,https://www.newark.com/ni-now-part-of-emerson/785797-01/rmx-10040-power-entry-panel-1/dp/25AK8150,0,1570,DIRECT_SHIP,0,False,Active,09-30-2026,Inactive
183283-01,https://www.digikey.com/en/products/detail/ni/183283-01/12817744,0,66.38,Active,https://www.newark.com/ni-now-part-of-emerson/183283-01/test-cable-assembly-9f-9f-serial/dp/13AJ1597,0,59,DIRECT_SHIP,0,False,Active,09-30-2026,Inactive
782803-01,https://www.digikey.com/en/products/detail/ni/782803-01/15218993,1,15.75,Active,https://www.newark.com,0,0,,1,True,Active,09-30-2026,Active
789985-35WP,https://www.digikey.com/en/products/detail/ni/789985-35WP/27259462,0,255.64,Active,https://www.newark.com/ni-now-part-of-emerson/789985-35wp/labview-professional-development/dp/47AM1344,0,200,STOCKED,0,False,Active,09-30-2026,Inactive
240-131,https://www.digikey.com/en/products/detail/digilent-inc/240-131/7916812,279,7,Active,https://www.newark.com,0,0,,279,True,Active,09-30-2026,Active
140254-02,https://www.digikey.com/en/products/detail/ni/140254-02/15219112,2,59.62,Active,https://www.newark.com,0,0,,2,True,Active,09-30-2026,Active
779639-01,https://www.digikey.com/en/products/detail/ni/779639-01/16647899,0,5871.48,Obsolete,https://www.newark.com/ni-now-part-of-emerson/779639-01/multifunction-i-o-module-pxi-6289/dp/13AJ3877,0,6019.02,DIRECT_SHIP,0,False,Active,09-30-2026,Inactive
6069-410-243,https://www.digikey.com/en/products/detail/digilent-inc/6069-410-243/23334420,1,10545.05,Active,https://www.newark.com,0,0,,1,True,Active,09-30-2026,Active
779930-3503,https://www.digikey.com/en/products/detail/ni/779930-3503/18710423,0,1624.59,Active,https://www.newark.com/ni-now-part-of-emerson/779930-3503/test-software-circuit-design-suite/dp/14AJ8644,0,1271,STOCKED,0,False,Active,09-30-2026,Inactive
779705-01,https://www.digikey.com/en/products/detail/ni/779705-01/12817773,11,2265.75,Active,https://www.newark.com,0,0,,11,True,Active,09-30-2026,Active
785816-01,https://www.digikey.com/en/products/detail/ni/785816-01/12817777,0,0,Discontinued at DigiKey,https://www.newark.com/ni-now-part-of-emerson/785816-01/multifunction-i-o-device-usb-6349/dp/14AJ6202,0,8097,DIRECT_SHIP,0,False,Active,09-30-2026,Inactive
785714-10,https://www.digikey.com/en/products/detail/ni/785714-10/18710089,0,70.69,Active,https://www.newark.com/ni-now-part-of-emerson/785714-10/test-cable-assembly-power-cable/dp/14AJ6174,0,51,DIRECT_SHIP,0,False,Active,09-30-2026,Inactive
875403-01,https://www.digikey.com,0,0,,https://www.newark.com,0,0,,0,False,Obsolete,09-30-2026,Inactive
787040-01,https://www.digikey.com/en/products/detail/ni/787040-01/16648275,6,2198.25,Active,https://www.newark.com,0,0,,6,True,Active,09-30-2026,Active
785678-01,https://www.digikey.com,0,0,,https://www.newark.com/ni-emerson/785678-01/optical-drive/dp/14AJ6145,0,1109,DIRECT_SHIP,0,False,Active,09-30-2026,Inactive
785163-01,https://www.digikey.com/en/products/detail/ni/785163-01/16647755,0,34096.99,Active,https://www.newark.com/ni-now-part-of-emerson/785163-01/pxie-5763-flexrio-digitizer-4/dp/37AJ7029,0,24601,DIRECT_SHIP,0,False,Active,09-30-2026,Inactive
782606-01,https://www.digikey.com/en/products/detail/ni/782606-01/12817760,96,784.12,Active,https://www.newark.com,0,0,,96,True,Active,09-30-2026,Active
783775-01,https://www.digikey.com/en/products/detail/ni/783775-01/16648513,32,2975.62,Active,https://www.newark.com,0,0,,32,True,Active,09-30-2026,Active
786397-01,https://www.digikey.com/en/products/detail/ni/786397-01/16647835,0,12780,Active,https://www.newark.com/ni-now-part-of-emerson/786397-01/chassis-pxie-1084-pxi-system-18/dp/14AJ6284,0,11587.2,DIRECT_SHIP,0,False,Active,09-30-2026,Inactive
786405-01,https://www.digikey.com/en/products/detail/ni/786405-01/16647649,0,25837.81,Active,https://www.newark.com/ni-now-part-of-emerson/786405-01/pxie-5113-pxi-oscilloscope-500/dp/37AJ7400,0,18642,DIRECT_SHIP,0,False,Active,09-30-2026,Inactive
789550-01,https://www.digikey.com/en/products/detail/ni/789550-01/27259189,0,260.57,Active,https://www.newark.com/ni-now-part-of-emerson/789550-01/test-cable-assembly-1m-shielded/dp/24AM0186,0,188,DIRECT_SHIP,0,False,Active,09-30-2026,Inactive
781580-01,https://www.digikey.com/en/products/detail/ni/781580-01/16648299,0,4385.3,Active,https://www.newark.com/ni-now-part-of-emerson/781580-01/strain-bridge-i-p-module-c-series/dp/14AJ5363,0,3164,DIRECT_SHIP,0,False,Active,09-30-2026,Inactive
780893-01,https://www.digikey.com/en/products/detail/ni/780893-01/18710113,0,216.21583,Active,https://www.newark.com/ni-now-part-of-emerson/780893-01/ni-flexrio-blank-adapter-module/dp/47AK3076,0,156,DIRECT_SHIP,0,False,Active,09-30-2026,Inactive
6069-410-248,https://www.digikey.com/en/products/detail/digilent-inc/6069-410-248/23334391,0,6854.92,Active,https://www.newark.com,0,0,,0,False,Active,09-30-2026,Inactive
783536-01,https://www.digikey.com/en/products/detail/ni/783536-01/18710596,0,163.54813,Active,https://www.newark.com/ni-now-part-of-emerson/783536-01/custom-shunt-calibration-accessory/dp/14AJ5746,0,118,DIRECT_SHIP,0,False,Active,09-30-2026,Inactive
781420-09,https://www.digikey.com/en/products/detail/ni/781420-09/18709976,0,744.2825,Active,https://www.newark.com/ni-now-part-of-emerson/781420-09/tb-tbx-2809-96-pin-switchblock/dp/14AJ5317,0,537,DIRECT_SHIP,0,False,Active,09-30-2026,Inactive
787311-01,https://www.digikey.com/en/products/detail/ni/787311-01/16648052,0,6511.5,Active,https://www.newark.com/ni-now-part-of-emerson/787311-01/ethernet-interface-module-automotive/dp/12AJ8042,0,5788,DIRECT_SHIP,0,False,Active,09-30-2026,Inactive
867011-03,https://www.digikey.com/en/products/detail/ni/867011-03/18710704,0,9069.75,Active,https://www.newark.com/ni-now-part-of-emerson/867011-03/oscilloscope-bundle-pxie-scp5101/dp/87AK1921,0,8062,DIRECT_SHIP,0,False,Active,09-30-2026,Inactive
6069-410-100,https://www.digikey.com/en/products/detail/digilent-inc/6069-410-100/23334443,3,289,Active,https://www.newark.com,0,0,,3,True,Active,09-30-2026,Active
781503-01,https://www.digikey.com/en/products/detail/ni/781503-01/15219025,58,344.25,Active,https://www.newark.com,0,0,,58,True,Active,09-30-2026,Active
778930-01,https://www.digikey.com/en/products/detail/ni/778930-01/12709350,70,1379.25,Active,https://www.newark.com,0,0,,70,True,Active,09-30-2026,Active
786694-01,https://www.digikey.com/en/products/detail/ni/786694-01/18710348,0,12735.95,Active,https://www.newark.com/ni-now-part-of-emerson/786694-01/usrp-e320-zynq-7045-2x2-70-mhz/dp/67AJ1636,0,9189,DIRECT_SHIP,0,False,Active,09-30-2026,Inactive
783590-03,https://www.digikey.com/en/products/detail/ni/783590-03/16647571,1,20018.25,Active,https://www.newark.com,0,0,,1,True,Active,09-30-2026,Active
6069-300-009,https://www.digikey.com/en/products/detail/digilent-inc/6069-300-009/21676553,0,39,Active,https://www.newark.com,0,0,,0,False,Active,09-30-2026,Inactive
789886-01,https://www.digikey.com/en/products/detail/ni/789886-01/27259255,0,1942.92,Active,https://www.newark.com/ni-now-part-of-emerson/789886-01/multifunction-i-o-device-usb-6423/dp/20AM8695,0,1834.98,DIRECT_SHIP,0,False,Active,09-30-2026,Inactive
776990-01,https://www.digikey.com/en/products/detail/ni/776990-01/12709347,1,732.38,Active,https://www.newark.com,0,0,,1,True,Active,09-30-2026,Active
6069-410-141,https://www.digikey.com/en/products/detail/digilent-inc/6069-410-141/23334348,0,2851.7,Active,https://www.newark.com,0,0,,0,False,Active,09-30-2026,Inactive
786533-01,https://www.digikey.com/en/products/detail/ni/786533-01/18709913,0,281.35778,Active,https://www.newark.com/ni-now-part-of-emerson/786533-01/rackmount-kit-for-rmx-400x-dc/dp/47AK3171,0,203,DIRECT_SHIP,0,False,Active,09-30-2026,Inactive
783488-01,https://www.digikey.com/en/products/detail/ni/783488-01/18710504,0,2847.38,Active,https://www.newark.com/ni-now-part-of-emerson/783488-01/pxie-mxi-express-interface-kit/dp/27AJ2501,0,2531,DIRECT_SHIP,0,False,Active,09-30-2026,Inactive
781090-02,https://www.digikey.com/en/products/detail/ni/781090-02/18710336,0,967.5,Active,https://www.newark.com/ni-now-part-of-emerson/781090-02/test-cable-assembly-switch-cable/dp/14AJ5219,0,860,DIRECT_SHIP,0,False,Active,09-30-2026,Inactive
781438-01,https://www.digikey.com/en/products/detail/ni/781438-01/12817669,27,2131.88,Active,https://www.newark.com,0,0,,27,True,Active,09-30-2026,Active
782385-13,https://www.digikey.com/en/products/detail/ni/782385-13/18710744,0,913.5,Active,https://www.newark.com,0,0,,0,False,Active,09-30-2026,Inactive
786324-02,https://www.digikey.com/en/products/detail/ni/786324-02/16648145,0,1050.59,Active,https://www.newark.com/ni-now-part-of-emerson/786324-02/fan-replacement-kit-pxie-1084/dp/15AJ5791,0,758,DIRECT_SHIP,0,False,Active,09-30-2026,Inactive
782460-10,https://www.digikey.com/en/products/detail/ni/782460-10/16647955,0,383.92,Active,https://www.newark.com/ni-now-part-of-emerson/782460-10/signal-relay-replacement-kit/dp/15AJ5778,0,277,DIRECT_SHIP,0,False,Active,09-30-2026,Inactive
786672-01,https://www.digikey.com/en/products/detail/ni/786672-01/16647823,1,22739.62,Active,https://www.newark.com,0,0,,1,True,Active,09-30-2026,Active
786525-01,https://www.digikey.com/en/products/detail/ni/786525-01/16648635,0,1732.5,Active,https://www.newark.com/ni-now-part-of-emerson/786525-01/triaxial-vibration-temperature/dp/14AJ6302,0,1250,DIRECT_SHIP,0,False,Active,09-30-2026,Inactive
789602-18401,https://www.digikey.com/en/products/detail/ni/789602-18401/27259230,0,289568.66,Active,https://www.newark.com/ni-now-part-of-emerson/789602-18401/pxie-5842-vst-4ghz-generation/dp/47AM1448,0,208924,DIRECT_SHIP,0,False,Active,09-30-2026,Inactive
196739-01,https://www.digikey.com/en/products/detail/ni/196739-01/15219134,380,8.89,Active,https://www.newark.com,0,0,,380,True,Active,09-30-2026,Active
778573-66,https://www.digikey.com,0,0,,https://www.newark.com/ni-now-part-of-emerson/778573-66/pxi-2566-pxi-relay-module-spdt/dp/44AM8771,0,2780,DIRECT_SHIP,0,False,Active,09-30-2026,Inactive
788272-01,https://www.digikey.com/en/products/detail/ni/788272-01/27259418,0,442.13,Active,https://www.newark.com/ni-now-part-of-emerson/788272-01/digital-o-p-module-ts-15130-32ch/dp/87AK1836,0,319,DIRECT_SHIP,0,False,Active,09-30-2026,Inactive
153028-01,https://www.digikey.com/en/products/detail/ni/153028-01/18710174,0,914.76,Active,https://www.newark.com/ni-now-part-of-emerson/153028-01/test-cable-assembly-switch-cable/dp/13AJ3226,0,660,DIRECT_SHIP,0,False,Active,09-30-2026,Inactive
783829-01,https://www.digikey.com/en/products/detail/ni/783829-01/18710176,0,99.79,Active,https://www.newark.com/ni-now-part-of-emerson/783829-01/tb-6-pos-9997-c-series-busbar/dp/14AJ5823,0,72,DIRECT_SHIP,0,False,Active,09-30-2026,Inactive
776249-02,https://www.digikey.com/en/products/detail/ni/776249-02/16648293,0,101.178,Active,https://www.newark.com/ni-now-part-of-emerson/776249-02/test-cable-assembly-ribbon-cable/dp/13AJ3643,10,74.46,DIRECT_SHIP,10,True,Active,09-30-2026,Active
783888-01,https://www.digikey.com/en/products/detail/ni/783888-01/16648787,0,8370.05,Active,https://www.newark.com/ni-now-part-of-emerson/783888-01/digital-i-o-adapter-mod-flexrio/dp/13AJ4099,0,6039,DIRECT_SHIP,0,False,Active,09-30-2026,Inactive
783763-01,https://www.digikey.com/en/products/detail/ni/783763-01/16648451,0,19907.12,Active,https://www.newark.com/ni-now-part-of-emerson/783763-01/controller-flexrio-ni-7931/dp/14AJ5802,0,14363,DIRECT_SHIP,0,False,Active,09-30-2026,Inactive
183283-02,https://www.digikey.com/en/products/detail/ni/183283-02/12817729,9,77.62,Active,https://www.newark.com,0,0,,9,True,Active,09-30-2026,Active
783735-01,https://www.digikey.com/en/products/detail/ni/783735-01/15218845,2,703.12,Active,https://www.newark.com,0,0,,2,True,Active,09-30-2026,Active
763061-05,https://www.digikey.com/en/products/detail/ni/763061-05/12817673,3,265.5,Active,https://www.newark.com,0,0,,3,True,Active,09-30-2026,Active
6069-410-098,https://www.digikey.com/en/products/detail/digilent-inc/6069-410-098/23334369,9,379,Active,https://www.newark.com,0,0,,9,True,Active,09-30-2026,Active
786176-01,https://www.digikey.com/en/products/detail/ni/786176-01/16647864,0,282.74,Active,https://www.newark.com/ni-now-part-of-emerson/786176-01/pluggable-connectors-universal/dp/47AK3151,0,204,DIRECT_SHIP,0,False,Active,09-30-2026,Inactive
787313-01,https://www.digikey.com/en/products/detail/ni/787313-01/13922175,6,1977.75,Active,https://www.newark.com,0,0,,6,True,Active,09-30-2026,Active
780152-01,https://www.digikey.com/en/products/detail/ni/780152-01/16647186,0,2845.12,Active,https://www.newark.com/ni-now-part-of-emerson/780152-01/digital-multimeter-device-usb/dp/14AJ5051,13,2579.58,DIRECT_SHIP,13,True,Active,09-30-2026,Active
6069-410-067,https://www.digikey.com/en/products/detail/digilent-inc/6069-410-067/23334335,1,1079.01,Active,https://www.newark.com,0,0,,1,True,Active,09-30-2026,Active
788713-01,https://www.digikey.com/en/products/detail/ni/788713-01/27259331,0,32548.82,Active,https://www.newark.com/ni-now-part-of-emerson/788713-01/interface-module-fpd-link-pxie/dp/87AK1848,0,23484,DIRECT_SHIP,0,False,Active,09-30-2026,Inactive
784169-01,https://www.digikey.com/en/products/detail/ni/784169-01/16648362,0,3219.68,Active,https://www.newark.com/ni-now-part-of-emerson/784169-01/pcb-triaxial-accelerometer-10m/dp/80AJ9707,0,2323,DIRECT_SHIP,0,False,Active,09-30-2026,Inactive
789955-01,https://www.digikey.com/en/products/detail/ni/789955-01/24398478,6,105.75,Active,https://www.newark.com,0,0,,6,True,Active,09-30-2026,Active
471-045,https://www.digikey.com,0,0,,https://www.newark.com/bivar/471-045/crystal-insulator-tabs-rectangular/dp/20K5713,0,0.196,NO_LONGER_STOCKED,0,False,Obsolete,09-30-2026,Inactive
310-021-2,https://www.digikey.com/en/products/detail/digilent-inc/310-021-2/26598176,11,11,Active,https://www.newark.com,0,0,,11,True,Active,09-30-2026,Active
143045-01,https://www.digikey.com/en/products/detail/ni/143045-01/27259219,0,306.31,Active,https://www.newark.com/ni-now-part-of-emerson/143045-01/test-cable-assembly/dp/87AK1826,0,221,DIRECT_SHIP,0,False,Active,09-30-2026,Inactive
779927-35WP,https://www.digikey.com/en/products/detail/ni/779927-35WP/27259398,0,14703.13,Active,https://www.newark.com/ni-now-part-of-emerson/779927-35wp/test-software-circuit-design-suite/dp/24AM0142,0,11503,STOCKED,0,False,Active,09-30-2026,Inactive
6069-410-018,https://www.digikey.com/en/products/detail/digilent-inc/6069-410-018/18154847,1,1159.01,Active,https://www.newark.com,0,0,,1,True,Active,09-30-2026,Active
782072-35,https://www.digikey.com/en/products/detail/ni/782072-35/27259184,0,6200.55,Active,https://www.newark.com/ni-now-part-of-emerson/782072-35/test-software/dp/14AJ9953,0,4851,STOCKED,0,False,Active,09-30-2026,Inactive
784766-01,https://www.digikey.com/en/products/detail/ni/784766-01/16648327,1,6736.5,Active,https://www.newark.com,0,0,,1,True,Active,09-30-2026,Active
786340-01,https://www.digikey.com/en/products/detail/ni/786340-01/27259427,0,321.55,Active,https://www.newark.com/ni-now-part-of-emerson/786340-01/rack-mount-kit/dp/24AM0226,0,232,DIRECT_SHIP,0,False,Active,09-30-2026,Inactive
780927-01,https://www.digikey.com/en/products/detail/ni/780927-01/15219080,18,2423.25,Active,https://www.newark.com,0,0,,18,True,Active,09-30-2026,Active
781113-01,https://www.digikey.com/en/products/detail/ni/781113-01/16647340,0,1142.06333,Active,https://www.newark.com/ni-now-part-of-emerson/781113-01/voltage-i-p-module-c-series-sbrio/dp/14AJ5228,23,840.48,DIRECT_SHIP,23,True,Active,09-30-2026,Active
782622-05,https://www.digikey.com/en/products/detail/ni/782622-05/16648754,0,52748.39,Active,https://www.newark.com/ni-now-part-of-emerson/782622-05/pxie-5162-pxi-oscilloscope-1-5/dp/37AJ6394,0,38058,DIRECT_SHIP,0,False,Active,09-30-2026,Inactive
783817-02,https://www.digikey.com/en/products/detail/ni/783817-02/16648128,7,4231.12,Active,https://www.newark.com,0,0,,7,True,Active,09-30-2026,Active
780979-01,https://www.digikey.com/en/products/detail/ni/780979-01/16648457,0,1731.11,Active,https://www.newark.com/ni-now-part-of-emerson/780979-01/current-i-p-module-c-series-sbrio/dp/14AJ5182,0,1249,DIRECT_SHIP,0,False,Active,09-30-2026,Inactive
788814-01,https://www.digikey.com/en/products/detail/ni/788814-01/17619753,0,0,Discontinued at DigiKey,https://www.newark.com/ni-now-part-of-emerson/788814-01/device-pcie-8363-0-c-55-c/dp/68AK0835,27,1209.72,DIRECT_SHIP,27,True,Active,09-30-2026,Active
782385-03,https://www.digikey.com/en/products/detail/ni/782385-03/18710000,0,1125.43333,Active,https://www.newark.com/ni-now-part-of-emerson/782385-03/tb-tb-2641b-2532b-8x64-matrix/dp/14AJ5526,0,812,DIRECT_SHIP,0,False,Active,09-30-2026,Inactive
6069-410-066,https://www.digikey.com/en/products/detail/digilent-inc/6069-410-066/23334428,1,1139.01,Active,https://www.newark.com,0,0,,1,True,Active,09-30-2026,Active
789600-08111,https://www.digikey.com/en/products/detail/ni/789600-08111/27259268,0,194141.18,Active,https://www.newark.com/ni-now-part-of-emerson/789600-08111/vector-sgnl-transceiver-pxie-5842/dp/87AK1873,0,140073,DIRECT_SHIP,0,False,Active,09-30-2026,Inactive
780342-01,https://www.digikey.com/en/products/detail/ni/780342-01/16648654,1,25737.75,Active,https://www.newark.com,0,0,,1,True,Active,09-30-2026,Active
776832-01,https://www.digikey.com/en/products/detail/ni/776832-01/18710041,9,166.5,Active,https://www.newark.com,0,0,,9,True,Active,09-30-2026,Active
779640-01,https://www.digikey.com/en/products/detail/ni/779640-01/12817666,34,686.25,Active,https://www.newark.com,0,0,,34,True,Active,09-30-2026,Active
783490-01,https://www.digikey.com/en/products/detail/ni/783490-01/16818604,3,94,Active,https://www.newark.com,0,0,,3,True,Active,09-30-2026,Active
783788-01,https://www.digikey.com/en/products/detail/ni/783788-01/18710321,0,70.88,Active,https://www.newark.com/ni-now-part-of-emerson/783788-01/custom-cable-ni-9988/dp/15AJ5783,0,63,DIRECT_SHIP,0,False,Active,09-30-2026,Inactive
137833-0600,https://www.digikey.com/en/products/detail/ni/137833-0600/27259312,0,285.52,Active,https://www.newark.com/ni-now-part-of-emerson/137833-0600/test-accessory-sma-plug-plug-0/dp/87AK1814,0,206,DIRECT_SHIP,0,False,Active,09-30-2026,Inactive
783761-01,https://www.digikey.com/en/products/detail/ni/783761-01/16648812,1,12808.12,Active,https://www.newark.com,0,0,,1,True,Active,09-30-2026,Active
6069-410-065,https://www.digikey.com/en/products/detail/digilent-inc/6069-410-065/16740077,176,629,Active,https://www.newark.com,0,0,,176,True,Active,09-30-2026,Active
184931-0R5,https://www.digikey.com/en/products/detail/ni/184931-0R5/18710379,0,234.23,Active,https://www.newark.com/ni-now-part-of-emerson/184931-0r5/test-cable-assembly-trigger-cable/dp/13AJ3429,0,169,DIRECT_SHIP,0,False,Active,09-30-2026,Inactive
787903-0R056,https://www.digikey.com/en/products/detail/ni/787903-0R056/18709910,0,48.51,Active,https://www.newark.com/ni-now-part-of-emerson/787903-0r056/rf-cable-mmcx-m-to-mmcx-m-0-056/dp/37AJ7587,0,35,DIRECT_SHIP,0,False,Active,09-30-2026,Inactive
185262-01,https://www.digikey.com/en/products/detail/ni/185262-01/18710179,1,393.75,Active,https://www.newark.com,0,0,,1,True,Active,09-30-2026,Active
777488-02,https://www.digikey.com/en/products/detail/ni/777488-02/16648349,3,333,Active,https://www.newark.com,0,0,,3,True,Active,09-30-2026,Active
781895-01,https://www.digikey.com/en/products/detail/ni/781895-01/18710639,0,1438.88,Active,https://www.newark.com/ni-now-part-of-emerson/781895-01/test-cable-assembly-multifunction/dp/14AJ5430,0,1279,DIRECT_SHIP,0,False,Active,09-30-2026,Inactive
787987-33,https://www.digikey.com/en/products/detail/ni/787987-33/18710263,2,11769.75,Active,https://www.newark.com,0,0,,2,True,Active,09-30-2026,Active
779016-01,https://www.digikey.com/en/products/detail/ni/779016-01/15218921,2,202.5,Active,https://www.newark.com,0,0,,2,True,Active,09-30-2026,Active
778577-02,https://www.digikey.com/en/products/detail/ni/778577-02/16648703,0,6591.82,Active,https://www.newark.com/ni-now-part-of-emerson/778577-02/waveform-gen-pxi-5404-105mhz-12/dp/12AJ8021,0,4756,DIRECT_SHIP,0,False,Active,09-30-2026,Inactive
786901-01,https://www.digikey.com/en/products/detail/ni/786901-01/15218887,0,23.56333,Active,https://www.newark.com/ni-now-part-of-emerson/786901-01/microsd-card-slot-door-crio-905x/dp/14AJ6340,0,51,DIRECT_SHIP,0,False,Active,09-30-2026,Inactive
868172-01,https://www.digikey.com/en/products/detail/ni/868172-01/26581974,1,7392.38,Active,https://www.newark.com,0,0,,1,True,Active,09-30-2026,Active
787580-0R8,https://www.digikey.com/en/products/detail/ni/787580-0R8/16648901,1,79.88,Active,https://www.newark.com,0,0,,1,True,Active,09-30-2026,Active
789563-01,https://www.digikey.com/en/products/detail/ni/789563-01/27259448,0,1584.36,Active,https://www.newark.com/ni-now-part-of-emerson/789563-01/bnc-2144-rack-mountable-adapter/dp/18AM3459,0,1467,DIRECT_SHIP,0,False,Active,09-30-2026,Inactive
785022-01,https://www.digikey.com/en/products/detail/ni/785022-01/18709742,1,1185.75,Active,https://www.newark.com,0,0,,1,True,Active,09-30-2026,Active
784469-01,https://www.digikey.com/en/products/detail/ni/784469-01/16648328,0,512.82,Active,https://www.newark.com/ni-now-part-of-emerson/784469-01/carrying-case-soft/dp/14AJ5950,0,370,DIRECT_SHIP,0,False,Active,09-30-2026,Inactive
6069-410-153,https://www.digikey.com/en/products/detail/digilent-inc/6069-410-153/23334338,7,559,Active,https://www.newark.com,0,0,,7,True,Active,09-30-2026,Active
778572-76,https://www.digikey.com/en/products/detail/ni/778572-76/16648452,0,5618.84,Active,https://www.newark.com/ni-now-part-of-emerson/778572-76/mux-sw-module-pxi-2576-30mhz-64ch/dp/13AJ3786,0,4054,DIRECT_SHIP,0,False,Active,09-30-2026,Inactive
787037-03,https://www.digikey.com/en/products/detail/ni/787037-03/16648304,0,145.53,Active,https://www.newark.com/ni-now-part-of-emerson/787037-03/test-cable-assembly-fielddaq-cable/dp/14AJ6372,0,105,DIRECT_SHIP,0,False,Active,09-30-2026,Inactive
786081-01,https://www.digikey.com/en/products/detail/ni/786081-01/16647328,0,4155.23,Active,https://www.newark.com/ni-now-part-of-emerson/786081-01/nfc-forum-reference-poller-3-antenna/dp/37AJ7281,0,2998,DIRECT_SHIP,0,False,Active,09-30-2026,Inactive
785328-01,https://www.digikey.com/en/products/detail/ni/785328-01/18710328,0,400.55,Active,https://www.newark.com/ni-now-part-of-emerson/785328-01/8-25in-minisas-hd-cable/dp/30AK5435,0,289,DIRECT_SHIP,0,False,Active,09-30-2026,Inactive
789129-01,https://www.digikey.com/en/products/detail/ni/789129-01/26581959,0,2124,Active,https://www.newark.com/ni-now-part-of-emerson/789129-01/sound-vibration-module-ni-9232/dp/26AM2104,4,1925.76,DIRECT_SHIP,4,True,Active,09-30-2026,Active
778676-01,https://www.digikey.com/en/products/detail/ni/778676-01/15219128,12,140.62,Active,https://www.newark.com,0,0,,12,True,Active,09-30-2026,Active
240-136,https://www.digikey.com/en/products/detail/digilent-inc/240-136/9916325,2899,12,Active,https://www.newark.com,0,0,,2899,True,Active,09-30-2026,Active
779521-01,https://www.digikey.com/en/products/detail/ni/779521-01/15218869,29,3460.5,Active,https://www.newark.com,0,0,,29,True,Active,09-30-2026,Active
784661-01,https://www.digikey.com/en/products/detail/ni/784661-01/16647308,25,1377,Active,https://www.newark.com,0,0,,25,True,Active,09-30-2026,Active
779522-01,https://www.digikey.com/en/products/detail/ni/779522-01/15218900,12,429.75,Active,https://www.newark.com,0,0,,12,True,Active,09-30-2026,Active
783127-02,https://www.digikey.com/en/products/detail/ni/783127-02/16648218,0,63281.99,Active,https://www.newark.com/ni-now-part-of-emerson/783127-02/rf-sgnl-gen-pxie-5654-20ghz-am/dp/14AJ5673,0,45658,DIRECT_SHIP,0,False,Active,09-30-2026,Inactive
781012-02,https://www.digikey.com/en/products/detail/ni/781012-02/16647989,0,45412.29,Active,https://www.newark.com/ni-now-part-of-emerson/781012-02/digital-waveform-instrument-pxie/dp/14AJ5194,0,32765,DIRECT_SHIP,0,False,Active,09-30-2026,Inactive
783636-01,https://www.digikey.com/en/products/detail/ni/783636-01/16647978,0,3470.54,Active,https://www.newark.com/ni-now-part-of-emerson/783636-01/tsm-1015-15-in-touch-screen-monitor/dp/53AJ8464,0,2504,DIRECT_SHIP,0,False,Active,09-30-2026,Inactive
786986-01,https://www.digikey.com/en/products/detail/ni/786986-01/18710290,1,13284,Active,https://www.newark.com,0,0,,1,True,Active,09-30-2026,Active
778275-01,https://www.digikey.com/en/products/detail/ni/778275-01/16648467,0,7893.27,Active,https://www.newark.com/ni-now-part-of-emerson/778275-01/digital-multimeter-device-pci/dp/13AJ3728,0,5695,DIRECT_SHIP,0,False,Active,09-30-2026,Inactive
867112-03,https://www.digikey.com/en/products/detail/ni/867112-03/18710469,0,13891.5,Active,https://www.newark.com/ni-now-part-of-emerson/867112-03/precision-system-pxi-smu-bundle/dp/24AM0193,0,12348,DIRECT_SHIP,0,False,Active,09-30-2026,Inactive
783851-01,https://www.digikey.com/en/products/detail/ni/783851-01/16647969,1,18984.38,Active,https://www.newark.com,0,0,,1,True,Active,09-30-2026,Active
784476-01,https://www.digikey.com/en/products/detail/ni/784476-01/16647666,0,37.42,Active,https://www.newark.com/ni-now-part-of-emerson/784476-01/replacement-fuse-set/dp/15AJ5784,0,27,DIRECT_SHIP,0,False,Active,09-30-2026,Inactive
783154-01,https://www.digikey.com/en/products/detail/ni/783154-01/15219006,1,88.88,Active,https://www.newark.com,0,0,,1,True,Active,09-30-2026,Active
786352-01,https://www.digikey.com/en/products/detail/ni/786352-01/18710484,0,138.6,Active,https://www.newark.com/ni-now-part-of-emerson/786352-01/test-cable-assembly-power-cable/dp/14AJ6270,0,100,DIRECT_SHIP,0,False,Active,09-30-2026,Inactive
788268-01,https://www.digikey.com/en/products/detail/ni/788268-01/27259516,0,648.65,Active,https://www.newark.com/ni-now-part-of-emerson/788268-01/test-accessory-11-28-vin-13-5w/dp/87AK1835,0,468,DIRECT_SHIP,0,False,Active,09-30-2026,Inactive
781131-02,https://www.digikey.com/en/products/detail/ni/781131-02/18709741,0,1125.43333,Active,https://www.newark.com/ni-now-part-of-emerson/781131-02/tb-tb-2649/dp/14AJ5237,0,812,DIRECT_SHIP,0,False,Active,09-30-2026,Inactive
867119-03,https://www.digikey.com/en/products/detail/ni/867119-03/16916072,0,8598.38,Active,https://www.newark.com/ni-now-part-of-emerson/867119-03/waveform-gen-bundle-pxie-awg5101/dp/87AK1927,0,7643,DIRECT_SHIP,0,False,Active,09-30-2026,Inactive
783762-02,https://www.digikey.com/en/products/detail/ni/783762-02/27259327,0,22889.79,Active,https://www.newark.com,0,0,,0,False,Active,09-30-2026,Inactive
788265-01,https://www.digikey.com/en/products/detail/ni/788265-01/27259224,0,846.85,Active,https://www.newark.com/ni-now-part-of-emerson/788265-01/power-module-ts-15200-1ch-10-ksps/dp/87AK1833,0,611,DIRECT_SHIP,0,False,Active,09-30-2026,Inactive
787440-01,https://www.digikey.com/en/products/detail/ni/787440-01/18709768,0,1037.25,Active,https://www.newark.com/ni-now-part-of-emerson/787440-01/rmx-10060-emergency-power-off/dp/47AK3184,0,922,DIRECT_SHIP,0,False,Active,09-30-2026,Inactive
785950-0R3,https://www.digikey.com/en/products/detail/ni/785950-0R3/16647639,0,51.28,Active,https://www.newark.com/ni-now-part-of-emerson/785950-0r3/test-cable-assembly-fielddaq-cable/dp/14AJ6227,0,37,DIRECT_SHIP,0,False,Active,09-30-2026,Inactive
786080-01,https://www.digikey.com/en/products/detail/ni/786080-01/16647550,0,4155.23,Active,https://www.newark.com/ni-now-part-of-emerson/786080-01/nfc-forum-reference-poller-0-antenna/dp/37AJ7280,0,2998,DIRECT_SHIP,0,False,Active,09-30-2026,Inactive
780587-14,https://www.digikey.com/en/products/detail/ni/780587-14/16647499,0,11463.61,Active,https://www.newark.com/ni-now-part-of-emerson/780587-14/sgnl-insertion-sw-module-pxie/dp/14AJ5123,0,8271,DIRECT_SHIP,0,False,Active,09-30-2026,Inactive
781420-33,https://www.digikey.com/en/products/detail/ni/781420-33/16648682,0,8594.59,Active,https://www.newark.com/ni-now-part-of-emerson/781420-33/matrix-module-swb-2833-10mhz/dp/14AJ5326,0,6201,DIRECT_SHIP,0,False,Active,09-30-2026,Inactive
786377-01,https://www.digikey.com/en/products/detail/ni/786377-01/16648670,3,37.42,Active,https://www.newark.com,0,0,,3,True,Active,09-30-2026,Active
785598-01,https://www.digikey.com/en/products/detail/ni/785598-01/16647220,0,48634.74,Active,https://www.newark.com/ni-now-part-of-emerson/785598-01/sgnl-gen-flexrio-pxie-5745-2ch/dp/14AJ6110,0,35090,DIRECT_SHIP,0,False,Active,09-30-2026,Inactive
779085-01,https://www.digikey.com/en/products/detail/ni/779085-01/12817653,3,752.62,Active,https://www.newark.com,0,0,,3,True,Active,09-30-2026,Active
788401-35WM,https://www.digikey.com/en/products/detail/ni/788401-35WM/27259665,0,2404.29,Active,https://www.newark.com/ni-now-part-of-emerson/788401-35wm/ultiboard-software-subscription/dp/47AM1329,0,1881,STOCKED,0,False,Active,09-30-2026,Inactive
783470-01,https://www.digikey.com/en/products/detail/ni/783470-01/16648794,0,130.28,Active,https://www.newark.com/ni-now-part-of-emerson/783470-01/sma-male-to-sma-male-cable-for/dp/27AJ2498,0,94,DIRECT_SHIP,0,False,Active,09-30-2026,Inactive
6069-300-012,https://www.digikey.com/en/products/detail/digilent-inc/6069-300-012/21676544,3,29,Active,https://www.newark.com,0,0,,3,True,Active,09-30-2026,Active
783670-01,https://www.digikey.com/en/products/detail/ni/783670-01/18710112,0,226.12,Active,https://www.newark.com/ni-now-part-of-emerson/783670-01/rack-mount-kit-15-inch-tsm/dp/47AK3101,0,201,DIRECT_SHIP,0,False,Active,09-30-2026,Inactive
783731-01,https://www.digikey.com/en/products/detail/ni/783731-01/15219090,1,1328.62,Active,https://www.newark.com,0,0,,1,True,Active,09-30-2026,Active
779184-01,https://www.digikey.com/en/products/detail/ni/779184-01/18710550,0,87.31793,Active,https://www.newark.com/ni-now-part-of-emerson/779184-01/test-cable-assembly-custom-cable/dp/15AJ5733,0,63,DIRECT_SHIP,0,False,Active,09-30-2026,Inactive
6069-410-260,https://www.digikey.com/en/products/detail/digilent-inc/6069-410-260/30380619,0,1061.44667,Active,https://www.newark.com,0,0,,0,False,Active,09-30-2026,Inactive
779825-35WM,https://www.digikey.com/en/products/detail/ni/779825-35WM/27259466,0,0,Discontinued at DigiKey,https://www.newark.com/ni-now-part-of-emerson/779825-35wm/test-software-ultiboard-software/dp/24AM0220,0,4429,STOCKED,0,False,Active,09-30-2026,Inactive
197546-01,https://www.digikey.com/en/products/detail/ni/197546-01/16648759,23,423,Active,https://www.newark.com,0,0,,23,True,Active,09-30-2026,Active
788746-05,https://www.digikey.com/en/products/detail/ni/788746-05/18710633,0,417.38,Active,https://www.newark.com/ni-now-part-of-emerson/788746-05/test-cable-assembly-bnc-plug-plug/dp/87AK1853,0,371,DIRECT_SHIP,0,False,Active,09-30-2026,Inactive
787456-01,https://www.digikey.com/en/products/detail/ni/787456-01/16647514,0,32548.82,Active,https://www.newark.com/ni-now-part-of-emerson/787456-01/gmsl-interface-module-8-input/dp/37AJ7553,0,23484,DIRECT_SHIP,0,False,Active,09-30-2026,Inactive
789005-02,https://www.digikey.com/en/products/detail/ni/789005-02/27259440,0,688.84,Active,https://www.newark.com/ni-now-part-of-emerson/789005-02/test-cable-assembly-2m/dp/87AK1867,0,497,DIRECT_SHIP,0,False,Active,09-30-2026,Inactive
787297-02,https://www.digikey.com/en/products/detail/ni/787297-02/16647644,2,3551.62,Active,https://www.newark.com,0,0,,2,True,Active,09-30-2026,Active
199431-01,https://www.digikey.com/en/products/detail/ni/199431-01/15219086,0,108.11,Active,https://www.newark.com/ni-now-part-of-emerson/199431-01/side-mounting-kit-ps-17-psu/dp/13AJ3594,0,78,DIRECT_SHIP,0,False,Active,09-30-2026,Inactive
779872-01,https://www.digikey.com/en/products/detail/ni/779872-01/16647821,1,4282.88,Active,https://www.newark.com,0,0,,1,True,Active,09-30-2026,Active
188143-01,https://www.digikey.com/en/products/detail/ni/188143-01/16647916,3,1080,Active,https://www.newark.com,0,0,,3,True,Active,09-30-2026,Active
788088-01,https://www.digikey.com/en/products/detail/ni/788088-01/16647536,0,27442.12,Active,https://www.newark.com/ni-now-part-of-emerson/788088-01/source-meter-unit-pxie-4190-curr/dp/32AK5238,0,24393,DIRECT_SHIP,0,False,Active,09-30-2026,Inactive
776784-02,https://www.digikey.com/en/products/detail/ni/776784-02/18710065,0,512.82,Active,https://www.newark.com/ni-now-part-of-emerson/776784-02/test-cable-assembly-multifunction/dp/13AJ3651,0,370,DIRECT_SHIP,0,False,Active,09-30-2026,Inactive
777756-35WM,https://www.digikey.com/en/products/detail/ni/777756-35WM/27259280,0,0,Discontinued at DigiKey,https://www.newark.com/ni-now-part-of-emerson/777756-35wm/test-software-labview-full-edition/dp/14AJ7300,0,6057,STOCKED,0,False,Active,09-30-2026,Inactive
786334-01,https://www.digikey.com/en/products/detail/ni/786334-01/16648430,0,6722.1,Active,https://www.newark.com/ni-now-part-of-emerson/786334-01/single-slot-mechanical-starter/dp/14AJ6261,0,4850,DIRECT_SHIP,0,False,Active,09-30-2026,Inactive
783144-01,https://www.digikey.com/en/products/detail/ni/783144-01/18710243,2,10597.5,Active,https://www.newark.com,0,0,,2,True,Active,09-30-2026,Active
779732-05,https://www.digikey.com/en/products/detail/ni/779732-05/16647563,0,1553.71,Active,https://www.newark.com/ni-now-part-of-emerson/779732-05/gpib-instrument-control-device/dp/14AJ4962,0,1121,DIRECT_SHIP,0,False,Active,09-30-2026,Inactive
788450-35,https://www.digikey.com/en/products/detail/ni/788450-35/18710119,0,2620.31,Active,https://www.newark.com/ni-now-part-of-emerson/788450-35/test-software/dp/95AJ6938,0,2091,STOCKED,0,False,Active,09-30-2026,Inactive
154302-01,https://www.digikey.com/en/products/detail/ni/154302-01/16647796,7,106.88,Active,https://www.newark.com,0,0,,7,True,Active,09-30-2026,Active
777212-11,https://www.digikey.com/en/products/detail/ni/777212-11/18709731,0,1483.02,Active,https://www.newark.com/ni-now-part-of-emerson/777212-11/rack-mount-kit-metal-wrap-around/dp/13AJ3673,0,1070,DIRECT_SHIP,0,False,Active,09-30-2026,Inactive
778572-48,https://www.digikey.com/en/products/detail/ni/778572-48/16648772,0,5776.85,Active,https://www.newark.com/ni-now-part-of-emerson/778572-48/relay-module-pxi-2548-2-7ghz-spdt/dp/13AJ3772,0,4168,DIRECT_SHIP,0,False,Active,09-30-2026,Inactive
784387-01,https://www.digikey.com/en/products/detail/ni/784387-01/16648016,4,40.5,Active,https://www.newark.com,0,0,,4,True,Active,09-30-2026,Active
777859-35WM,https://www.digikey.com/en/products/detail/ni/777859-35WM/27259177,0,0,Discontinued at DigiKey,https://www.newark.com/ni-now-part-of-emerson/777859-35wm/test-software-vision-development/dp/14AJ7328,0,7357,STOCKED,0,False,Active,09-30-2026,Inactive
183432-0R4,https://www.digikey.com/en/products/detail/ni/183432-0R4/16647311,1,342,Active,https://www.newark.com,0,0,,1,True,Active,09-30-2026,Active
783153-01,https://www.digikey.com/en/products/detail/ni/783153-01/16648278,1,23591.25,Active,https://www.newark.com,0,0,,1,True,Active,09-30-2026,Active
783419-01,https://www.digikey.com/en/products/detail/ni/783419-01/15218996,0,304.92,Active,https://www.newark.com/ni-now-part-of-emerson/783419-01/half-bridge-adapter-ni-9986/dp/14AJ5720,0,220,DIRECT_SHIP,0,False,Active,09-30-2026,Inactive
784173-01,https://www.digikey.com/en/products/detail/ni/784173-01/18709738,0,3602.21,Active,https://www.newark.com/ni-now-part-of-emerson/784173-01/pcb-triaxial-accelerometer-10mv/dp/34AK3996,0,2599,DIRECT_SHIP,0,False,Active,09-30-2026,Inactive
867126-04,https://www.digikey.com/en/products/detail/ni/867126-04/18710294,0,14304.38,Active,https://www.newark.com,0,0,,0,False,Active,09-30-2026,Inactive
780953-01,https://www.digikey.com/en/products/detail/ni/780953-01/15219154,0,99.79192,Active,https://www.newark.com/ni-now-part-of-emerson/780953-01/horizontal-panel-mounting-kit/dp/14AJ5177,0,72,DIRECT_SHIP,0,False,Active,09-30-2026,Inactive
780262-01,https://www.digikey.com/en/products/detail/ni/780262-01/16647708,0,365.9,Active,https://www.newark.com/ni-now-part-of-emerson/780262-01/general-purpose-power-relay/dp/15AJ5742,0,239,DIRECT_SHIP,0,False,Active,09-30-2026,Inactive
781472-02,https://www.digikey.com/en/products/detail/ni/781472-02/16647927,1,3470.62,Active,https://www.newark.com,0,0,,1,True,Active,09-30-2026,Active
784767-01,https://www.digikey.com/en/products/detail/ni/784767-01/16648358,1,7171.88,Active,https://www.newark.com,0,0,,1,True,Active,09-30-2026,Active
789882-01,https://www.digikey.com/en/products/detail/ni/789882-01/24398483,0,2293.88,Active,https://www.newark.com/ni-now-part-of-emerson/789882-01/multifunction-i-o-device-usb-6423/dp/06AM9594,16,2079.78,DIRECT_SHIP,16,True,Active,09-30-2026,Active
781845-01,https://www.digikey.com/en/products/detail/ni/781845-01/16647337,0,559.94,Active,https://www.newark.com/ni-now-part-of-emerson/781845-01/test-cable-assembly-coaxial-cable/dp/14AJ5426,0,404,DIRECT_SHIP,0,False,Active,09-30-2026,Inactive
785688-01,https://www.digikey.com/en/products/detail/ni/785688-01/16647988,0,652.805,Active,https://www.newark.com/ni-now-part-of-emerson/785688-01/optical-transceiver-sfp-850-nm/dp/14AJ6154,0,471,DIRECT_SHIP,0,False,Active,09-30-2026,Inactive
778621-01,https://www.digikey.com/en/products/detail/ni/778621-01/15218949,70,90,Active,https://www.newark.com,0,0,,70,True,Active,09-30-2026,Active
868106-02C,https://www.digikey.com/en/products/detail/ni/868106-02C/27259403,0,28881.47,Active,https://www.newark.com/ni-now-part-of-emerson/868106-02c/test-reference-architecture-static/dp/97AK1633,0,20838,DIRECT_SHIP,0,False,Active,09-30-2026,Inactive
776678-35WM,https://www.digikey.com/en/products/detail/ni/776678-35WM/27259670,0,0,Discontinued at DigiKey,https://www.newark.com/ni-now-part-of-emerson/776678-35wm/test-software-labview-professional/dp/14AJ7219,0,9625,STOCKED,0,False,Active,09-30-2026,Inactive
788302-100,https://www.digikey.com/en/products/detail/ni/788302-100/27259193,0,6984.05,Active,https://www.newark.com/ni-now-part-of-emerson/788302-100/mxi-express-cable-gen-3-x4-fiber/dp/62AK6782,0,5039,DIRECT_SHIP,0,False,Active,09-30-2026,Inactive
781420-16,https://www.digikey.com/en/products/detail/ni/781420-16/16647480,0,14411.63,Active,https://www.newark.com/ni-now-part-of-emerson/781420-16/matrix-module-swb-2816-8mhz-reed/dp/14AJ5323,0,10398,DIRECT_SHIP,0,False,Active,09-30-2026,Inactive
779517-01,https://www.digikey.com/en/products/detail/ni/779517-01/15219070,38,1139.62,Active,https://www.newark.com,0,0,,38,True,Active,09-30-2026,Active
788270-01,https://www.digikey.com/en/products/detail/ni/788270-01/27259688,0,493.42,Active,https://www.newark.com/ni-now-part-of-emerson/788270-01/ts-15110-testscale-analog-output/dp/79AK6135,0,356,DIRECT_SHIP,0,False,Active,09-30-2026,Inactive
410-126,https://www.digikey.com/en/products/detail/digilent-inc/410-126/4090079,370,8,Active,https://www.newark.com,0,0,,370,True,Active,09-30-2026,Active
789157-01,https://www.digikey.com/en/products/detail/ni/789157-01/27047762,5,248.62,Active,https://www.newark.com,0,0,,5,True,Active,09-30-2026,Active
6002-410-041,https://www.digikey.com/en/products/detail/digilent-inc/6002-410-041/26946471,2,1333.01,Active,https://www.newark.com,0,0,,2,True,Active,09-30-2026,Active
783087-02,https://www.digikey.com/en/products/detail/ni/783087-02/16648835,0,12066.52,Active,https://www.newark.com/ni-now-part-of-emerson/783087-02/soundvibration-module-pxie-4464/dp/14AJ5660,0,8706,DIRECT_SHIP,0,False,Active,09-30-2026,Inactive
779825-35,https://www.digikey.com/en/products/detail/ni/779825-35/27259441,0,5661.15,Active,https://www.newark.com/ni-now-part-of-emerson/779825-35/test-software-ultiboard-full-edition/dp/15AJ5421,0,4429,STOCKED,0,False,Active,09-30-2026,Inactive
183283-04,https://www.digikey.com/en/products/detail/ni/183283-04/16647740,4,113.65,Active,https://www.newark.com,0,0,,4,True,Active,09-30-2026,Active
782432-01,https://www.digikey.com/en/products/detail/ni/782432-01/16648688,1,18870.75,Active,https://www.newark.com,0,0,,1,True,Active,09-30-2026,Active
786202-0R305,https://www.digikey.com/en/products/detail/ni/786202-0R305/18710657,0,70.69,Active,https://www.newark.com/ni-now-part-of-emerson/786202-0r305/rf-cable-mmpx-m-to-sma-m-0-305/dp/47AK3162,0,51,DIRECT_SHIP,0,False,Active,09-30-2026,Inactive
783139-02,https://www.digikey.com/en/products/detail/ni/783139-02/18710486,2,1213.88,Active,https://www.newark.com,0,0,,2,True,Active,09-30-2026,Active
783486-01,https://www.digikey.com/en/products/detail/ni/783486-01/16647321,3,13588.88,Active,https://www.newark.com,0,0,,3,True,Active,09-30-2026,Active
134729-1R6,https://www.digikey.com/en/products/detail/ni/134729-1R6/18709806,0,411.64,Active,https://www.newark.com/ni-now-part-of-emerson/134729-1r6/sh68m-8ixbf-differential-analog/dp/47AK3057,0,297,DIRECT_SHIP,0,False,Active,09-30-2026,Inactive
786067-01,https://www.digikey.com/en/products/detail/ni/786067-01/16647987,0,9954.25,Active,https://www.newark.com/ni-now-part-of-emerson/786067-01/iso-10373-6-pcd-test-bench-1/dp/37AJ7267,0,7182,DIRECT_SHIP,0,False,Active,09-30-2026,Inactive
6069-410-006-1,https://www.digikey.com/en/products/detail/digilent-inc/6069-410-006-1/23334372,9,1569.01,Active,https://www.newark.com,0,0,,9,True,Active,09-30-2026,Active
782703-01,https://www.digikey.com/en/products/detail/ni/782703-01/14301374,12,82.12,Active,https://www.newark.com,0,0,,12,True,Active,09-30-2026,Active
785709-02,https://www.digikey.com/en/products/detail/ni/785709-02/18710342,0,66.53,Active,https://www.newark.com,0,0,,0,False,Active,09-30-2026,Inactive
784301-01,https://www.digikey.com/en/products/detail/ni/784301-01/15219002,0,112.26609,Active,https://www.newark.com/ni-now-part-of-emerson/784301-01/test-psu-desktop-12vdc-3-33-a/dp/13AJ4114,0,81,DIRECT_SHIP,0,False,Active,09-30-2026,Inactive
783480-01,https://www.digikey.com/en/products/detail/ni/783480-01/18710621,12,148.5,Active,https://www.newark.com,0,0,,12,True,Active,09-30-2026,Active
786822-35WM,https://www.digikey.com/en/products/detail/ni/786822-35WM/18709800,0,5582.79,Discontinued at DigiKey,https://www.newark.com/ni-now-part-of-emerson/786822-35wm/ni-automated-test-software-suite/dp/25AK8141,0,5758,STOCKED,0,False,Active,09-30-2026,Inactive
789600-18501,https://www.digikey.com/en/products/detail/ni/789600-18501/27259614,0,151279.13,Active,https://www.newark.com/ni-now-part-of-emerson/789600-18501/vector-sgnl-transceiver-pxie-5842/dp/87AK1895,0,109148,DIRECT_SHIP,0,False,Active,09-30-2026,Inactive
785650-02,https://www.digikey.com/en/products/detail/ni/785650-02/16647870,0,52723.44,Active,https://www.newark.com/ni-now-part-of-emerson/785650-02/pcie-5774-flexrio-digitizer-2/dp/37AJ7141,0,38040,DIRECT_SHIP,0,False,Active,09-30-2026,Inactive
779659-03,https://www.digikey.com/en/products/detail/ni/779659-03/16648733,0,43932.04,Active,https://www.newark.com/ni-now-part-of-emerson/779659-03/oscilloscope-device-pci-5922-6/dp/14AJ4936,0,31697,DIRECT_SHIP,0,False,Active,09-30-2026,Inactive
788381-35,https://www.digikey.com/en/products/detail/ni/788381-35/18709881,0,4201.44,Active,https://www.newark.com/ni-now-part-of-emerson/788381-35/test-software-circuit-design-suite/dp/95AJ6867,0,3287,STOCKED,0,False,Active,09-30-2026,Inactive
785378-01,https://www.digikey.com/en/products/detail/ni/785378-01/16648534,1,420.75,Active,https://www.newark.com,0,0,,1,True,Active,09-30-2026,Active
785263-01,https://www.digikey.com/en/products/detail/ni/785263-01/16648011,0,35337.46,Active,https://www.newark.com/ni-now-part-of-emerson/785263-01/usrp-2945-4-rx-channels-10-mhz/dp/27AJ2543,0,25496,DIRECT_SHIP,0,False,Active,09-30-2026,Inactive
789162-01,https://www.digikey.com,0,0,,https://www.newark.com/ni-now-part-of-emerson/789162-01/obx-160-daughterboard-10mhz-8/dp/51AM2821,0,2800.92,DIRECT_SHIP,0,False,Active,09-30-2026,Inactive
783451-01,https://www.digikey.com/en/products/detail/ni/783451-01/16647274,1,10126.12,Active,https://www.newark.com,0,0,,1,True,Active,09-30-2026,Active
789130-01,https://www.digikey.com/en/products/detail/ni/789130-01/26581961,3,1497.38,Active,https://www.newark.com,0,0,,3,True,Active,09-30-2026,Active
134727-1R6,https://www.digikey.com/en/products/detail/ni/134727-1R6/18709894,0,386.69,Active,https://www.newark.com/ni-now-part-of-emerson/134727-1r6/sh68m-4ixbf-differential-digital/dp/47AK3056,0,279,DIRECT_SHIP,0,False,Active,09-30-2026,Inactive
787331-01,https://www.digikey.com/en/products/detail/ni/787331-01/18710667,8,178.88,Active,https://www.newark.com,0,0,,8,True,Active,09-30-2026,Active
786445-01,https://www.digikey.com/en/products/detail/ni/786445-01/16647837,2,6532.88,Active,https://www.newark.com,0,0,,2,True,Active,09-30-2026,Active
785926-01,https://www.digikey.com/en/products/detail/ni/785926-01/16647245,1,16096.5,Active,https://www.newark.com,0,0,,1,True,Active,09-30-2026,Active
783610-01,https://www.digikey.com/en/products/detail/ni/783610-01/15219011,8,6079.5,Active,https://www.newark.com,0,0,,8,True,Active,09-30-2026,Active
788216-01,https://www.digikey.com/en/products/detail/ni/788216-01/18710494,0,6665.27,Active,https://www.newark.com/ni-now-part-of-emerson/788216-01/dual-100-gigabit-ethernet-pcie/dp/32AK4062,0,4809,DIRECT_SHIP,0,False,Active,09-30-2026,Inactive
778033-01,https://www.digikey.com/en/products/detail/ni/778033-01/12817842,1,2981.25,Active,https://www.newark.com,0,0,,1,True,Active,09-30-2026,Active
788201-01,https://www.digikey.com/en/products/detail/ni/788201-01/27259293,0,3743.28,Active,https://www.newark.com/ni-now-part-of-emerson/788201-01/test-accessory-8ch-48v-1-2kw/dp/24AM0181,0,3466,DIRECT_SHIP,0,False,Active,09-30-2026,Inactive
138286-1000,https://www.digikey.com/en/products/detail/ni/138286-1000/27259319,0,1250.17,Active,https://www.newark.com/ni-now-part-of-emerson/138286-1000/test-accessory-1-85mm-plug-plug/dp/87AK1818,0,902,DIRECT_SHIP,0,False,Active,09-30-2026,Inactive
783393-01,https://www.digikey.com/en/products/detail/ni/783393-01/13983386,0,566.05,Obsolete,https://www.newark.com/ni-now-part-of-emerson/783393-01/digital-i-p-module-c-series-ni/dp/14AJ5708,0,584,DIRECT_SHIP,0,False,Active,09-30-2026,Inactive
185262-02,https://www.digikey.com/en/products/detail/ni/185262-02/16818601,0,501.75,Active,https://www.newark.com/ni-now-part-of-emerson/185262-02/test-cable-assembly-multifunction/dp/13AJ3435,0,446,DIRECT_SHIP,0,False,Active,09-30-2026,Inactive
471-032,https://www.digikey.com/en/products/detail/digilent-inc/471-032/10287710,1,68,Active,https://www.newark.com,0,0,,1,True,Active,09-30-2026,Active
784397-01,https://www.digikey.com/en/products/detail/ni/784397-01/15219038,0,3676.5,Active,https://www.newark.com/ni-now-part-of-emerson/784397-01/soundvibration-module-ni-9232/dp/13AJ4116,6,3333.36,DIRECT_SHIP,6,True,Active,09-30-2026,Active
783196-01,https://www.digikey.com/en/products/detail/ni/783196-01/18709973,5,747,Active,https://www.newark.com,0,0,,5,True,Active,09-30-2026,Active
TNT4882-BQ66,https://www.digikey.com/en/products/detail/ni/TNT4882-BQ66/18710329,0,3875.26,Active,https://www.newark.com/ni-now-part-of-emerson/tnt4882-bq66/assortment-kit-semiconductorsic/dp/14AJ4542,0,2796,DIRECT_SHIP,0,False,Active,09-30-2026,Inactive
785713-01,https://www.digikey.com/en/products/detail/ni/785713-01/18709766,0,63.76,Active,https://www.newark.com/ni-now-part-of-emerson/785713-01/test-cable-assembly-power-cable/dp/14AJ6166,0,46,DIRECT_SHIP,0,False,Active,09-30-2026,Inactive
779567-01,https://www.digikey.com/en/products/detail/ni/779567-01/15218863,0,88.88,Active,https://www.newark.com/ni-now-part-of-emerson/779567-01/backshell-crio-9940-36-pos-conn/dp/13AJ3872,6,80.58,NO_LONGER_STOCKED,6,True,Active,09-30-2026,Inactive
867121-04,https://www.digikey.com/en/products/detail/ni/867121-04/27259358,0,21165.61,Active,https://www.newark.com,0,0,,0,False,Active,09-30-2026,Inactive
782751-01,https://www.digikey.com/en/products/detail/ni/782751-01/16648295,1,208.12,Active,https://www.newark.com,0,0,,1,True,Active,09-30-2026,Active
134726-1R6,https://www.digikey.com/en/products/detail/ni/134726-1R6/18709798,0,261.95,Active,https://www.newark.com/ni-now-part-of-emerson/134726-1r6/shdb44m-4ixbf-differential-passthrough/dp/47AK3055,0,189,DIRECT_SHIP,0,False,Active,09-30-2026,Inactive
786169-01,https://www.digikey.com/en/products/detail/ni/786169-01/16648245,0,1555.09,Active,https://www.newark.com/ni-now-part-of-emerson/786169-01/ethernet-interface-device-automotive/dp/14AJ6248,0,1122,DIRECT_SHIP,0,False,Active,09-30-2026,Inactive
781027-01,https://www.digikey.com/en/products/detail/ni/781027-01/16648115,1,2549.25,Active,https://www.newark.com,0,0,,1,True,Active,09-30-2026,Active
189588-01,https://www.digikey.com/en/products/detail/ni/189588-01/16647758,5,294.75,Active,https://www.newark.com,0,0,,5,True,Active,09-30-2026,Active
778572-23,https://www.digikey.com/en/products/detail/ni/778572-23/16648729,0,4038.8,Active,https://www.newark.com/ni-now-part-of-emerson/778572-23/relay-module-pxi-2523-35mhz-dpdt/dp/13AJ3758,0,2914,DIRECT_SHIP,0,False,Active,09-30-2026,Inactive
782252-01,https://www.digikey.com/en/products/detail/ni/782252-01/12817625,0,2805.75,Active,https://www.newark.com/ni-now-part-of-emerson/782252-01/multifunction-i-o-device-usb-6343/dp/14AJ5487,4,2543.88,DIRECT_SHIP,4,True,Active,09-30-2026,Active
781066-35WM,https://www.digikey.com/en/products/detail/ni/781066-35WM/27259235,0,0,Discontinued at DigiKey,https://www.newark.com/ni-now-part-of-emerson/781066-35wm/test-software/dp/14AJ9389,0,7590,STOCKED,0,False,Active,09-30-2026,Inactive
784609-01,https://www.digikey.com/en/products/detail/ni/784609-01/15218875,0,2554.4,Active,https://www.newark.com/ni-now-part-of-emerson/784609-01/temp-i-p-module-c-series-ni-9212/dp/14AJ5961,0,1843,DIRECT_SHIP,0,False,Active,09-30-2026,Inactive
186381-0R5,https://www.digikey.com/en/products/detail/ni/186381-0R5/16647368,0,311.85,Active,https://www.newark.com/ni-now-part-of-emerson/186381-0r5/test-cable-assembly-multifunction/dp/13AJ3443,0,225,DIRECT_SHIP,0,False,Active,09-30-2026,Inactive
6002-410-045,https://www.digikey.com/en/products/detail/digilent-inc/6002-410-045/28172844,13,150,Active,https://www.newark.com,0,0,,13,True,Active,09-30-2026,Active
6069-410-039,https://www.digikey.com/en/products/detail/digilent-inc/6069-410-039/18154812,3,7289.04,Active,https://www.newark.com,0,0,,3,True,Active,09-30-2026,Active
788434-35WM,https://www.digikey.com/en/products/detail/ni/788434-35WM/18709887,0,1551.06,Discontinued at DigiKey,https://www.newark.com/ni-now-part-of-emerson/788434-35wm/test-software-labview-fpga-module/dp/95AJ6915,0,1495,STOCKED,0,False,Active,09-30-2026,Inactive
786371-01,https://www.digikey.com/en/products/detail/ni/786371-01/16647534,11,632.25,Active,https://www.newark.com,0,0,,11,True,Active,09-30-2026,Active
786328-01,https://www.digikey.com/en/products/detail/ni/786328-01/16648315,0,17969.49,Active,https://www.newark.com/ni-now-part-of-emerson/786328-01/power-measurements-conditioner/dp/14AJ6259,0,12965,DIRECT_SHIP,0,False,Active,09-30-2026,Inactive
875434-01,https://www.digikey.com,0,0,,https://www.newark.com,0,0,,0,False,Obsolete,09-30-2026,Inactive
788386-35WM,https://www.digikey.com/en/products/detail/ni/788386-35WM/18710558,0,754.26,Discontinued at DigiKey,https://www.newark.com/ni-now-part-of-emerson/788386-35wm/test-software-measurement-studio/dp/95AJ6875,0,764,STOCKED,0,False,Active,09-30-2026,Inactive
784181-01,https://www.digikey.com/en/products/detail/ni/784181-01/16648217,2,5988.38,Active,https://www.newark.com,0,0,,2,True,Active,09-30-2026,Active
783760-01,https://www.digikey.com/en/products/detail/ni/783760-01/16648665,4,9061.88,Active,https://www.newark.com,0,0,,4,True,Active,09-30-2026,Active
6069-410-177,https://www.digikey.com/en/products/detail/digilent-inc/6069-410-177/23334462,3,989,Active,https://www.newark.com,0,0,,3,True,Active,09-30-2026,Active
790058-35,https://www.digikey.com/en/products/detail/ni/790058-35/27259578,0,18588.86,Active,https://www.newark.com/ni-now-part-of-emerson/790058-35/test-software-labview-suite-software/dp/20AM8687,0,14543,STOCKED,0,False,Active,09-30-2026,Inactive
785949-03,https://www.digikey.com/en/products/detail/ni/785949-03/16648272,0,83.16,Active,https://www.newark.com/ni-now-part-of-emerson/785949-03/test-cable-assembly-fielddaq-cable/dp/14AJ6226,0,60,DIRECT_SHIP,0,False,Active,09-30-2026,Inactive
782603-01,https://www.digikey.com/en/products/detail/ni/782603-01/12817656,11,316.12,Active,https://www.newark.com,0,0,,11,True,Active,09-30-2026,Active
785042-01,https://www.digikey.com/en/products/detail/ni/785042-01/15219133,0,1608.75,Active,https://www.newark.com/ni-now-part-of-emerson/785042-01/voltage-i-p-module-c-series-ni/dp/14AJ6033,5,1458.6,DIRECT_SHIP,5,True,Active,09-30-2026,Active
6069-410-044,https://www.digikey.com/en/products/detail/digilent-inc/6069-410-044/21676539,1,369,Active,https://www.newark.com,0,0,,1,True,Active,09-30-2026,Active
182482-01,https://www.digikey.com/en/products/detail/ni/182482-01/12817828,2,166.5,Active,https://www.newark.com,0,0,,2,True,Active,09-30-2026,Active
789113-01,https://www.digikey.com/en/products/detail/ni/789113-01/26581973,4,898.88,Active,https://www.newark.com,0,0,,4,True,Active,09-30-2026,Active
190654-02,https://www.digikey.com/en/products/detail/ni/190654-02/15218936,0,202.36,Active,https://www.newark.com/ni-now-part-of-emerson/190654-02/test-cable-assembly-multifunction/dp/13AJ3480,0,146,DIRECT_SHIP,0,False,Active,09-30-2026,Inactive
196741-01,https://www.digikey.com/en/products/detail/ni/196741-01/15219003,9,44.44,Active,https://www.newark.com,0,0,,9,True,Active,09-30-2026,Active
6069-410-026,https://www.digikey.com/en/products/detail/digilent-inc/6069-410-026/16970318,14,750,Active,https://www.newark.com,0,0,,14,True,Active,09-30-2026,Active
777777-35WM,https://www.digikey.com/en/products/detail/ni/777777-35WM/27259410,0,0,Discontinued at DigiKey,https://www.newark.com/ni-emerson/777777-35wm/test-software-teststand/dp/14AJ7304,0,8497,STOCKED,0,False,Active,09-30-2026,Inactive
183139-02,https://www.digikey.com/en/products/detail/ni/183139-02/18709726,0,331.88,Active,https://www.newark.com/ni-now-part-of-emerson/183139-02/68f-50m-dio-cable-adapter-68-pin/dp/47AK3065,0,295,DIRECT_SHIP,0,False,Active,09-30-2026,Inactive
783586-01,https://www.digikey.com/en/products/detail/ni/783586-01/16647365,0,97.02,Active,https://www.newark.com/ni-now-part-of-emerson/783586-01/pouch-virtualbench/dp/14AJ5761,0,70,DIRECT_SHIP,0,False,Active,09-30-2026,Inactive
151733-02,https://www.digikey.com/en/products/detail/ni/151733-02/16648725,4,27,Active,https://www.newark.com,0,0,,4,True,Active,09-30-2026,Active
181638-01,https://www.digikey.com/en/products/detail/ni/181638-01/16648189,27,55.12,Active,https://www.newark.com,0,0,,27,True,Active,09-30-2026,Active
778476-94,https://www.digikey.com/en/products/detail/ni/778476-94/16648848,0,1710.325,Active,https://www.newark.com/ni-now-part-of-emerson/778476-94/serial-interface-device-usb-485/dp/13AJ3745,0,1234,DIRECT_SHIP,0,False,Active,09-30-2026,Inactive
781015-01,https://www.digikey.com/en/products/detail/ni/781015-01/15219199,157,5.85,Active,https://www.newark.com,0,0,,157,True,Active,09-30-2026,Active
783414-01,https://www.digikey.com/en/products/detail/ni/783414-01/15219027,1,469,Active,https://www.newark.com,0,0,,1,True,Active,09-30-2026,Active
778998-01,https://www.digikey.com/en/products/detail/ni/778998-01/16648434,1,4686.75,Active,https://www.newark.com,0,0,,1,True,Active,09-30-2026,Active
785814-01,https://www.digikey.com/en/products/detail/ni/785814-01/12817711,0,3948.75,Active,https://www.newark.com/ni-now-part-of-emerson/785814-01/multifunction-i-o-device-usb-6346/dp/14AJ6200,0,3510,DIRECT_SHIP,0,False,Active,09-30-2026,Inactive
868171-01,https://www.digikey.com/en/products/detail/ni/868171-01/26581971,1,6016.5,Active,https://www.newark.com,0,0,,1,True,Active,09-30-2026,Active
866576-01C,https://www.digikey.com/en/products/detail/ni/866576-01C/27259181,0,13106.88,Active,https://www.newark.com/ni-now-part-of-emerson/866576-01c/vehicle-multifunction-io-bundle/dp/87AK1911,0,12136,DIRECT_SHIP,0,False,Active,09-30-2026,Inactive
6069-410-174,https://www.digikey.com/en/products/detail/digilent-inc/6069-410-174/23334397,3,1849.01,Active,https://www.newark.com,0,0,,3,True,Active,09-30-2026,Active
196304-30,https://www.digikey.com,0,0,,https://www.newark.com/ni-now-part-of-emerson/196304-30/gps-antenna-30-m-coaxial-cable/dp/13AJ3548,0,1069,DIRECT_SHIP,0,False,Active,09-30-2026,Inactive
780935-01,https://www.digikey.com/en/products/detail/ni/780935-01/12817716,4,2128.5,Active,https://www.newark.com,0,0,,4,True,Active,09-30-2026,Active
785308-01,https://www.digikey.com/en/products/detail/ni/785308-01/16647624,1,15953,Active,https://www.newark.com,0,0,,1,True,Active,09-30-2026,Active
783937-08,https://www.digikey.com/en/products/detail/ni/783937-08/18710048,0,49134.38,Active,https://www.newark.com/ni-now-part-of-emerson/783937-08/test-cable-assembly-rf-cable-8/dp/14AJ5853,0,43675,DIRECT_SHIP,0,False,Active,09-30-2026,Inactive
781887-01,https://www.digikey.com/en/products/detail/ni/781887-01/16648359,1,106,Active,https://www.newark.com,0,0,,1,True,Active,09-30-2026,Active
782622-16,https://www.digikey.com/en/products/detail/ni/782622-16/16648580,0,66397.72,Active,https://www.newark.com/ni-now-part-of-emerson/782622-16/pxie-5162-pxi-oscilloscope-with/dp/37AJ6405,0,47906,DIRECT_SHIP,0,False,Active,09-30-2026,Inactive
783631-01,https://www.digikey.com/en/products/detail/ni/783631-01/16647950,1,4353.75,Active,https://www.newark.com,0,0,,1,True,Active,09-30-2026,Active
6069-410-050,https://www.digikey.com/en/products/detail/digilent-inc/6069-410-050/21676549,0,2135.6,Active,https://www.newark.com,0,0,,0,False,Active,09-30-2026,Inactive
783541-01,https://www.digikey.com/en/products/detail/ni/783541-01/15219101,0,1318.085,Active,https://www.newark.com/ni-now-part-of-emerson/783541-01/calibration-tb-cal-9212/dp/14AJ5749,0,951,DIRECT_SHIP,0,False,Active,09-30-2026,Inactive
787156-01,https://www.digikey.com/en/products/detail/ni/787156-01/18710090,0,92.25,Active,https://www.newark.com/ni-now-part-of-emerson/787156-01/rmx-400x-frame-link-cable/dp/28AK5047,0,82,DIRECT_SHIP,0,False,Active,09-30-2026,Inactive
788281-01,https://www.digikey.com/en/products/detail/ni/788281-01/18710226,0,1139.29,Active,https://www.newark.com/ni-now-part-of-emerson/788281-01/shdb13w6-4triaxm-low-noise-dsub/dp/46AK9927,0,822,DIRECT_SHIP,0,False,Active,09-30-2026,Inactive
778039-01,https://www.digikey.com/en/products/detail/ni/778039-01/16648429,3,1379.25,Active,https://www.newark.com,0,0,,3,True,Active,09-30-2026,Active
789885-01,https://www.digikey.com/en/products/detail/ni/789885-01/27259510,1,1384.61,Active,https://www.newark.com,0,0,,1,True,Active,09-30-2026,Active
783349-01,https://www.digikey.com/en/products/detail/ni/783349-01/18709765,5,145.12,Active,https://www.newark.com,0,0,,5,True,Active,09-30-2026,Active
782262-01,https://www.digikey.com/en/products/detail/ni/782262-01/16648546,0,10097.01,Active,https://www.newark.com/ni-now-part-of-emerson/782262-01/multifunction-i-o-device-usb-6366/dp/14AJ5496,0,7285,DIRECT_SHIP,0,False,Active,09-30-2026,Inactive
783007-01,https://www.digikey.com,0,0,,https://www.newark.com/ni-now-part-of-emerson/783007-01/gpib-instrument-control-device/dp/13AJ4052,0,1717,DIRECT_SHIP,0,False,Active,09-30-2026,Inactive
787455-01,https://www.digikey.com/en/products/detail/ni/787455-01/16647287,0,32548.82,Active,https://www.newark.com,0,0,,0,False,Active,09-30-2026,Inactive
784162-01,https://www.digikey.com/en/products/detail/ni/784162-01/18710278,0,259.88,Active,https://www.newark.com/ni-now-part-of-emerson/784162-01/lemo-plug-custom-cable/dp/14AJ5892,0,231,DIRECT_SHIP,0,False,Active,09-30-2026,Inactive
786744-01,https://www.digikey.com/en/products/detail/ni/786744-01/15218866,0,131.67,Active,https://www.newark.com/ni-now-part-of-emerson/786744-01/carrying-handle-compactrio-compactdaq/dp/14AJ6320,0,95,DIRECT_SHIP,0,False,Active,09-30-2026,Inactive
776801-35,https://www.digikey.com/en/products/detail/ni/776801-35/15668169,0,3513.77,Active,https://www.newark.com/digithead/776801-35/labwindows-cvi-base-dev-system/dp/92AH3805,0,0,NO_LONGER_STOCKED,0,False,Active,09-30-2026,Inactive
790589-01,https://www.digikey.com/en/products/detail/ni/790589-01/27381168,9,2136.38,Active,https://www.newark.com,0,0,,9,True,Active,09-30-2026,Active
6002-410-038,https://www.digikey.com/en/products/detail/digilent-inc/6002-410-038/26946440,0,10210.07,Active,https://www.newark.com/digilent/6002-410-038/usrp-e320-sdr-device-56mhz/dp/51AM2575,0,10210,DIRECT_SHIP,0,False,Active,09-30-2026,Inactive
782385-14,https://www.digikey.com/en/products/detail/ni/782385-14/18710757,0,889.88,Active,https://www.newark.com/ni-now-part-of-emerson/782385-14/tb-tb-2646b-2532b/dp/14AJ5537,0,791,DIRECT_SHIP,0,False,Active,09-30-2026,Inactive
784063-35WM,https://www.digikey.com/en/products/detail/ni/784063-35WM/18709837,0,5755.01,Discontinued at DigiKey,https://www.newark.com/ni-now-part-of-emerson/784063-35wm/test-software/dp/15AJ0949,0,5936,STOCKED,0,False,Active,09-30-2026,Inactive
785256-02,https://www.digikey.com/en/products/detail/ni/785256-02/18710186,0,5237.69,Active,https://www.newark.com/ni-now-part-of-emerson/785256-02/inverter-control-bundle-oem/dp/14AJ6073,0,3779,DIRECT_SHIP,0,False,Active,09-30-2026,Inactive
783863-01,https://www.digikey.com/en/products/detail/ni/783863-01/15218953,5,2136.38,Active,https://www.newark.com,0,0,,5,True,Active,09-30-2026,Active
780159-02,https://www.digikey.com/en/products/detail/ni/780159-02/15218976,2,4162.5,Active,https://www.newark.com,0,0,,2,True,Active,09-30-2026,Active
6002-410-027,https://www.digikey.com/en/products/detail/digilent-inc/6002-410-027/16970317,41,2124.01,Active,https://www.newark.com,0,0,,41,True,Active,09-30-2026,Active
782984-35,https://www.digikey.com/en/products/detail/ni/782984-35/27259408,0,6391,Active,https://www.newark.com/ni-now-part-of-emerson/782984-35/test-software/dp/15AJ0330,0,5000,STOCKED,0,False,Active,09-30-2026,Inactive
6002-410-028,https://www.digikey.com,0,0,,https://www.newark.com,0,0,,0,False,Obsolete,09-30-2026,Inactive
192061-10,https://www.digikey.com/en/products/detail/ni/192061-10/16648899,19,504,Active,https://www.newark.com,0,0,,19,True,Active,09-30-2026,Active
782720-02,https://www.digikey.com/en/products/detail/ni/782720-02/18710245,0,245.32182,Active,https://www.newark.com/ni-now-part-of-emerson/782720-02/conn-kit-swb-2807/dp/14AJ5602,0,177,DIRECT_SHIP,0,False,Active,09-30-2026,Inactive
789600-26210,https://www.digikey.com/en/products/detail/ni/789600-26210/27259562,0,277344.14,Active,https://www.newark.com,0,0,,0,False,Active,09-30-2026,Inactive
340-002-1,https://www.digikey.com/en/products/detail/digilent-inc/340-002-1/9556131,361,64.06,Active,https://www.newark.com,0,0,,361,True,Active,09-30-2026,Active
784848-01,https://www.digikey.com/en/products/detail/ni/784848-01/16648517,0,98.41,Active,https://www.newark.com/ni-now-part-of-emerson/784848-01/10-32-screws-0-625in-qty-100-for/dp/14AK5355,0,71,DIRECT_SHIP,0,False,Active,09-30-2026,Inactive
785596-01,https://www.digikey.com/en/products/detail/ni/785596-01/16647398,0,35589.71,Active,https://www.newark.com,0,0,,0,False,Active,09-30-2026,Inactive
785813-01,https://www.digikey.com/en/products/detail/ni/785813-01/12817897,0,3247.88,Active,https://www.newark.com/ni-now-part-of-emerson/785813-01/multifunction-i-o-device-pcie/dp/14AJ6199,0,2887,DIRECT_SHIP,0,False,Active,09-30-2026,Inactive
784364-01,https://www.digikey.com/en/products/detail/ni/784364-01/16647291,0,16302.13,Active,https://www.newark.com/ni-now-part-of-emerson/784364-01/transceiver-adapter-mod-flexrio/dp/14AJ5933,0,11762,DIRECT_SHIP,0,False,Active,09-30-2026,Inactive
867120-04,https://www.digikey.com/en/products/detail/ni/867120-04/27259638,0,14012.46,Active,https://www.newark.com,0,0,,0,False,Active,09-30-2026,Inactive
787037-01,https://www.digikey.com/en/products/detail/ni/787037-01/16647721,0,119.2,Active,https://www.newark.com/ni-now-part-of-emerson/787037-01/test-cable-assembly-fielddaq-cable/dp/14AJ6371,0,86,DIRECT_SHIP,0,False,Active,09-30-2026,Inactive
788427-35WM,https://www.digikey.com/en/products/detail/ni/788427-35WM/18710449,0,2096.79,Discontinued at DigiKey,https://www.newark.com/ni-now-part-of-emerson/788427-35wm/test-software-vision-development/dp/95AJ6907,0,2102,STOCKED,0,False,Active,09-30-2026,Inactive
782351-01,https://www.digikey.com/en/products/detail/ni/782351-01/12817639,10,1813.5,Active,https://www.newark.com,0,0,,10,True,Active,09-30-2026,Active
786918-01,https://www.digikey.com/en/products/detail/ni/786918-01/18710631,0,32871.76,Active,https://www.newark.com/ni-now-part-of-emerson/786918-01/usrp-n320-non-tpm-2-tx-rx-channels/dp/27AJ2576,0,23717,DIRECT_SHIP,0,False,Active,09-30-2026,Inactive
788369-35,https://www.digikey.com/en/products/detail/ni/788369-35/18710649,0,2212.56,Active,https://www.newark.com/ni-now-part-of-emerson/788369-35/test-software-labview-full-download/dp/95AJ6856,0,1731,STOCKED,0,False,Active,09-30-2026,Inactive
240-030,https://www.digikey.com/en/products/detail/digilent-inc/240-030/4090161,35,21,Active,https://www.newark.com,0,0,,35,True,Active,09-30-2026,Active
787089-01,https://www.digikey.com/en/products/detail/ni/787089-01/15218889,0,1743.59,Active,https://www.newark.com/ni-now-part-of-emerson/787089-01/digital-module-c-series-ni-9470/dp/14AJ6385,0,1258,DIRECT_SHIP,0,False,Active,09-30-2026,Inactive
788357-01,https://www.digikey.com/en/products/detail/ni/788357-01/27259564,0,18498.94,Active,https://www.newark.com/ni-now-part-of-emerson/788357-01/interface-module-gmsl-pxie-1489/dp/87AK1844,0,13347,DIRECT_SHIP,0,False,Active,09-30-2026,Inactive
777970-35WM,https://www.digikey.com/en/products/detail/ni/777970-35WM/27259216,0,0,Discontinued at DigiKey,https://www.newark.com/ni-now-part-of-emerson/777970-35wm/test-software/dp/14AJ7342,0,4065,STOCKED,0,False,Active,09-30-2026,Inactive
779010-01,https://www.digikey.com/en/products/detail/ni/779010-01/13983345,0,421.82,Obsolete,https://www.newark.com/ni-now-part-of-emerson/779010-01/digital-i-p-module-univ-c-series/dp/13AJ3820,8,413.1,DIRECT_SHIP,8,True,Active,09-30-2026,Active
786443-01,https://www.digikey.com/en/products/detail/ni/786443-01/18710459,0,180,Active,https://www.newark.com/ni-now-part-of-emerson/786443-01/din-rail-mounting-kit-fielddaq/dp/14AJ6291,0,160,DIRECT_SHIP,0,False,Active,09-30-2026,Inactive
788398-35,https://www.digikey.com/en/products/detail/ni/788398-35/18709984,0,2061.74,Active,https://www.newark.com/ni-now-part-of-emerson/788398-35/test-software-multisim-full-edition/dp/95AJ6889,0,1613,STOCKED,0,False,Active,09-30-2026,Inactive
781118-01,https://www.digikey.com/en/products/detail/ni/781118-01/16648701,0,2924.46,Active,https://www.newark.com/ni-now-part-of-emerson/781118-01/current-i-p-module-c-series-sbrio/dp/14AJ5231,0,2110,DIRECT_SHIP,0,False,Active,09-30-2026,Inactive
781056-01,https://www.digikey.com/en/products/detail/ni/781056-01/16647301,5,5099.62,Active,https://www.newark.com,0,0,,5,True,Active,09-30-2026,Active
410-373,https://www.digikey.com/en/products/detail/digilent-inc/410-373/9383834,0,11,Active,https://www.newark.com/amp-te-connectivity/4-103739-0/80-modii-hdr-drst-b-a-100cl/dp/17H8279,0,21.43,NO_LONGER_STOCKED,0,False,Active,09-30-2026,Inactive
781337-01,https://www.digikey.com/en/products/detail/ni/781337-01/16647246,5,5045.62,Active,https://www.newark.com,0,0,,5,True,Active,09-30-2026,Active
784995-01,https://www.digikey.com/en/products/detail/ni/784995-01/16648533,3,306,Active,https://www.newark.com,0,0,,3,True,Active,09-30-2026,Active
787453-01,https://www.digikey.com/en/products/detail/ni/787453-01/27259340,0,32548.82,Active,https://www.newark.com/ni-now-part-of-emerson/787453-01/interface-module-fpd-link-pxie/dp/87AK1830,0,23484,DIRECT_SHIP,0,False,Active,09-30-2026,Inactive
781421-16,https://www.digikey.com/en/products/detail/ni/781421-16/16648228,0,14411.63,Active,https://www.newark.com/ni-now-part-of-emerson/781421-16/matrix-module-swb-2816-8mhz-reed/dp/14AJ5332,0,10398,DIRECT_SHIP,0,False,Active,09-30-2026,Inactive
783830-01,https://www.digikey.com/en/products/detail/ni/783830-01/16647498,2,3295.12,Active,https://www.newark.com,0,0,,2,True,Active,09-30-2026,Active
786819-02,https://www.digikey.com/en/products/detail/ni/786819-02/18710190,0,159.75,Active,https://www.newark.com/ni-now-part-of-emerson/786819-02/rs-232-rj45-to-db9-serial-cable/dp/80AJ9368,0,142,DIRECT_SHIP,0,False,Active,09-30-2026,Inactive
776249-05,https://www.digikey.com/en/products/detail/ni/776249-05/16648480,0,187.11,Active,https://www.newark.com/ni-now-part-of-emerson/776249-05/test-cable-assembly-ribbon-cable/dp/13AJ3646,0,135,DIRECT_SHIP,0,False,Active,09-30-2026,Inactive
777335-01,https://www.digikey.com/en/products/detail/ni/777335-01/18710482,0,1202.62,Active,https://www.newark.com/ni-now-part-of-emerson/777335-01/test-psu-fieldbus-benchtop-univ/dp/13AJ3677,0,1069,DIRECT_SHIP,0,False,Active,09-30-2026,Inactive
788651-01,https://www.digikey.com/en/products/detail/ni/788651-01/18710096,2,1158.7,Active,https://www.newark.com,0,0,,2,True,Active,09-30-2026,Active
779014-01,https://www.digikey.com/en/products/detail/ni/779014-01/15219183,18,1372.5,Active,https://www.newark.com,0,0,,18,True,Active,09-30-2026,Active
867015-01,https://www.digikey.com/en/products/detail/ni/867015-01/16675068,0,50478.75,Active,https://www.newark.com/ni-now-part-of-emerson/867015-01/pc-usb-oscilloscope-pxie-5162/dp/47AK5809,0,44870,DIRECT_SHIP,0,False,Active,09-30-2026,Inactive
780587-25,https://www.digikey.com/en/products/detail/ni/780587-25/16648565,0,4168.12,Active,https://www.newark.com/ni-now-part-of-emerson/780587-25/mux-sw-module-pxie-2525-10mhz/dp/13AJ3933,0,3779.1,DIRECT_SHIP,0,False,Active,09-30-2026,Inactive
867113-03,https://www.digikey.com/en/products/detail/ni/867113-03/18710406,0,33957,Active,https://www.newark.com/ni-now-part-of-emerson/867113-03/lcr-meter-bundle-bench-pxie-lcr5100/dp/24AM0194,0,24500,DIRECT_SHIP,0,False,Active,09-30-2026,Inactive
787005-01,https://www.digikey.com/en/products/detail/ni/787005-01/16648000,0,84.546,Active,https://www.newark.com/ni-now-part-of-emerson/787005-01/tb-ni-9970-2-pos/dp/14AJ6367,0,61,DIRECT_SHIP,0,False,Active,09-30-2026,Inactive
782000-02,https://www.digikey.com/en/products/detail/ni/782000-02/15218931,0,4043.25,Active,https://www.newark.com/ni-now-part-of-emerson/782000-02/soundvibration-module-ni-9232/dp/14AJ5448,9,3665.88,DIRECT_SHIP,9,True,Active,09-30-2026,Active
781089-10,https://www.digikey.com/en/products/detail/ni/781089-10/16647475,0,383.92143,Active,https://www.newark.com/ni-now-part-of-emerson/781089-10/safety-relay-replacement-kit/dp/15AJ5755,0,277,DIRECT_SHIP,0,False,Active,09-30-2026,Inactive
780991-01,https://www.digikey.com/en/products/detail/ni/780991-01/18710716,0,2194.88,Active,https://www.newark.com/ni-now-part-of-emerson/780991-01/pcb-modally-tuned-icp-iepe-10mv/dp/26AK7134,0,1951,DIRECT_SHIP,0,False,Active,09-30-2026,Inactive
785171-01,https://www.digikey.com/en/products/detail/ni/785171-01/16647719,0,49754.63,Active,https://www.newark.com/ni-now-part-of-emerson/785171-01/pxie-5764-flexrio-digitizer-4/dp/37AJ7043,0,35898,DIRECT_SHIP,0,False,Active,09-30-2026,Inactive
783130-01,https://www.digikey.com/en/products/detail/ni/783130-01/16648402,0,8561.25,Active,https://www.newark.com/ni-now-part-of-emerson/783130-01/digital-multimeter-pxie-4081/dp/13AJ4054,25,7762.2,DIRECT_SHIP,25,True,Active,09-30-2026,Active
790576-01,https://www.digikey.com/en/products/detail/ni/790576-01/27259488,0,23.62,Active,https://www.newark.com/ni-now-part-of-emerson/790576-01/spring-terminal-connector-12p/dp/47AM1349,0,21,DIRECT_SHIP,0,False,Active,09-30-2026,Inactive
788394-35,https://www.digikey.com/en/products/detail/ni/788394-35/18710258,0,841.06,Active,https://www.newark.com/ni-now-part-of-emerson/788394-35/test-software-switch-executive/dp/95AJ6884,0,671.16,STOCKED,0,False,Active,09-30-2026,Inactive
781518-01,https://www.digikey.com/en/products/detail/ni/781518-01/18710260,0,1823.62,Active,https://www.newark.com/ni-now-part-of-emerson/781518-01/tb-smb-2147-16-channel/dp/14AJ5360,0,1621,DIRECT_SHIP,0,False,Active,09-30-2026,Inactive
785570-01,https://www.digikey.com/en/products/detail/ni/785570-01/16648904,0,18988.2,Active,https://www.newark.com/ni-now-part-of-emerson/785570-01/multifunction-i-o-module-reconfigurable/dp/14AJ6100,0,13700,DIRECT_SHIP,0,False,Active,09-30-2026,Inactive
781514-01,https://www.digikey.com/en/products/detail/ni/781514-01/18709716,6,210.38,Active,https://www.newark.com,0,0,,6,True,Active,09-30-2026,Active
788714-01,https://www.digikey.com/en/products/detail/ni/788714-01/27259497,0,25362.72,Active,https://www.newark.com/ni-now-part-of-emerson/788714-01/interface-module-pxie-1487-8-port/dp/87AK1849,2,23953.68,DIRECT_SHIP,2,True,Active,09-30-2026,Active
778546-35,https://www.digikey.com/en/products/detail/ni/778546-35/27259691,0,2941.14,Active,https://www.newark.com/ni-now-part-of-emerson/778546-35/test-software-switch-executive/dp/15AJ5406,0,2301,STOCKED,0,False,Active,09-30-2026,Inactive
783610-02,https://www.digikey.com,0,0,,https://www.newark.com/ni-emerson/783610-02/ni-9231-cc-10-32-jack-8-ch-5v/dp/59AM1164,0,5826,DIRECT_SHIP,0,False,Active,09-30-2026,Inactive
195950-02,https://www.digikey.com/en/products/detail/ni/195950-02/15219182,489,21.94,Active,https://www.newark.com,0,0,,489,True,Active,09-30-2026,Active
781160-02,https://www.digikey.com/en/products/detail/ni/781160-02/16648409,3,4567.5,Active,https://www.newark.com,0,0,,3,True,Active,09-30-2026,Active
784146-01,https://www.digikey.com/en/products/detail/ni/784146-01/16647611,1,12072.38,Active,https://www.newark.com,0,0,,1,True,Active,09-30-2026,Active
781785-01,https://www.digikey.com/en/products/detail/ni/781785-01/16648684,0,0,Obsolete,https://www.newark.com,0,0,,0,False,Obsolete,09-30-2026,Inactive
785767-01,https://www.digikey.com/en/products/detail/ni/785767-01/27259593,0,3003.46,Active,https://www.newark.com/ni-now-part-of-emerson/785767-01/pxi-oscilloscope-pxie-5110-100/dp/14AJ6183,1,2210.34,DIRECT_SHIP,1,True,Active,09-30-2026,Active
780536-01,https://www.digikey.com/en/products/detail/ni/780536-01/16647521,1,9444.38,Active,https://www.newark.com,0,0,,1,True,Active,09-30-2026,Active
786459-01,https://www.digikey.com/en/products/detail/ni/786459-01/16648675,2,635.62,Active,https://www.newark.com,0,0,,2,True,Active,09-30-2026,Active
783871-01,https://www.digikey.com,0,0,,https://www.newark.com/ni-now-part-of-emerson/783871-01/tb-tb-4302-current-input-front/dp/14AJ5838,1,956.76,DIRECT_SHIP,1,True,Active,09-30-2026,Active
134234-01,https://www.digikey.com/en/products/detail/ni/134234-01/18709872,0,102.38,Active,https://www.newark.com/ni-now-part-of-emerson/134234-01/test-accessory-rack-mount-bracket/dp/32AK4708,0,91,DIRECT_SHIP,0,False,Active,09-30-2026,Inactive
183617-01,https://www.digikey.com/en/products/detail/ni/183617-01/18710542,0,2163.55,Active,https://www.newark.com/ni-now-part-of-emerson/183617-01/gpib-instrument-control-device/dp/13AJ3413,0,1561,DIRECT_SHIP,0,False,Active,09-30-2026,Inactive
187965-01,https://www.digikey.com/en/products/detail/ni/187965-01/18710664,0,2791.4,Active,https://www.newark.com/ni-now-part-of-emerson/187965-01/gpib-instrument-control-device/dp/13AJ3459,0,2014,DIRECT_SHIP,0,False,Active,09-30-2026,Inactive
6069-410-239,https://www.digikey.com/en/products/detail/digilent-inc/6069-410-239/23334415,0,12179.48,Active,https://www.newark.com,0,0,,0,False,Active,09-30-2026,Inactive
782887-01,https://www.digikey.com/en/products/detail/ni/782887-01/16818593,21,135,Active,https://www.newark.com,0,0,,21,True,Active,09-30-2026,Active
184670-01,https://www.digikey.com/en/products/detail/ni/184670-01/18710151,0,900.9,Active,https://www.newark.com/ni-now-part-of-emerson/184670-01/68m-50f-mio-cable-adapter/dp/25AK8083,0,650,DIRECT_SHIP,0,False,Active,09-30-2026,Inactive
785641-01,https://www.digikey.com/en/products/detail/ni/785641-01/16648768,1,4331.25,Active,https://www.newark.com,0,0,,1,True,Active,09-30-2026,Active
785984-01,https://www.digikey.com/en/products/detail/ni/785984-01/15218969,0,273.04,Active,https://www.newark.com/ni-now-part-of-emerson/785984-01/adapter-mount/dp/14AJ6239,0,197,DIRECT_SHIP,0,False,Active,09-30-2026,Inactive
194123-01,https://www.digikey.com/en/products/detail/ni/194123-01/18710436,0,84.55,Active,https://www.newark.com/ni-now-part-of-emerson/194123-01/test-cable-assembly-multifunction/dp/13AJ3523,0,61,DIRECT_SHIP,0,False,Active,09-30-2026,Inactive
783729-01,https://www.digikey.com/en/products/detail/ni/783729-01/15219085,9,1414.12,Active,https://www.newark.com,0,0,,9,True,Active,09-30-2026,Active
784184-10,https://www.digikey.com/en/products/detail/ni/784184-10/16648786,0,248.09,Active,https://www.newark.com/ni-now-part-of-emerson/784184-10/test-cable-assembly-sfp-cable/dp/14AJ5896,0,179,DIRECT_SHIP,0,False,Active,09-30-2026,Inactive
788280-02,https://www.digikey.com/en/products/detail/ni/788280-02/18710586,0,1045.04,Active,https://www.newark.com/ni-now-part-of-emerson/788280-02/shdb13w6-4bncm-low-noise-dsub/dp/46AK9925,0,754,DIRECT_SHIP,0,False,Active,09-30-2026,Inactive
780064-01,https://www.digikey.com/en/products/detail/ni/780064-01/18710388,0,4141.37,Active,https://www.newark.com/ni-now-part-of-emerson/780064-01/raid-ctrl-mod-pxi-express-ni-8262/dp/14AJ5029,0,2988,DIRECT_SHIP,0,False,Active,09-30-2026,Inactive
6002-410-036,https://www.digikey.com/en/products/detail/digilent-inc/6002-410-036/26946481,0,5800.04,Active,https://www.newark.com/digilent/6002-410-036/twinrx-80-usrp-daughterboard-10mhz/dp/51AM2573,0,5800,DIRECT_SHIP,0,False,Active,09-30-2026,Inactive
787713-01,https://www.digikey.com/en/products/detail/ni/787713-01/27259373,0,29194.7,Active,https://www.newark.com/ni-now-part-of-emerson/787713-01/pxie-7890-flexrio-multifunction/dp/01AM1707,0,21064,DIRECT_SHIP,0,False,Active,09-30-2026,Inactive
783094-01,https://www.digikey.com/en/products/detail/ni/783094-01/15218932,2,88.88,Active,https://www.newark.com,0,0,,2,True,Active,09-30-2026,Active
191667-01,https://www.digikey.com/en/products/detail/ni/191667-01/16648793,1,294.75,Active,https://www.newark.com,0,0,,1,True,Active,09-30-2026,Active
777665-01,https://www.digikey.com/en/products/detail/ni/777665-01/18709974,0,821.8975,Active,https://www.newark.com/ni-now-part-of-emerson/777665-01/rack-mount-kit-for-sc-2345-or/dp/27AK4426,0,593,DIRECT_SHIP,0,False,Active,09-30-2026,Inactive
781442-01,https://www.digikey.com/en/products/detail/ni/781442-01/12817889,3,3244.5,Active,https://www.newark.com,0,0,,3,True,Active,09-30-2026,Active
784956-01,https://www.digikey.com/en/products/detail/ni/784956-01/16818597,0,717.75,Active,https://www.newark.com/ni-now-part-of-emerson/784956-01/tb-tb-4309-pxie-4309-analog-input/dp/14AJ6011,1,650.76,DIRECT_SHIP,1,True,Active,09-30-2026,Active
786797-01,https://www.digikey.com/en/products/detail/ni/786797-01/15218959,0,46.12,Active,https://www.newark.com/ni-now-part-of-emerson/786797-01/din-rail-mounting-kit-crio-980x/dp/14AJ6334,4,41.82,DIRECT_SHIP,4,True,Active,09-30-2026,Active
787298-01,https://www.digikey.com/en/products/detail/ni/787298-01/16648407,0,6289.88,Active,https://www.newark.com/ni-now-part-of-emerson/787298-01/controller-compactrio-sbrio-9629/dp/14AJ6406,0,5591,DIRECT_SHIP,0,False,Active,09-30-2026,Inactive
785259-01,https://www.digikey.com/en/products/detail/ni/785259-01/15219149,48,2073.38,Active,https://www.newark.com,0,0,,48,True,Active,09-30-2026,Active
788387-35,https://www.digikey.com/en/products/detail/ni/788387-35/18710102,0,467.82,Active,https://www.newark.com/ni-now-part-of-emerson/788387-35/test-software-measurement-studio/dp/95AJ6876,0,366,STOCKED,0,False,Active,09-30-2026,Inactive
779356-01,https://www.digikey.com/en/products/detail/ni/779356-01/16647260,0,383.92,Active,https://www.newark.com/ni-now-part-of-emerson/779356-01/sgl-relay-replacement-kit-axicom/dp/15AJ5734,0,277,DIRECT_SHIP,0,False,Active,09-30-2026,Inactive
460-004,https://www.digikey.com/en/products/detail/digilent-inc/460-004/4840870,1421,27,Active,https://www.newark.com,0,0,,1421,True,Active,09-30-2026,Active
778572-96,https://www.digikey.com/en/products/detail/ni/778572-96/16647406,1,13459.5,Active,https://www.newark.com,0,0,,1,True,Active,09-30-2026,Active
781689-01,https://www.digikey.com/en/products/detail/ni/781689-01/18710019,0,1009.00667,Active,https://www.newark.com,0,0,,0,False,Active,09-30-2026,Inactive
784415-01,https://www.digikey.com/en/products/detail/ni/784415-01/18710257,4,1702.12,Active,https://www.newark.com,0,0,,4,True,Active,09-30-2026,Active
789565-01,https://www.digikey.com,0,0,,https://www.newark.com/ni-emerson/789565-01/pxie-4497-24-bit-204-8-ks-s-2/dp/18AN8574,0,16725,DIRECT_SHIP,0,False,Active,09-30-2026,Inactive
779535-01,https://www.digikey.com/en/products/detail/ni/779535-01/18710322,0,1009.00667,Active,https://www.newark.com/ni-now-part-of-emerson/779535-01/tb-tb-2676-pxi-2576-mux-switch/dp/14AJ4891,0,728,DIRECT_SHIP,0,False,Active,09-30-2026,Inactive
785647-02,https://www.digikey.com/en/products/detail/ni/785647-02/16648018,0,51966.68,Active,https://www.newark.com/ni-now-part-of-emerson/785647-02/pxie-5774-flexrio-digitizer-2/dp/37AJ7135,0,37494,DIRECT_SHIP,0,False,Active,09-30-2026,Inactive
781148-35WP,https://www.digikey.com,0,0,,https://www.newark.com/ni-now-part-of-emerson/781148-35wp/test-software/dp/24AM0144,0,1480.02,STOCKED,0,False,Active,09-30-2026,Inactive
6069-310-018,https://www.digikey.com/en/products/detail/digilent-inc/6069-310-018/23334468,1,31,Active,https://www.newark.com,0,0,,1,True,Active,09-30-2026,Active
151733-10,https://www.digikey.com/en/products/detail/ni/151733-10/16648693,0,65.14205,Active,https://www.newark.com/ni-now-part-of-emerson/151733-10/test-cable-assembly-ethernet-cable/dp/13AJ3216,0,47,DIRECT_SHIP,0,False,Active,09-30-2026,Inactive
782097-01,https://www.digikey.com/en/products/detail/ni/782097-01/16648180,0,24023.54,Active,https://www.newark.com/ni-now-part-of-emerson/782097-01/ni-5772-1-6-gs-s-12-bit-digitizer/dp/37AJ6259,0,17333,DIRECT_SHIP,0,False,Active,09-30-2026,Inactive
310-021-8,https://www.digikey.com/en/products/detail/digilent-inc/310-021-8/27259197,0,29.568,Active,https://www.newark.com,0,0,,0,False,Active,09-30-2026,Inactive
763061-02,https://www.digikey.com/en/products/detail/ni/763061-02/12709352,22,232.88,Active,https://www.newark.com,0,0,,22,True,Active,09-30-2026,Active
787299-01,https://www.digikey.com/en/products/detail/ni/787299-01/16648078,0,245.32,Active,https://www.newark.com/ni-now-part-of-emerson/787299-01/reed-relay-replacement-kit-pxi/dp/15AJ5796,0,177,DIRECT_SHIP,0,False,Active,09-30-2026,Inactive
784763-01,https://www.digikey.com/en/products/detail/ni/784763-01/16648854,0,6941.09,Active,https://www.newark.com/ni-now-part-of-emerson/784763-01/rmx-4122-1u-dc-power-supply-750w/dp/70AJ6804,0,5008,DIRECT_SHIP,0,False,Active,09-30-2026,Inactive
778413-35,https://www.digikey.com/en/products/detail/ni/778413-35/18709868,0,782.26,Active,https://www.newark.com/ni-now-part-of-emerson/778413-35/test-software-vision-acquisition/dp/15AJ5405,0,612,STOCKED,0,False,Active,09-30-2026,Inactive
157935-01,https://www.digikey.com/en/products/detail/ni/157935-01/15218983,0,37.42194,Active,https://www.newark.com/ni-now-part-of-emerson/157935-01/test-cable-assembly-power-cable/dp/13AJ3320,0,27,DIRECT_SHIP,0,False,Active,09-30-2026,Inactive
866576-05,https://www.digikey.com/en/products/detail/ni/866576-05/27259507,0,1448.37,Active,https://www.newark.com/ni-now-part-of-emerson/866576-05/vehicle-software-electronics-test/dp/87AK1918,0,1045,DIRECT_SHIP,0,False,Active,09-30-2026,Inactive
786199-0R152,https://www.digikey.com/en/products/detail/ni/786199-0R152/18710284,0,166.32,Active,https://www.newark.com/ni-now-part-of-emerson/786199-0r152/rf-cable-mmpx-m-to-sma-m-0-152/dp/47AK3156,0,120,DIRECT_SHIP,0,False,Active,09-30-2026,Inactive
782857-02,https://www.digikey.com/en/products/detail/ni/782857-02/16647635,2,5121,Active,https://www.newark.com,0,0,,2,True,Active,09-30-2026,Active
875406-01,https://www.digikey.com,0,0,,https://www.newark.com,0,0,,0,False,Obsolete,09-30-2026,Inactive
410-383-5EV,https://www.digikey.com/en/products/detail/digilent-inc/410-383-5EV/15771163,34,2095.01,Active,https://www.newark.com,0,0,,34,True,Active,09-30-2026,Active
867123-03,https://www.digikey.com/en/products/detail/ni/867123-03/16916061,0,8741.25,Active,https://www.newark.com,0,0,,0,False,Active,09-30-2026,Inactive
145230-05,https://www.digikey.com/en/products/detail/ni/145230-05/18710654,0,386.69,Active,https://www.newark.com/ni-now-part-of-emerson/145230-05/test-cable-assembly-camera-cable/dp/13AJ3193,0,279,DIRECT_SHIP,0,False,Active,09-30-2026,Inactive
789125-01,https://www.digikey.com/en/products/detail/ni/789125-01/26581965,0,2219.62,Active,https://www.newark.com/ni-now-part-of-emerson/789125-01/voltage-i-p-module-c-series-ni/dp/26AM2101,3,2012.46,DIRECT_SHIP,3,True,Active,09-30-2026,Active
776670-35WM,https://www.digikey.com/en/products/detail/ni/776670-35WM/27259563,0,0,Discontinued at DigiKey,https://www.newark.com/ni-now-part-of-emerson/776670-35wm/test-software-labview-full-edition/dp/14AJ7216,0,6057,STOCKED,0,False,Active,09-30-2026,Inactive
785674-01,https://www.digikey.com,0,0,,https://www.newark.com,0,0,,0,False,Obsolete,09-30-2026,Inactive
780576-01,https://www.digikey.com/en/products/detail/ni/780576-01/18710607,0,291.06,Active,https://www.newark.com/ni-now-part-of-emerson/780576-01/test-cable-assembly-usb-cable/dp/14AJ5121,0,210,DIRECT_SHIP,0,False,Active,09-30-2026,Inactive
782410-01,https://www.digikey.com/en/products/detail/ni/782410-01/18709904,0,2367.29,Active,https://www.newark.com/ni-now-part-of-emerson/782410-01/chassis-pxie-1071-pxi-system-4/dp/14AJ5541,0,1708,DIRECT_SHIP,0,False,Active,09-30-2026,Inactive
786014-01,https://www.digikey.com/en/products/detail/ni/786014-01/16648162,0,8633.39,Active,https://www.newark.com/ni-now-part-of-emerson/786014-01/rmx-4104-2u-dc-power-supply-1/dp/47AK3149,0,6229,DIRECT_SHIP,0,False,Active,09-30-2026,Inactive
777879-01,https://www.digikey.com/en/products/detail/ni/777879-01/18710371,0,645.75,Active,https://www.newark.com/ni-now-part-of-emerson/777879-01/tb-tb-2606/dp/13AJ3709,1,548.49,DIRECT_SHIP,1,True,Active,09-30-2026,Active
142948-01,https://www.digikey.com/en/products/detail/ni/142948-01/16648870,0,428.27,Active,https://www.newark.com,0,0,,0,False,Active,09-30-2026,Inactive
781513-01,https://www.digikey.com/en/products/detail/ni/781513-01/18709774,57,132.75,Active,https://www.newark.com,0,0,,57,True,Active,09-30-2026,Active
779376-01,https://www.digikey.com/en/products/detail/ni/779376-01/18710195,0,85.932,Active,https://www.newark.com/ni-now-part-of-emerson/779376-01/usb-digital-i-o-accessory-kit/dp/14AJ4855,0,62,DIRECT_SHIP,0,False,Active,09-30-2026,Inactive
787855-01,https://www.digikey.com,0,0,,https://www.newark.com/ni-now-part-of-emerson/787855-01/op-8913-16-ch-di-16-ch-do-lvttl/dp/75AJ3257,0,4549,DIRECT_SHIP,0,False,Active,09-30-2026,Inactive
783283-01,https://www.digikey.com/en/products/detail/ni/783283-01/13983295,2,2661.75,Active,https://www.newark.com,0,0,,2,True,Active,09-30-2026,Active
785334-01,https://www.digikey.com/en/products/detail/ni/785334-01/16648790,4,128.25,Active,https://www.newark.com,0,0,,4,True,Active,09-30-2026,Active
788214-01,https://www.digikey.com/en/products/detail/ni/788214-01/18710630,2,496.19,Active,https://www.newark.com,0,0,,2,True,Active,09-30-2026,Active
786077-01,https://www.digikey.com/en/products/detail/ni/786077-01/16648611,0,4155.23,Active,https://www.newark.com/ni-now-part-of-emerson/786077-01/nfc-forum-reference-listener-1/dp/37AJ7277,0,2998,DIRECT_SHIP,0,False,Active,09-30-2026,Inactive
782385-01,https://www.digikey.com/en/products/detail/ni/782385-01/18710030,1,913.5,Active,https://www.newark.com,0,0,,1,True,Active,09-30-2026,Active
784190-01,https://www.digikey.com/en/products/detail/ni/784190-01/16818610,35,214.88,Active,https://www.newark.com,0,0,,35,True,Active,09-30-2026,Active
789154-01,https://www.digikey.com/en/products/detail/ni/789154-01/27381164,7,1606.5,Active,https://www.newark.com,0,0,,7,True,Active,09-30-2026,Active
781473-02,https://www.digikey.com/en/products/detail/ni/781473-02/16647448,0,3747.38,Active,https://www.newark.com/ni-now-part-of-emerson/781473-02/serial-interface-module-pxie-8431/dp/14AJ5350,9,3397.62,DIRECT_SHIP,9,True,Active,09-30-2026,Active
779987-01,https://www.digikey.com/en/products/detail/ni/779987-01/15218954,10,527.62,Active,https://www.newark.com,0,0,,10,True,Active,09-30-2026,Active
780876-01,https://www.digikey.com/en/products/detail/ni/780876-01/16648075,0,1190.57,Active,https://www.newark.com/ni-now-part-of-emerson/780876-01/voltage-o-p-module-c-series-sbrio/dp/14AJ5159,0,859,DIRECT_SHIP,0,False,Active,09-30-2026,Inactive
763061-04,https://www.digikey.com/en/products/detail/ni/763061-04/16647466,3,280.12,Active,https://www.newark.com,0,0,,3,True,Active,09-30-2026,Active
6069-410-023,https://www.digikey.com/en/products/detail/digilent-inc/6069-410-023/16970337,47,1499.01,Active,https://www.newark.com,0,0,,47,True,Active,09-30-2026,Active
780878-01,https://www.digikey.com/en/products/detail/ni/780878-01/16647741,0,1538.46,Active,https://www.newark.com/ni-now-part-of-emerson/780878-01/voltage-i-p-module-c-series-sbrio/dp/14AJ5162,0,1110,DIRECT_SHIP,0,False,Active,09-30-2026,Inactive
785607-02,https://www.digikey.com/en/products/detail/ni/785607-02/16647732,64,190.12,Active,https://www.newark.com,0,0,,64,True,Active,09-30-2026,Active
745688-T10,https://www.digikey.com/en/products/detail/ni/745688-T10/18710762,0,128.25,Active,https://www.newark.com/ni-now-part-of-emerson/745688-t10/t-type-minithermocouple-plug-qty/dp/47AK3068,0,114,DIRECT_SHIP,0,False,Active,09-30-2026,Inactive
782766-01,https://www.digikey.com/en/products/detail/ni/782766-01/18710324,0,24.94802,Active,https://www.newark.com/ni-now-part-of-emerson/782766-01/cable-assembly-usb-a-to-b-adapter/dp/47AK3093,0,18,DIRECT_SHIP,0,False,Active,09-30-2026,Inactive
786818-01,https://www.digikey.com/en/products/detail/ni/786818-01/16648855,0,278.58556,Active,https://www.newark.com/ni-now-part-of-emerson/786818-01/banana-jack-adapter-pxie-4136/dp/14AJ6335,0,201,DIRECT_SHIP,0,False,Active,09-30-2026,Inactive
866574-03P,https://www.digikey.com/en/products/detail/ni/866574-03P/27259256,0,14704.07,Active,https://www.newark.com/ni-now-part-of-emerson/866574-03p/source-meter-unit/dp/86AK2074,0,10609,DIRECT_SHIP,0,False,Active,09-30-2026,Inactive
784806-01,https://www.digikey.com/en/products/detail/ni/784806-01/16648687,0,51469.11,Active,https://www.newark.com/ni-now-part-of-emerson/784806-01/ballard-mil-std-1553-2-ch-multi/dp/99AJ4302,0,37135,DIRECT_SHIP,0,False,Active,09-30-2026,Inactive
194739-02,https://www.digikey.com/en/products/detail/ni/194739-02/15219067,0,146.25,Active,https://www.newark.com/ni-now-part-of-emerson/194739-02/quarter-bridge-adapter-ni-9945/dp/14AJ7133,0,530.4,DIRECT_SHIP,0,False,Active,09-30-2026,Inactive
785368-01,https://www.digikey.com/en/products/detail/ni/785368-01/18710305,0,411.64,Active,https://www.newark.com/ni-now-part-of-emerson/785368-01/rf-cable-mmpx-m-to-sma-m-0-305/dp/47AK3130,0,297,DIRECT_SHIP,0,False,Active,09-30-2026,Inactive
6002-410-023,https://www.digikey.com/en/products/detail/digilent-inc/6002-410-023/15771166,115,1534.21,Active,https://www.newark.com,0,0,,115,True,Active,09-30-2026,Active
187375-05,https://www.digikey.com/en/products/detail/ni/187375-05/13922154,0,67.91405,Active,https://www.newark.com/ni-now-part-of-emerson/187375-05/test-cable-assembly-ethernet-cable/dp/13AJ3455,0,49,DIRECT_SHIP,0,False,Active,09-30-2026,Inactive
875431-01,https://www.digikey.com,0,0,,https://www.newark.com,0,0,,0,False,Obsolete,09-30-2026,Inactive
781963-01,https://www.digikey.com/en/products/detail/ni/781963-01/16647673,4,1669.5,Active,https://www.newark.com,0,0,,4,True,Active,09-30-2026,Active
782124-01,https://www.digikey.com/en/products/detail/ni/782124-01/16648379,1,982.12,Active,https://www.newark.com,0,0,,1,True,Active,09-30-2026,Active
867012-01,https://www.digikey.com/en/products/detail/ni/867012-01/16675073,0,16579.12,Active,https://www.newark.com/ni-now-part-of-emerson/867012-01/pc-usb-oscilloscope-8-bit-pxie/dp/47AK5806,0,14737,DIRECT_SHIP,0,False,Active,09-30-2026,Inactive
779970-02,https://www.digikey.com/en/products/detail/ni/779970-02/16648649,1,4632.75,Active,https://www.newark.com,0,0,,1,True,Active,09-30-2026,Active
140151-0R91,https://www.digikey.com/en/products/detail/ni/140151-0R91/18710261,0,195.43,Active,https://www.newark.com/ni-now-part-of-emerson/140151-0r91/test-cable-assembly-microphone/dp/13AJ3164,0,141,DIRECT_SHIP,0,False,Active,09-30-2026,Inactive
784277-01,https://www.digikey.com/en/products/detail/ni/784277-01/16648342,1,19786.5,Active,https://www.newark.com,0,0,,1,True,Active,09-30-2026,Active
196762-01,https://www.digikey.com/en/products/detail/ni/196762-01/18709975,5,819,Active,https://www.newark.com,0,0,,5,True,Active,09-30-2026,Active
779781-02,https://www.digikey.com/en/products/detail/ni/779781-02/15219082,0,2941.88,Active,https://www.newark.com/ni-now-part-of-emerson/779781-02/analog-i-p-module-univ-c-series/dp/13AJ3894,5,2667.3,DIRECT_SHIP,5,True,Active,09-30-2026,Active
781756-02,https://www.digikey.com/en/products/detail/ni/781756-02/18710518,0,8928,Active,https://www.newark.com/ni-now-part-of-emerson/781756-02/test-psu-pxi-4110/dp/14AJ5409,0,7936,DIRECT_SHIP,0,False,Active,09-30-2026,Inactive
781472-01,https://www.digikey.com/en/products/detail/ni/781472-01/13922169,0,2020.5,Active,https://www.newark.com/ni-now-part-of-emerson/781472-01/serial-interface-module-pxie-8430/dp/14AJ5348,24,1831.92,DIRECT_SHIP,24,True,Active,09-30-2026,Active
310-021-1,https://www.digikey.com/en/products/detail/digilent-inc/310-021-1/26598178,16,15,Active,https://www.newark.com,0,0,,16,True,Active,09-30-2026,Active
782260-01,https://www.digikey.com/en/products/detail/ni/782260-01/12817796,1,6118.88,Active,https://www.newark.com,0,0,,1,True,Active,09-30-2026,Active
783416-01,https://www.digikey.com/en/products/detail/ni/783416-01/15218942,1,436,Active,https://www.newark.com,0,0,,1,True,Active,09-30-2026,Active
6069-410-049,https://www.digikey.com/en/products/detail/digilent-inc/6069-410-049/21676547,5,2215.01,Active,https://www.newark.com,0,0,,5,True,Active,09-30-2026,Active
783863-02,https://www.digikey.com/en/products/detail/ni/783863-02/15218876,27,2406.38,Active,https://www.newark.com,0,0,,27,True,Active,09-30-2026,Active
779967-02,https://www.digikey.com/en/products/detail/ni/779967-02/16647354,3,20757.07,Active,https://www.newark.com,0,0,,3,True,Active,09-30-2026,Active
6069-300-010,https://www.digikey.com/en/products/detail/digilent-inc/6069-300-010/21676551,0,29,Active,https://www.newark.com,0,0,,0,False,Active,09-30-2026,Inactive
786926-01,https://www.digikey.com/en/products/detail/ni/786926-01/18710548,0,887.62,Active,https://www.newark.com/ni-now-part-of-emerson/786926-01/hdmi-splitter-board/dp/37AJ7503,0,789,DIRECT_SHIP,0,False,Active,09-30-2026,Inactive
182419-05,https://www.digikey.com/en/products/detail/ni/182419-05/18710635,0,651.42,Active,https://www.newark.com/ni-now-part-of-emerson/182419-05/test-cable-assembly-multifunction/dp/13AJ3373,0,470,DIRECT_SHIP,0,False,Active,09-30-2026,Inactive
784611-04,https://www.digikey.com/en/products/detail/ni/784611-04/18710253,0,22.5,Active,https://www.newark.com/ni-now-part-of-emerson/784611-04/test-cable-assembly-power-cable/dp/14AJ5963,0,20,DIRECT_SHIP,0,False,Active,09-30-2026,Inactive
784137-01,https://www.digikey.com/en/products/detail/ni/784137-01/15218848,1,196.88,Active,https://www.newark.com,0,0,,1,True,Active,09-30-2026,Active
787102-35WM,https://www.digikey.com/en/products/detail/ni/787102-35WM/18709775,0,4772.5,Discontinued at DigiKey,https://www.newark.com/ni-now-part-of-emerson/787102-35wm/test-software-vision-software/dp/15AJ1764,0,4830,STOCKED,0,False,Active,09-30-2026,Inactive
781320-01,https://www.digikey.com/en/products/detail/ni/781320-01/16648707,1,7267.5,Active,https://www.newark.com,0,0,,1,True,Active,09-30-2026,Active
787288-01,https://www.digikey.com/en/products/detail/ni/787288-01/16648300,0,5051.97,Active,https://www.newark.com/ni-now-part-of-emerson/787288-01/controller-compactrio-sbrio-9608/dp/14AJ6402,0,3645,DIRECT_SHIP,0,False,Active,09-30-2026,Inactive
192061-05,https://www.digikey.com/en/products/detail/ni/192061-05/16647792,7,396,Active,https://www.newark.com,0,0,,7,True,Active,09-30-2026,Active
785977-01,https://www.digikey.com/en/products/detail/ni/785977-01/16647868,0,45148.95,Active,https://www.newark.com/ni-now-part-of-emerson/785977-01/high-speed-serial-instrument-flexrio/dp/14AJ6236,0,32575,DIRECT_SHIP,0,False,Active,09-30-2026,Inactive
778311-35,https://www.digikey.com/en/products/detail/ni/778311-35/27259413,0,6491.98,Active,https://www.newark.com/ni-now-part-of-emerson/778311-35/test-software/dp/14AJ7369,0,5079,STOCKED,0,False,Active,09-30-2026,Inactive
783883-01,https://www.digikey.com/en/products/detail/ni/783883-01/18710145,4,1033.88,Active,https://www.newark.com,0,0,,4,True,Active,09-30-2026,Active
788845-01,https://www.digikey.com/en/products/detail/ni/788845-01/27259580,0,109232.05,Active,https://www.newark.com/ni-now-part-of-emerson/788845-01/vector-sgnl-transceiver-pxie-5841/dp/87AK1859,0,78811,DIRECT_SHIP,0,False,Active,09-30-2026,Inactive
782385-09,https://www.digikey.com/en/products/detail/ni/782385-09/18710508,0,913.5,Active,https://www.newark.com/ni-now-part-of-emerson/782385-09/tb-tb-2644b-2532b-as-8x32-matrix/dp/14AJ5532,0,812,DIRECT_SHIP,0,False,Active,09-30-2026,Inactive
781964-03,https://www.digikey.com/en/products/detail/ni/781964-03/12817896,69,1559.85,Active,https://www.newark.com,0,0,,69,True,Active,09-30-2026,Active
784177-01,https://www.digikey.com/en/products/detail/ni/784177-01/16647958,0,7315.88,Active,https://www.newark.com/ni-now-part-of-emerson/784177-01/remote-control-bundle-5-gbps/dp/36AJ7013,10,6633.06,DIRECT_SHIP,10,True,Active,09-30-2026,Active
786013-01,https://www.digikey.com/en/products/detail/ni/786013-01/16648400,0,6489.25,Active,https://www.newark.com/ni-now-part-of-emerson/786013-01/rmx-4102-2u-dc-power-supply-1/dp/82AJ0172,0,4682,DIRECT_SHIP,0,False,Active,09-30-2026,Inactive
6069-410-235,https://www.digikey.com/en/products/detail/digilent-inc/6069-410-235/23334331,0,12179.48,Active,https://www.newark.com,0,0,,0,False,Active,09-30-2026,Inactive
410-383-3EG,https://www.digikey.com/en/products/detail/digilent-inc/410-383-3EG/11615392,9,1515.36,Active,https://www.newark.com,0,0,,9,True,Active,09-30-2026,Active
240-137,https://www.digikey.com/en/products/detail/digilent-inc/240-137/9916326,383,11,Active,https://www.newark.com,0,0,,383,True,Active,09-30-2026,Active
789601-26201,https://www.digikey.com/en/products/detail/ni/789601-26201/27259633,0,241434.27,Active,https://www.newark.com/ni-now-part-of-emerson/789601-26201/pxie-5842-vst-2ghz-generation/dp/47AM1334,0,174195,DIRECT_SHIP,0,False,Active,09-30-2026,Inactive
779012-01,https://www.digikey.com/en/products/detail/ni/779012-01/15218934,40,1067.62,Active,https://www.newark.com,0,0,,40,True,Active,09-30-2026,Active
763431-05,https://www.digikey.com/en/products/detail/ni/763431-05/18710711,0,454.61,Active,https://www.newark.com/ni-now-part-of-emerson/763431-05/test-cable-assembly/dp/13AJ3635,0,328,DIRECT_SHIP,0,False,Active,09-30-2026,Inactive
784254-01,https://www.digikey.com/en/products/detail/ni/784254-01/16648110,0,1075.54,Active,https://www.newark.com/ni-now-part-of-emerson/784254-01/oscilloscope-test-probe-cp400x/dp/13AJ4113,0,776,DIRECT_SHIP,0,False,Active,09-30-2026,Inactive
785713-0402,https://www.digikey.com/en/products/detail/ni/785713-0402/18709957,0,70.69,Active,https://www.newark.com/ni-now-part-of-emerson/785713-0402/test-cable-assembly-power-cable/dp/14AJ6171,0,51,DIRECT_SHIP,0,False,Active,09-30-2026,Inactive
780538-01,https://www.digikey.com/en/products/detail/ni/780538-01/18709799,0,531,Active,https://www.newark.com/ni-now-part-of-emerson/780538-01/relay-module-electromechanical/dp/14AJ5109,0,472,DIRECT_SHIP,0,False,Active,09-30-2026,Inactive
779940-01,https://www.digikey.com/en/products/detail/ni/779940-01/15219184,0,1554.75,Active,https://www.newark.com/ni-now-part-of-emerson/779940-01/digital-module-c-series-ni-9478/dp/14AJ4990,3,1409.64,DIRECT_SHIP,3,True,Active,09-30-2026,Active
790508-35,https://www.digikey.com/en/products/detail/ni/790508-35/26946733,0,9586.5,Active,https://www.newark.com/ni-now-part-of-emerson/790508-35/systemlink-server-subscription/dp/44AM5332,0,7500,STOCKED,0,False,Active,09-30-2026,Inactive
777720-01,https://www.digikey.com/en/products/detail/ni/777720-01/18709884,0,235.62,Active,https://www.newark.com/ni-now-part-of-emerson/777720-01/test-cable-assembly-multifunction/dp/13AJ3699,0,170,DIRECT_SHIP,0,False,Active,09-30-2026,Inactive
140304-0R2,https://www.digikey.com/en/products/detail/ni/140304-0R2/18710426,0,500.35,Active,https://www.newark.com/ni-now-part-of-emerson/140304-0r2/test-cable-assembly-infiniband/dp/13AJ3171,0,361,DIRECT_SHIP,0,False,Active,09-30-2026,Inactive
788400-35WM,https://www.digikey.com/en/products/detail/ni/788400-35WM/27259241,0,0,Discontinued at DigiKey,https://www.newark.com/ni-emerson/788400-35wm/ultiboard-full-edition-subscription/dp/98AJ1134,0,1266,STOCKED,0,False,Active,09-30-2026,Inactive
198511-01,https://www.digikey.com/en/products/detail/ni/198511-01/18710222,0,207.9,Active,https://www.newark.com/ni-now-part-of-emerson/198511-01/test-cable-assembly-analog-cable/dp/13AJ3580,0,150,DIRECT_SHIP,0,False,Active,09-30-2026,Inactive
410-408,https://www.digikey.com/en/products/detail/digilent-inc/410-408/18154813,7,74,Active,https://www.newark.com,0,0,,7,True,Active,09-30-2026,Active
785711-02,https://www.digikey.com/en/products/detail/ni/785711-02/18709729,0,63.76,Active,https://www.newark.com/ni-now-part-of-emerson/785711-02/power-cord-ac-iec-c20-to-bare/dp/75AJ3220,0,46,DIRECT_SHIP,0,False,Active,09-30-2026,Inactive
867012-04,https://www.digikey.com/en/products/detail/ni/867012-04/18710276,0,16579.12,Active,https://www.newark.com,0,0,,0,False,Active,09-30-2026,Inactive
789817-01,https://www.digikey.com/en/products/detail/ni/789817-01/28313961,1,525.91,Active,https://www.newark.com,0,0,,1,True,Active,09-30-2026,Active
778700-01,https://www.digikey.com/en/products/detail/ni/778700-01/16648888,24,487.12,Active,https://www.newark.com,0,0,,24,True,Active,09-30-2026,Active
197991-01,https://www.digikey.com/en/products/detail/ni/197991-01/15218858,11,17.1,Active,https://www.newark.com,0,0,,11,True,Active,09-30-2026,Active
783591-03,https://www.digikey.com/en/products/detail/ni/783591-03/16648702,0,13348.12,Active,https://www.newark.com/ni-now-part-of-emerson/783591-03/pxi-oscilloscope-pxie-5114-125mhz/dp/14AJ5767,0,11337.67,DIRECT_SHIP,0,False,Active,09-30-2026,Inactive
867116-03,https://www.digikey.com/en/products/detail/ni/867116-03/16916076,0,10837.12,Active,https://www.newark.com/ni-now-part-of-emerson/867116-03/bench-digital-multimeter-7-5-digits/dp/87AK1924,0,9633,DIRECT_SHIP,0,False,Active,09-30-2026,Inactive
786186-01,https://www.digikey.com/en/products/detail/ni/786186-01/18710259,0,454.60833,Active,https://www.newark.com/ni-now-part-of-emerson/786186-01/rackmount-kit-for-rmx-410x-2u/dp/82AJ0174,0,328,DIRECT_SHIP,0,False,Active,09-30-2026,Inactive
783590-01,https://www.digikey.com/en/products/detail/ni/783590-01/16648084,1,13348.12,Active,https://www.newark.com,0,0,,1,True,Active,09-30-2026,Active
786341-01,https://www.digikey.com/en/products/detail/ni/786341-01/16648564,0,679.14,Active,https://www.newark.com/ni-now-part-of-emerson/786341-01/test-cable-assembly-sensor-cable/dp/14AJ6262,0,490,DIRECT_SHIP,0,False,Active,09-30-2026,Inactive
143045-03,https://www.digikey.com/en/products/detail/ni/143045-03/27259329,0,438.48,Active,https://www.newark.com/ni-now-part-of-emerson/143045-03/test-cable-assembly/dp/87AK1827,0,406,DIRECT_SHIP,0,False,Active,09-30-2026,Inactive
785944-03,https://www.digikey.com/en/products/detail/ni/785944-03/16648146,0,181.57,Active,https://www.newark.com/ni-now-part-of-emerson/785944-03/ip67-gigabit-ethernet-shielded/dp/57AJ6077,0,131,DIRECT_SHIP,0,False,Active,09-30-2026,Inactive
789889-01,https://www.digikey.com/en/products/detail/ni/789889-01/27259300,0,3186.41,Active,https://www.newark.com/ni-now-part-of-emerson/789889-01/multifunction-i-o-device-usb-6451/dp/20AM8696,3,2344.98,DIRECT_SHIP,3,True,Active,09-30-2026,Active
781157-01,https://www.digikey.com/en/products/detail/ni/781157-01/15219017,32,1932.75,Active,https://www.newark.com,0,0,,32,True,Active,09-30-2026,Active
199006-10,https://www.digikey.com/en/products/detail/ni/199006-10/16647204,0,619.54,Active,https://www.newark.com/ni-now-part-of-emerson/199006-10/test-cable-assembly-multifunction/dp/13AJ3587,0,447,DIRECT_SHIP,0,False,Active,09-30-2026,Inactive
6069-410-122,https://www.digikey.com/en/products/detail/digilent-inc/6069-410-122/23334337,3,1959.01,Active,https://www.newark.com,0,0,,3,True,Active,09-30-2026,Active
785770-01,https://www.digikey.com/en/products/detail/ni/785770-01/16647769,0,17257.09,Active,https://www.newark.com/ni-now-part-of-emerson/785770-01/pxie-5111-pxi-oscilloscope-350/dp/37AJ7160,0,12451,DIRECT_SHIP,0,False,Active,09-30-2026,Inactive
153500-02L,https://www.digikey.com/en/products/detail/ni/153500-02L/16818585,1,5995.12,Active,https://www.newark.com,0,0,,1,True,Active,09-30-2026,Active
781421-34,https://www.digikey.com/en/products/detail/ni/781421-34/16647517,0,8594.59,Active,https://www.newark.com/ni-now-part-of-emerson/781421-34/matrix-module-swb-2834-10mhz/dp/14AJ5335,0,6201,DIRECT_SHIP,0,False,Active,09-30-2026,Inactive
778966-01,https://www.digikey.com/en/products/detail/ni/778966-01/12817846,0,886.5,Active,https://www.newark.com/ni-now-part-of-emerson/778966-01/digital-i-o-device-pci-6511-64/dp/14AJ4757,0,788,DIRECT_SHIP,0,False,Active,09-30-2026,Inactive
789600-26510,https://www.digikey.com/en/products/detail/ni/789600-26510/27259412,0,184896.56,Active,https://www.newark.com/ni-now-part-of-emerson/789600-26510/vector-sgnl-transceiver-pxie-5842/dp/87AK1905,0,133403,DIRECT_SHIP,0,False,Active,09-30-2026,Inactive
785822-01,https://www.digikey.com/en/products/detail/ni/785822-01/12817865,7,2893.5,Active,https://www.newark.com,0,0,,7,True,Active,09-30-2026,Active
782605-01,https://www.digikey.com/en/products/detail/ni/782605-01/12817789,146,387,Active,https://www.newark.com,0,0,,146,True,Active,09-30-2026,Active
785182-01,https://www.digikey.com/en/products/detail/ni/785182-01/16647294,0,34878.69,Active,https://www.newark.com/ni-now-part-of-emerson/785182-01/pxie-5163-pxi-oscilloscope-200/dp/37AJ7050,0,25165,DIRECT_SHIP,0,False,Active,09-30-2026,Inactive
783799-01,https://www.digikey.com/en/products/detail/ni/783799-01/15219095,0,23.56,Active,https://www.newark.com/ni-now-part-of-emerson/783799-01/test-psu/dp/14AJ5806,0,17,DIRECT_SHIP,0,False,Active,09-30-2026,Inactive
784507-01,https://www.digikey.com/en/products/detail/ni/784507-01/16647188,2,405,Active,https://www.newark.com,0,0,,2,True,Active,09-30-2026,Active
780337-01,https://www.digikey.com/en/products/detail/ni/780337-01/16647817,1,9347.62,Active,https://www.newark.com,0,0,,1,True,Active,09-30-2026,Active
868106-02B,https://www.digikey.com/en/products/detail/ni/868106-02B/27259167,0,28881.47,Active,https://www.newark.com/ni-now-part-of-emerson/868106-02b/test-reference-architecture-static/dp/97AK1632,0,20838,DIRECT_SHIP,0,False,Active,09-30-2026,Inactive
875341-01,https://www.digikey.com,0,0,,https://www.newark.com,0,0,,0,False,Obsolete,09-30-2026,Inactive
784428-01,https://www.digikey.com/en/products/detail/ni/784428-01/18710568,0,98.41,Active,https://www.newark.com/ni-now-part-of-emerson/784428-01/test-cable-assembly-power-cable/dp/14AJ5942,0,71,DIRECT_SHIP,0,False,Active,09-30-2026,Inactive
785023-04,https://www.digikey.com/en/products/detail/ni/785023-04/16647225,1,33.75,Active,https://www.newark.com,0,0,,1,True,Active,09-30-2026,Active
783343-01,https://www.digikey.com/en/products/detail/ni/783343-01/18710536,3,168.75,Active,https://www.newark.com,0,0,,3,True,Active,09-30-2026,Active
783591-02,https://www.digikey.com/en/products/detail/ni/783591-02/16648497,0,12331.24,Active,https://www.newark.com/ni-now-part-of-emerson/783591-02/pxi-oscilloscope-pxie-5114-125mhz/dp/14AJ5766,0,8897,DIRECT_SHIP,0,False,Active,09-30-2026,Inactive
786657-01,https://www.digikey.com/en/products/detail/ni/786657-01/15218885,72,42.75,Active,https://www.newark.com,0,0,,72,True,Active,09-30-2026,Active
778311-35WP,https://www.digikey.com/en/products/detail/ni/778311-35WP/27259452,0,6491.98,Active,https://www.newark.com/ni-now-part-of-emerson/778311-35wp/test-software/dp/21AM0122,0,5079,STOCKED,0,False,Active,09-30-2026,Inactive
240-000,https://www.digikey.com/en/products/detail/digilent-inc/240-000/3902838,0,99,Obsolete,https://www.newark.com/coto-technology/2400-0055/reed-relay/dp/54X1763,0,0,NO_LONGER_STOCKED,0,False,Obsolete,09-30-2026,Inactive
778806-35WM,https://www.digikey.com/en/products/detail/ni/778806-35WM/27259423,0,0,Discontinued at DigiKey,https://www.newark.com/ni-now-part-of-emerson/778806-35wm/test-software-diadem-base-edition/dp/14AJ7614,0,2448,STOCKED,0,False,Active,09-30-2026,Inactive
780591-02,https://www.digikey.com/en/products/detail/ni/780591-02/16647209,0,4237,Active,https://www.newark.com/ni-now-part-of-emerson/780591-02/serial-interface-device-pcie-8430/dp/14AJ5137,0,3057,DIRECT_SHIP,0,False,Active,09-30-2026,Inactive
780587-48,https://www.digikey.com/en/products/detail/ni/780587-48/16648582,1,6774.75,Active,https://www.newark.com,0,0,,1,True,Active,09-30-2026,Active
157230-0R5,https://www.digikey.com/en/products/detail/ni/157230-0R5/15219107,1,106.88,Active,https://www.newark.com,0,0,,1,True,Active,09-30-2026,Active
763830-01,https://www.digikey.com/en/products/detail/ni/763830-01/16648092,9,54,Active,https://www.newark.com,0,0,,9,True,Active,09-30-2026,Active
783106-01,https://www.digikey.com/en/products/detail/ni/783106-01/15218871,6,3971.25,Active,https://www.newark.com,0,0,,6,True,Active,09-30-2026,Active
779139-01,https://www.digikey.com/en/products/detail/ni/779139-01/15218967,42,867.38,Active,https://www.newark.com,0,0,,42,True,Active,09-30-2026,Active
782948-01,https://www.digikey.com/en/products/detail/ni/782948-01/16647617,5,406.12,Active,https://www.newark.com,0,0,,5,True,Active,09-30-2026,Active
867010-01,https://www.digikey.com/en/products/detail/ni/867010-01/16675062,0,22516.96,Active,https://www.newark.com/ni-now-part-of-emerson/867010-01/pc-usb-oscilloscope-12-bits-pxie/dp/47AK5804,0,16246,DIRECT_SHIP,0,False,Active,09-30-2026,Inactive
779183-01,https://www.digikey.com/en/products/detail/ni/779183-01/18710514,8,616.5,Active,https://www.newark.com,0,0,,8,True,Active,09-30-2026,Active
785770-11,https://www.digikey.com/en/products/detail/ni/785770-11/16647196,0,20015.23,Active,https://www.newark.com/ni-now-part-of-emerson/785770-11/pxie-5111-pxi-oscilloscope-with/dp/37AJ7163,0,14729.82,DIRECT_SHIP,0,False,Active,09-30-2026,Inactive
781420-10,https://www.digikey.com/en/products/detail/ni/781420-10/16648718,0,9487.17,Active,https://www.newark.com/ni-now-part-of-emerson/781420-10/matrix-module-swb-2810-10mhz-reed/dp/14AJ5318,0,6845,DIRECT_SHIP,0,False,Active,09-30-2026,Inactive
779004-01,https://www.digikey.com/en/products/detail/ni/779004-01/13983302,11,231.75,Active,https://www.newark.com,0,0,,11,True,Active,09-30-2026,Active
778620-04,https://www.digikey.com/en/products/detail/ni/778620-04/15219161,10,94.5,Active,https://www.newark.com,0,0,,10,True,Active,09-30-2026,Active
875427-01,https://www.digikey.com,0,0,,https://www.newark.com,0,0,,0,False,Obsolete,09-30-2026,Inactive
785586-02,https://www.digikey.com/en/products/detail/ni/785586-02/16647956,0,60400.49,Active,https://www.newark.com/ni-now-part-of-emerson/785586-02/if-transceiver-flexrio-pxie-5785/dp/13AJ4140,0,43579,DIRECT_SHIP,0,False,Active,09-30-2026,Inactive
867110-03,https://www.digikey.com/en/products/detail/ni/867110-03/18709939,0,17114.33,Active,https://www.newark.com/ni-now-part-of-emerson/867110-03/smu-bundle-pxie-smu5100-1ch-20w/dp/24AM0192,0,12348,DIRECT_SHIP,0,False,Active,09-30-2026,Inactive
788280-04,https://www.digikey.com/en/products/detail/ni/788280-04/18710291,0,1308.38,Active,https://www.newark.com/ni-now-part-of-emerson/788280-04/shdb13w6-4bncm-low-noise-dsub/dp/46AK9926,0,944,DIRECT_SHIP,0,False,Active,09-30-2026,Inactive
788279-04,https://www.digikey.com/en/products/detail/ni/788279-04/18710016,0,1671.52,Active,https://www.newark.com/ni-now-part-of-emerson/788279-04/test-cable-assembly-d-sub-to-d/dp/46AK9923,0,1206,DIRECT_SHIP,0,False,Active,09-30-2026,Inactive
782752-01,https://www.digikey.com/en/products/detail/ni/782752-01/16648903,0,256.41,Active,https://www.newark.com/ni-now-part-of-emerson/782752-01/test-accessory-lfrx-daughterbrd/dp/27AJ2454,16,188.7,DIRECT_SHIP,16,True,Active,09-30-2026,Active
781145-35,https://www.digikey.com/en/products/detail/ni/781145-35/18710191,0,1607.98,Active,https://www.newark.com/ni-now-part-of-emerson/781145-35/test-software/dp/14AJ9473,0,1258,STOCKED,0,False,Active,09-30-2026,Inactive
786375-11,https://www.digikey.com/en/products/detail/ni/786375-11/16648847,0,21977.8,Active,https://www.newark.com/ni-now-part-of-emerson/786375-11/pxie-5113-pxi-oscilloscope-with/dp/37AJ7395,0,15857,DIRECT_SHIP,0,False,Active,09-30-2026,Inactive
6069-410-170,https://www.digikey.com/en/products/detail/digilent-inc/6069-410-170/23334431,0,919,Active,https://www.newark.com/digilent/6069-410-170/usb-1608gx-2ao-oem/dp/10AN3985,0,919,DIRECT_SHIP,0,False,Active,09-30-2026,Inactive
781154-35,https://www.digikey.com/en/products/detail/ni/781154-35/18710517,0,2129.48,Active,https://www.newark.com/ni-emerson/781154-35/test-software-vision-development/dp/14AJ9476,0,1666,STOCKED,0,False,Active,09-30-2026,Inactive
779097-01,https://www.digikey.com/en/products/detail/ni/779097-01/15219170,8,158.62,Active,https://www.newark.com,0,0,,8,True,Active,09-30-2026,Active
782248-02,https://www.digikey.com/en/products/detail/ni/782248-02/16647948,0,19153.13,Active,https://www.newark.com/ni-now-part-of-emerson/782248-02/at-1212-1-25gs-s-signal-generator/dp/47AK3089,0,13819,DIRECT_SHIP,0,False,Active,09-30-2026,Inactive
781475-01,https://www.digikey.com/en/products/detail/ni/781475-01/16647185,0,16155.22,Active,https://www.newark.com/ni-now-part-of-emerson/781475-01/multifunction-i-o-module-pxie/dp/14AJ5351,0,11656,DIRECT_SHIP,0,False,Active,09-30-2026,Inactive
782615-02,https://www.digikey.com/en/products/detail/ni/782615-02/15219043,2,4214.25,Active,https://www.newark.com,0,0,,2,True,Active,09-30-2026,Active
783816-01,https://www.digikey.com/en/products/detail/ni/783816-01/16647304,1,3458.25,Active,https://www.newark.com,0,0,,1,True,Active,09-30-2026,Active
776671-35WM,https://www.digikey.com/en/products/detail/ni/776671-35WM/27259171,0,0,Discontinued at DigiKey,https://www.newark.com/ni-now-part-of-emerson/776671-35wm/test-software-labview-base-edition/dp/14AJ7217,0,1959,STOCKED,0,False,Active,09-30-2026,Inactive
782055-01,https://www.digikey.com/en/products/detail/ni/782055-01/18710097,0,192.65385,Active,https://www.newark.com/ni-now-part-of-emerson/782055-01/tripod-adapter-plate-basler-ace/dp/38AJ3132,0,139,DIRECT_SHIP,0,False,Active,09-30-2026,Inactive
788511-01,https://www.digikey.com/en/products/detail/ni/788511-01/27259302,0,9585.58,Active,https://www.newark.com/ni-now-part-of-emerson/788511-01/sound-vibration-module-pxie-4468/dp/77AK6389,0,7607.6,DIRECT_SHIP,0,False,Active,09-30-2026,Inactive
132893-01,https://www.digikey.com,0,0,,https://www.newark.com,0,0,,0,False,Obsolete,09-30-2026,Inactive
789776-01,https://www.digikey.com/en/products/detail/ni/789776-01/27259655,0,496.12,Active,https://www.newark.com/ni-now-part-of-emerson/789776-01/test-accessory-48v-300w-auxiliary/dp/20AM3962,0,441,DIRECT_SHIP,0,False,Active,09-30-2026,Inactive
867118-02,https://www.digikey.com/en/products/detail/ni/867118-02/16916059,0,7536.38,Active,https://www.newark.com,0,0,,0,False,Active,09-30-2026,Inactive
776670-35,https://www.digikey.com/en/products/detail/ni/776670-35/15668162,0,4160,Obsolete,https://www.newark.com/ni-now-part-of-emerson/776670-35/test-software-labview-full-edition/dp/15AJ5390,0,6057,STOCKED,0,False,Active,09-30-2026,Inactive
786668-02,https://www.digikey.com/en/products/detail/ni/786668-02/18710573,0,234.23,Active,https://www.newark.com/ni-now-part-of-emerson/786668-02/test-cable-assembly-analog-cable/dp/14AJ6310,0,169,DIRECT_SHIP,0,False,Active,09-30-2026,Inactive
192288-0R3,https://www.digikey.com/en/products/detail/ni/192288-0R3/16648495,12,212.62,Active,https://www.newark.com,0,0,,12,True,Active,09-30-2026,Active
781632-01,https://www.digikey.com/en/products/detail/ni/781632-01/15219100,3,1533.38,Active,https://www.newark.com,0,0,,3,True,Active,09-30-2026,Active
410-434,https://www.digikey.com,0,0,,https://www.newark.com/digilent/410-434/analog-discovery-canvas-max-product/dp/47AM1297,0,200,DIRECT_SHIP,0,False,Active,09-30-2026,Inactive
778572-33,https://www.digikey.com/en/products/detail/ni/778572-33/16648474,1,11199.38,Active,https://www.newark.com,0,0,,1,True,Active,09-30-2026,Active
781692-01,https://www.digikey.com/en/products/detail/ni/781692-01/18710163,2,1213.88,Active,https://www.newark.com,0,0,,2,True,Active,09-30-2026,Active
778572-21,https://www.digikey.com/en/products/detail/ni/778572-21/16647469,0,4406.09,Active,https://www.newark.com/ni-now-part-of-emerson/778572-21/relay-module-pxi-2521-25mhz-dpst/dp/13AJ3756,0,3179,DIRECT_SHIP,0,False,Active,09-30-2026,Inactive
781325-01,https://www.digikey.com/en/products/detail/ni/781325-01/18709743,0,0,Obsolete,https://www.newark.com/ni-now-part-of-emerson/781325-01/student-kit-mydaq/dp/14AJ5285,0,316.2,DIRECT_SHIP,0,False,Active,09-30-2026,Inactive
780587-41,https://www.digikey.com/en/products/detail/ni/780587-41/16648338,0,11574.49,Active,https://www.newark.com/ni-now-part-of-emerson/780587-41/matrix-sw-module-pxie-2541-300mhz/dp/14AJ5128,0,8351,DIRECT_SHIP,0,False,Active,09-30-2026,Inactive
779892-03,https://www.digikey.com/en/products/detail/ni/779892-03/16648073,2,2147.62,Active,https://www.newark.com,0,0,,2,True,Active,09-30-2026,Active
783284-01,https://www.digikey.com/en/products/detail/ni/783284-01/15218929,0,4034.25,Active,https://www.newark.com/ni-now-part-of-emerson/783284-01/voltage-i-p-module-c-series-ni/dp/14AJ5690,9,3657.72,DIRECT_SHIP,9,True,Active,09-30-2026,Active
867014-02,https://www.digikey.com/en/products/detail/ni/867014-02/18710438,0,29351.25,Active,https://www.newark.com,0,0,,0,False,Active,09-30-2026,Inactive
785965-01,https://www.digikey.com/en/products/detail/ni/785965-01/16647281,0,1884.96,Active,https://www.newark.com/ni-now-part-of-emerson/785965-01/interface-module-lin-c-series/dp/14AJ6233,0,1360,DIRECT_SHIP,0,False,Active,09-30-2026,Inactive
787287-01,https://www.digikey.com/en/products/detail/ni/787287-01/16648205,1,3407.62,Active,https://www.newark.com,0,0,,1,True,Active,09-30-2026,Active
781486-01,https://www.digikey.com/en/products/detail/ni/781486-01/18710756,3,137.25,Active,https://www.newark.com,0,0,,3,True,Active,09-30-2026,Active
779928-35WP,https://www.digikey.com/en/products/detail/ni/779928-35WP/27259162,0,9884.32,Active,https://www.newark.com/ni-now-part-of-emerson/779928-35wp/test-software-circuit-design-suite/dp/24AM0143,0,7733,STOCKED,0,False,Active,09-30-2026,Inactive
152629-02,https://www.digikey.com/en/products/detail/ni/152629-02/18710069,0,699.93,Active,https://www.newark.com/ni-now-part-of-emerson/152629-02/test-cable-assembly-digital-cable/dp/13AJ3222,0,505,DIRECT_SHIP,0,False,Active,09-30-2026,Inactive
240-116,https://www.digikey.com/en/products/detail/digilent-inc/240-116/9445916,4,11,Active,https://www.newark.com,0,0,,4,True,Active,09-30-2026,Active
782531-01,https://www.digikey.com/en/products/detail/ni/782531-01/18710014,0,98.40615,Active,https://www.newark.com/ni-now-part-of-emerson/782531-01/usb-i2cspi-mounting-kit-non-oem/dp/14AJ5566,0,71,DIRECT_SHIP,0,False,Active,09-30-2026,Inactive
786990-01,https://www.digikey.com/en/products/detail/ni/786990-01/15219036,4,89,Active,https://www.newark.com,0,0,,4,True,Active,09-30-2026,Active
786342-01,https://www.digikey.com/en/products/detail/ni/786342-01/16647505,0,58.21,Active,https://www.newark.com/ni-now-part-of-emerson/786342-01/fan-filter-kit-pxie-1095-psu-slot/dp/14AJ6265,0,42,DIRECT_SHIP,0,False,Active,09-30-2026,Inactive
188374-0R3,https://www.digikey.com/en/products/detail/ni/188374-0R3/16647787,0,230.08,Active,https://www.newark.com/ni-now-part-of-emerson/188374-0r3/test-cable-assembly-coaxial-cable/dp/13AJ3462,0,166,DIRECT_SHIP,0,False,Active,09-30-2026,Inactive
788167-01,https://www.digikey.com/en/products/detail/ni/788167-01/27259281,0,14986.82,Active,https://www.newark.com/ni-now-part-of-emerson/788167-01/pxie-8862-2-6-ghz-8-core-i7-controller/dp/77AK5113,0,10813,DIRECT_SHIP,0,False,Active,09-30-2026,Inactive
867110-02,https://www.digikey.com/en/products/detail/ni/867110-02/18710588,0,13891.5,Active,https://www.newark.com,0,0,,0,False,Active,09-30-2026,Inactive
784777-02,https://www.digikey.com/en/products/detail/ni/784777-02/16647995,0,89211.28,Active,https://www.newark.com,0,0,,0,False,Active,09-30-2026,Inactive
781421-33,https://www.digikey.com/en/products/detail/ni/781421-33/16648316,0,8594.59,Active,https://www.newark.com/ni-now-part-of-emerson/781421-33/matrix-module-swb-2833-10mhz/dp/14AJ5334,0,6201,DIRECT_SHIP,0,False,Active,09-30-2026,Inactive
783730-01,https://www.digikey.com/en/products/detail/ni/783730-01/15219098,78,977.62,Active,https://www.newark.com,0,0,,78,True,Active,09-30-2026,Active
789601-26210,https://www.digikey.com/en/products/detail/ni/789601-26210/27259608,0,241434.27,Active,https://www.newark.com/ni-now-part-of-emerson/789601-26210/pxie-5842-vst-2ghz-analysis/dp/47AM1335,0,174195,DIRECT_SHIP,0,False,Active,09-30-2026,Inactive
158228-01,https://www.digikey.com/en/products/detail/ni/158228-01/18710385,0,680.525,Active,https://www.newark.com/ni-now-part-of-emerson/158228-01/test-cable-assembly-analog-cable/dp/13AJ3326,0,491,DIRECT_SHIP,0,False,Active,09-30-2026,Inactive
790509-35WM,https://www.digikey.com,0,0,,https://www.newark.com,0,0,,0,False,Obsolete,09-30-2026,Inactive
783412-01,https://www.digikey.com/en/products/detail/ni/783412-01/15219072,0,651.42,Active,https://www.newark.com/ni-now-part-of-emerson/783412-01/current-shunt-adapter-ni-9983/dp/14AJ5713,0,470,DIRECT_SHIP,0,False,Active,09-30-2026,Inactive
471-041,https://www.digikey.com/en/products/detail/digilent-inc/471-041/14305461,11,1044,Active,https://www.newark.com,0,0,,11,True,Active,09-30-2026,Active
785361-01,https://www.digikey.com/en/products/detail/ni/785361-01/16648694,1,4645.12,Active,https://www.newark.com,0,0,,1,True,Active,09-30-2026,Active
785831-01,https://www.digikey.com/en/products/detail/ni/785831-01/16647952,0,13506.75,Active,https://www.newark.com/ni-now-part-of-emerson/785831-01/controller-pxi-pxie-8861/dp/14AJ6206,0,12006,NO_LONGER_STOCKED,0,False,Active,09-30-2026,Inactive
150275-01,https://www.digikey.com/en/products/detail/ni/150275-01/18710194,0,964.66,Active,https://www.newark.com/ni-now-part-of-emerson/150275-01/test-cable-assembly-switch-cable/dp/13AJ3209,0,696,DIRECT_SHIP,0,False,Active,09-30-2026,Inactive
782255-01,https://www.digikey.com/en/products/detail/ni/782255-01/12817694,1,4009.5,Active,https://www.newark.com,0,0,,1,True,Active,09-30-2026,Active
6002-410-042,https://www.digikey.com/en/products/detail/digilent-inc/6002-410-042/26946453,0,1681.01,Active,https://www.newark.com/digilent/6002-410-042/pcie-interface-kit-4-port/dp/51AM2579,0,1681,DIRECT_SHIP,0,False,Active,09-30-2026,Inactive
784532-01,https://www.digikey.com/en/products/detail/ni/784532-01/16647869,0,7414.88,Active,https://www.newark.com/ni-now-part-of-emerson/784532-01/ni-slsc-12001-12-slot-chassis/dp/31AK8132,1,6722.82,DIRECT_SHIP,1,True,Active,09-30-2026,Active
785827-01,https://www.digikey.com/en/products/detail/ni/785827-01/18710670,0,250.866,Active,https://www.newark.com/ni-now-part-of-emerson/785827-01/test-cable-assy/dp/27AJ2555,0,181,DIRECT_SHIP,0,False,Active,09-30-2026,Inactive
784257-01,https://www.digikey.com/en/products/detail/ni/784257-01/16648795,0,9700.61,Active,https://www.newark.com/ni-now-part-of-emerson/784257-01/oscilloscope-test-probe-sa2500x/dp/14AJ5916,0,6999,DIRECT_SHIP,0,False,Active,09-30-2026,Inactive
781115-01,https://www.digikey.com/en/products/detail/ni/781115-01/16648825,0,1631.32,Active,https://www.newark.com/ni-now-part-of-emerson/781115-01/voltage-i-p-module-c-series-sbrio/dp/14AJ5230,0,1177,DIRECT_SHIP,0,False,Active,09-30-2026,Inactive
785831-33,https://www.digikey.com/en/products/detail/ni/785831-33/16648209,1,13284,Active,https://www.newark.com,0,0,,1,True,Active,09-30-2026,Active
783452-01,https://www.digikey.com/en/products/detail/ni/783452-01/16648515,2,13920.75,Active,https://www.newark.com,0,0,,2,True,Active,09-30-2026,Active
180524-30,https://www.digikey.com/en/products/detail/ni/180524-30/16648150,0,187.11,Active,https://www.newark.com/ni-now-part-of-emerson/180524-30/test-cable-assembly-ribbon-cable/dp/13AJ3360,0,135,DIRECT_SHIP,0,False,Active,09-30-2026,Inactive
138953-01,https://www.digikey.com/en/products/detail/ni/138953-01/27259298,0,321.5525,Active,https://www.newark.com/ni-now-part-of-emerson/138953-01/test-cable-assembly-1m/dp/87AK1824,0,232,DIRECT_SHIP,0,False,Active,09-30-2026,Inactive
157232-0R5,https://www.digikey.com/en/products/detail/ni/157232-0R5/15218925,8,31.5,Active,https://www.newark.com,0,0,,8,True,Active,09-30-2026,Active
783370-01,https://www.digikey.com/en/products/detail/ni/783370-01/12817756,17,1337.62,Active,https://www.newark.com,0,0,,17,True,Active,09-30-2026,Active
783149-01,https://www.digikey.com/en/products/detail/ni/783149-01/16648247,1,18847.11,Active,https://www.newark.com,0,0,,1,True,Active,09-30-2026,Active
785089-01,https://www.digikey.com/en/products/detail/ni/785089-01/18709727,0,650.03,Active,https://www.newark.com/ni-now-part-of-emerson/785089-01/rf-cable-sma-m-to-sma-m-pxie-5654/dp/47AK3124,0,469,DIRECT_SHIP,0,False,Active,09-30-2026,Inactive
776844-01,https://www.digikey.com/en/products/detail/ni/776844-01/12817820,9,732.38,Active,https://www.newark.com,0,0,,9,True,Active,09-30-2026,Active
790658-01,https://www.digikey.com/en/products/detail/ni/790658-01/28173892,0,5850,Active,https://www.newark.com/ni-now-part-of-emerson/790658-01/pxie-8842-pxi-ctrl-2-6ghz-512gb/dp/52AM0125,0,5304,DIRECT_SHIP,0,False,Active,09-30-2026,Inactive
779851-35WP,https://www.digikey.com/en/products/detail/ni/779851-35WP/27259393,0,4156.71,Active,https://www.newark.com/ni-now-part-of-emerson/779851-35wp/test-software-teststand-software/dp/87AK9559,0,3252,STOCKED,0,False,Active,09-30-2026,Inactive
787413-01,https://www.digikey.com/en/products/detail/ni/787413-01/18709918,0,52.88,Active,https://www.newark.com/ni-now-part-of-emerson/787413-01/test-cable-assembly-custom-cable/dp/15AJ5798,0,47,DIRECT_SHIP,0,False,Active,09-30-2026,Inactive
778572-49,https://www.digikey.com/en/products/detail/ni/778572-49/16647845,0,4932.77,Active,https://www.newark.com/ni-now-part-of-emerson/778572-49/relay-module-pxi-2549-2-7ghz-spdt/dp/13AJ3773,0,3559,DIRECT_SHIP,0,False,Active,09-30-2026,Inactive
787029-01,https://www.digikey.com/en/products/detail/ni/787029-01/18710507,0,3954.26,Active,https://www.newark.com/ni-now-part-of-emerson/787029-01/nfc-forum-reference-listener-antenna/dp/37AJ7520,0,2853,DIRECT_SHIP,0,False,Active,09-30-2026,Inactive
783487-01,https://www.digikey.com/en/products/detail/ni/783487-01/18710590,1,1904.62,Active,https://www.newark.com,0,0,,1,True,Active,09-30-2026,Active
780592-02,https://www.digikey.com/en/products/detail/ni/780592-02/16647765,0,4576.57,Active,https://www.newark.com/ni-now-part-of-emerson/780592-02/serial-interface-device-pcie-8431/dp/14AJ5138,2,3368.04,DIRECT_SHIP,2,True,Active,09-30-2026,Active
785065-01,https://www.digikey.com/en/products/detail/ni/785065-01/15218913,53,3083.62,Active,https://www.newark.com,0,0,,53,True,Active,09-30-2026,Active
787890-01,https://www.digikey.com/en/products/detail/ni/787890-01/16647183,2,6532.88,Active,https://www.newark.com,0,0,,2,True,Active,09-30-2026,Active
780993-03,https://www.digikey.com/en/products/detail/ni/780993-03/16648680,0,41846.11,Active,https://www.newark.com/ni-now-part-of-emerson/780993-03/digital-waveform-instrument-pxie/dp/14AJ5189,0,30192,DIRECT_SHIP,0,False,Active,09-30-2026,Inactive
785264-01,https://www.digikey.com/en/products/detail/ni/785264-01/16647310,0,40072.03,Active,https://www.newark.com/ni-now-part-of-emerson/785264-01/usrp-2955-4-rx-channels-10-6-ghz/dp/27AJ2544,0,28912,DIRECT_SHIP,0,False,Active,09-30-2026,Inactive
781661-01,https://www.digikey.com/en/products/detail/ni/781661-01/16648629,0,87.31793,Active,https://www.newark.com/ni-now-part-of-emerson/781661-01/lid-thumbscrew/dp/14AJ5385,0,63,DIRECT_SHIP,0,False,Active,09-30-2026,Inactive
778572-35,https://www.digikey.com/en/products/detail/ni/778572-35/16648469,0,10916.14,Active,https://www.newark.com/ni-now-part-of-emerson/778572-35/matrix-sw-module-pxi-2535-1mhz/dp/13AJ3762,0,7876,DIRECT_SHIP,0,False,Active,09-30-2026,Inactive
159103-02,https://www.digikey.com/en/products/detail/ni/159103-02/18710701,4,70.88,Active,https://www.newark.com,0,0,,4,True,Active,09-30-2026,Active
780879-01,https://www.digikey.com/en/products/detail/ni/780879-01/16647743,0,1876.64,Active,https://www.newark.com/ni-now-part-of-emerson/780879-01/serial-interface-module-c-series/dp/14AJ5163,0,1354,DIRECT_SHIP,0,False,Active,09-30-2026,Inactive
788491-35,https://www.digikey.com/en/products/detail/ni/788491-35/27259554,0,1342.11,Active,https://www.newark.com/ni-emerson/788491-35-3-seats-n-c/labview-for-academic-use-avl-perpetual/dp/89AM4998,0,3150,STOCKED,0,False,Active,09-30-2026,Inactive
788347-01,https://www.digikey.com/en/products/detail/ni/788347-01/27259218,0,476.78333,Active,https://www.newark.com/ni-now-part-of-emerson/788347-01/rack-mount-kit-pxi-rack-mount/dp/24AM0183,0,344,DIRECT_SHIP,0,False,Active,09-30-2026,Inactive
785628-01,https://www.digikey.com/en/products/detail/ni/785628-01/15218987,1,100.12,Active,https://www.newark.com,0,0,,1,True,Active,09-30-2026,Active
782580-02,https://www.digikey.com/en/products/detail/ni/782580-02/15219015,0,1424.81,Active,https://www.newark.com/ni-now-part-of-emerson/782580-02/multifunction-i-o-module-c-series/dp/14AJ5574,0,1028,DIRECT_SHIP,0,False,Active,09-30-2026,Inactive
184749-10,https://www.digikey.com/en/products/detail/ni/184749-10/18710051,0,575.19,Active,https://www.newark.com/ni-now-part-of-emerson/184749-10/test-cable-assembly-multifunction/dp/13AJ3427,0,415,DIRECT_SHIP,0,False,Active,09-30-2026,Inactive
785647-11,https://www.digikey.com/en/products/detail/ni/785647-11/18710310,0,41191.88,Active,https://www.newark.com/ni-now-part-of-emerson/785647-11/pxie-5774-flexrio-digitizer-with/dp/37AJ7137,0,36615,DIRECT_SHIP,0,False,Active,09-30-2026,Inactive
868063-01C,https://www.digikey.com/en/products/detail/ni/868063-01C/27259471,0,45747.7,Active,https://www.newark.com/ni-now-part-of-emerson/868063-01c/data-logger/dp/87AK1939,0,33007,DIRECT_SHIP,0,False,Active,09-30-2026,Inactive
777778-01,https://www.digikey.com/en/products/detail/ni/777778-01/18709956,0,104.62,Active,https://www.newark.com/ni-now-part-of-emerson/777778-01/conn-r-a-100-pin-rcpt/dp/13AJ3703,0,93,DIRECT_SHIP,0,False,Active,09-30-2026,Inactive
778807-35WM,https://www.digikey.com/en/products/detail/ni/778807-35WM/27259278,0,0,Discontinued at DigiKey,https://www.newark.com/ni-now-part-of-emerson/778807-35wm/test-software-diadem-advanced/dp/14AJ7615,0,5172,STOCKED,0,False,Active,09-30-2026,Inactive
789600-26211,https://www.digikey.com/en/products/detail/ni/789600-26211/27259186,0,335334.38,Active,https://www.newark.com/ni-now-part-of-emerson/789600-26211/vector-sgnl-transceiver-pxie-5842/dp/87AK1903,0,241944,DIRECT_SHIP,0,False,Active,09-30-2026,Inactive
187375-01,https://www.digikey.com/en/products/detail/ni/187375-01/13922159,0,54.05,Active,https://www.newark.com/ni-now-part-of-emerson/187375-01/test-cable-assembly-ethernet-cable/dp/13AJ3454,0,39,DIRECT_SHIP,0,False,Active,09-30-2026,Inactive
867010-02,https://www.digikey.com/en/products/detail/ni/867010-02/18710085,0,18276.75,Active,https://www.newark.com,0,0,,0,False,Active,09-30-2026,Inactive
785041-01,https://www.digikey.com/en/products/detail/ni/785041-01/15219075,29,1575,Active,https://www.newark.com,0,0,,29,True,Active,09-30-2026,Active
783813-01,https://www.digikey.com/en/products/detail/ni/783813-01/16648814,4,1757.25,Active,https://www.newark.com,0,0,,4,True,Active,09-30-2026,Active
790584-01,https://www.digikey.com/en/products/detail/ni/790584-01/28173872,3,8437.5,Active,https://www.newark.com,0,0,,3,True,Active,09-30-2026,Active
790585-01,https://www.digikey.com/en/products/detail/ni/790585-01/28173874,3,10687.5,Active,https://www.newark.com,0,0,,3,True,Active,09-30-2026,Active
779500-03,https://www.digikey.com/en/products/detail/ni/779500-03/16648525,0,285.75,Active,https://www.newark.com/ni-now-part-of-emerson/779500-03/test-cable-assembly/dp/13AJ3859,26,259.08,DIRECT_SHIP,26,True,Active,09-30-2026,Active
867122-04,https://www.digikey.com/en/products/detail/ni/867122-04/27259457,0,33639.61,Active,https://www.newark.com,0,0,,0,False,Active,09-30-2026,Inactive
194612-02,https://www.digikey.com/en/products/detail/ni/194612-02/15219045,1078,21.94,Active,https://www.newark.com,0,0,,1078,True,Active,09-30-2026,Active
310-021-7,https://www.digikey.com/en/products/detail/digilent-inc/310-021-7/27259514,0,18.48,Active,https://www.newark.com,0,0,,0,False,Active,09-30-2026,Inactive
867124-04,https://www.digikey.com/en/products/detail/ni/867124-04/27259388,0,11582.8,Active,https://www.newark.com,0,0,,0,False,Active,09-30-2026,Inactive
785976-01,https://www.digikey.com/en/products/detail/ni/785976-01/16647849,0,39241.82,Active,https://www.newark.com/ni-now-part-of-emerson/785976-01/high-speed-serial-instrument-flexrio/dp/14AJ6235,0,28313,DIRECT_SHIP,0,False,Active,09-30-2026,Inactive
780703-01,https://www.digikey.com/en/products/detail/ni/780703-01/18709790,72,104.62,Active,https://www.newark.com,0,0,,72,True,Active,09-30-2026,Active
769336-01,https://www.digikey.com/en/products/detail/ni/769336-01/18710955,3,72.07,Active,https://www.newark.com,0,0,,3,True,Active,09-30-2026,Active
784584-35WM,https://www.digikey.com/en/products/detail/ni/784584-35WM/18709885,0,2853.12,Discontinued at DigiKey,https://www.newark.com/ni-now-part-of-emerson/784584-35wm/test-software/dp/93AJ2413,0,2750,STOCKED,0,False,Active,09-30-2026,Inactive
310-021-6,https://www.digikey.com/en/products/detail/digilent-inc/310-021-6/27259236,0,20.944,Active,https://www.newark.com,0,0,,0,False,Active,09-30-2026,Inactive
776249-03,https://www.digikey.com/en/products/detail/ni/776249-03/16648067,2,104.62,Active,https://www.newark.com,0,0,,2,True,Active,09-30-2026,Active
789600-12211,https://www.digikey.com/en/products/detail/ni/789600-12211/27259621,0,273563.14,Active,https://www.newark.com,0,0,,0,False,Active,09-30-2026,Inactive
153158-10,https://www.digikey.com/en/products/detail/ni/153158-10/18709936,4,64.12,Active,https://www.newark.com,0,0,,4,True,Active,09-30-2026,Active
789957-02,https://www.digikey.com/en/products/detail/ni/789957-02/24398484,6,54,Active,https://www.newark.com,0,0,,6,True,Active,09-30-2026,Active
781678-01,https://www.digikey.com/en/products/detail/ni/781678-01/16648085,0,347.89,Active,https://www.newark.com/ni-now-part-of-emerson/781678-01/relay-replacement-kit-im42pns/dp/15AJ5763,0,251,DIRECT_SHIP,0,False,Active,09-30-2026,Inactive
782119-01,https://www.digikey.com/en/products/detail/ni/782119-01/18710269,2,824.62,Active,https://www.newark.com,0,0,,2,True,Active,09-30-2026,Active
784868-01,https://www.digikey.com/en/products/detail/ni/784868-01/18709728,8,74.25,Active,https://www.newark.com,0,0,,8,True,Active,09-30-2026,Active
763068-01,https://www.digikey.com/en/products/detail/ni/763068-01/16647202,1,54,Active,https://www.newark.com,0,0,,1,True,Active,09-30-2026,Active
867120-02,https://www.digikey.com/en/products/detail/ni/867120-02/16916047,0,11373.75,Active,https://www.newark.com,0,0,,0,False,Active,09-30-2026,Inactive
785065-02,https://www.digikey.com/en/products/detail/ni/785065-02/15219155,11,3816,Active,https://www.newark.com,0,0,,11,True,Active,09-30-2026,Active
763071-01,https://www.digikey.com/en/products/detail/ni/763071-01/18709927,1,55.12,Active,https://www.newark.com,0,0,,1,True,Active,09-30-2026,Active
779771-01,https://www.digikey.com/en/products/detail/ni/779771-01/16648355,0,3420.65,Active,https://www.newark.com/ni-now-part-of-emerson/779771-01/digital-multimeter-device-pcie/dp/13AJ3891,0,2468,DIRECT_SHIP,0,False,Active,09-30-2026,Inactive
866574-05B,https://www.digikey.com/en/products/detail/ni/866574-05B/27259643,0,23790.69,Active,https://www.newark.com/ni-now-part-of-emerson/866574-05b/ni-electronics-power-validation/dp/86AK2075,0,17165,DIRECT_SHIP,0,False,Active,09-30-2026,Inactive
786677-01,https://www.digikey.com/en/products/detail/ni/786677-01/16647484,0,2173.25,Active,https://www.newark.com/ni-now-part-of-emerson/786677-01/expansion-module-compactrio-crio/dp/14AJ6317,0,1568,DIRECT_SHIP,0,False,Active,09-30-2026,Inactive
788201-02,https://www.digikey.com/en/products/detail/ni/788201-02/27259296,0,6403.32,Active,https://www.newark.com/ni-now-part-of-emerson/788201-02/test-accessory-8ch-48v-2-4kw/dp/24AM0182,0,4620,DIRECT_SHIP,0,False,Active,09-30-2026,Inactive
785044-01,https://www.digikey.com/en/products/detail/ni/785044-01/15219097,14,910.12,Active,https://www.newark.com,0,0,,14,True,Active,09-30-2026,Active
783200-01,https://www.digikey.com/en/products/detail/ni/783200-01/16647285,0,9617.45,Active,https://www.newark.com/ni-now-part-of-emerson/783200-01/multifunction-i-o-device-reconfigurable/dp/14AJ5685,0,6939,DIRECT_SHIP,0,False,Active,09-30-2026,Inactive
785571-01,https://www.digikey.com/en/products/detail/ni/785571-01/16648697,1,18647.07,Active,https://www.newark.com,0,0,,1,True,Active,09-30-2026,Active
151733-01,https://www.digikey.com/en/products/detail/ni/151733-01/16647888,4,23.62,Active,https://www.newark.com,0,0,,4,True,Active,09-30-2026,Active
199429-01,https://www.digikey.com/en/products/detail/ni/199429-01/15218867,0,87.75,Active,https://www.newark.com/ni-now-part-of-emerson/199429-01/side-mounting-kit-ps-14-15-psu/dp/13AJ3592,0,78,DIRECT_SHIP,0,False,Active,09-30-2026,Inactive
779719-01,https://www.digikey.com/en/products/detail/ni/779719-01/18710619,0,8716.55,Active,https://www.newark.com/ni-now-part-of-emerson/779719-01/multifunction-i-o-device-usb-6009/dp/14AJ4954,0,6289,DIRECT_SHIP,0,False,Active,09-30-2026,Inactive
779967-03,https://www.digikey.com/en/products/detail/ni/779967-03/16648200,0,31236.28,Active,https://www.newark.com/ni-now-part-of-emerson/779967-03/pxi-oscilloscope-pxie-5122-100mhz/dp/14AJ5000,0,22537,DIRECT_SHIP,0,False,Active,09-30-2026,Inactive
785659-01,https://www.digikey.com/en/products/detail/ni/785659-01/16648559,1,309,Active,https://www.newark.com,0,0,,1,True,Active,09-30-2026,Active
785675-01,https://www.digikey.com,0,0,,https://www.newark.com/ni-emerson/785675-01/test-psu-dc/dp/14AJ6143,0,1640,DIRECT_SHIP,0,False,Active,09-30-2026,Inactive
136692-1000,https://www.digikey.com/en/products/detail/ni/136692-1000/27259315,0,495,Active,https://www.newark.com,0,0,,0,False,Active,09-30-2026,Inactive
789819-01,https://www.digikey.com/en/products/detail/ni/789819-01/28313561,0,1242.53,Active,https://www.newark.com/ni-now-part-of-emerson/789819-01/power-supply-ac-dc-24v-20a/dp/51AM2824,1,883.32,DIRECT_SHIP,1,True,Active,09-30-2026,Active
788596-01,https://www.digikey.com/en/products/detail/ni/788596-01/27259502,0,256.41,Active,https://www.newark.com/ni-now-part-of-emerson/788596-01/ts-15050-testscale-core-module/dp/71AK4739,0,185,DIRECT_SHIP,0,False,Active,09-30-2026,Inactive
779785-01,https://www.digikey.com/en/products/detail/ni/779785-01/15219136,16,3357,Active,https://www.newark.com,0,0,,16,True,Active,09-30-2026,Active
6069-240-007,https://www.digikey.com/en/products/detail/digilent-inc/6069-240-007/23334408,1,77,Active,https://www.newark.com,0,0,,1,True,Active,09-30-2026,Active
195950-10,https://www.digikey.com/en/products/detail/ni/195950-10/15218886,111,61.88,Active,https://www.newark.com,0,0,,111,True,Active,09-30-2026,Active
787149-01,https://www.digikey.com/en/products/detail/ni/787149-01/15218844,0,79.00188,Active,https://www.newark.com/ni-now-part-of-emerson/787149-01/backshell-ni-9929/dp/14AJ6393,0,57,DIRECT_SHIP,0,False,Active,09-30-2026,Inactive
783976-01,https://www.digikey.com/en/products/detail/ni/783976-01/16648805,0,498.96,Active,https://www.newark.com/ni-now-part-of-emerson/783976-01/test-cable-assembly-high-speed/dp/13AJ4102,0,360,DIRECT_SHIP,0,False,Active,09-30-2026,Inactive
310-014,https://www.digikey.com/en/products/detail/digilent-inc/310-014/4090174,100,8,Active,https://www.newark.com,0,0,,100,True,Active,09-30-2026,Active
867119-01,https://www.digikey.com/en/products/detail/ni/867119-01/16916044,0,8598.38,Active,https://www.newark.com/ni-now-part-of-emerson/867119-01/waveform-gen-bundle-pxi-1ch-20mhz/dp/60AK9638,0,7643,DIRECT_SHIP,0,False,Active,09-30-2026,Inactive
745687-K030,https://www.digikey.com/en/products/detail/ni/745687-K030/18710694,0,262.12,Active,https://www.newark.com/ni-now-part-of-emerson/745687-k030/k-type-thermocouple-wire-32-deg/dp/47AK3067,0,233,DIRECT_SHIP,0,False,Active,09-30-2026,Inactive
6069-410-139,https://www.digikey.com/en/products/detail/digilent-inc/6069-410-139/23334352,1,2789.01,Active,https://www.newark.com,0,0,,1,True,Active,09-30-2026,Active
787047-01,https://www.digikey.com/en/products/detail/ni/787047-01/16647570,0,190818.94,Active,https://www.newark.com,0,0,,0,False,Active,09-30-2026,Inactive
786586-02,https://www.digikey.com,0,0,,https://www.newark.com,0,0,,0,False,Obsolete,09-30-2026,Inactive
410-195,https://www.digikey.com/en/products/detail/digilent-inc/410-195/3902802,154,18,Active,https://www.newark.com,0,0,,154,True,Active,09-30-2026,Active
789600-18101,https://www.digikey.com/en/products/detail/ni/789600-18101/27259161,0,193301.26,Active,https://www.newark.com/ni-now-part-of-emerson/789600-18101/vector-sgnl-transceiver-pxie-5842/dp/87AK1889,0,139467,DIRECT_SHIP,0,False,Active,09-30-2026,Inactive
784087-01,https://www.digikey.com/en/products/detail/ni/784087-01/18709924,0,946.63667,Active,https://www.newark.com/ni-now-part-of-emerson/784087-01/tb-tb-4340-front-mount/dp/14AJ5875,0,683,DIRECT_SHIP,0,False,Active,09-30-2026,Inactive
781061-01,https://www.digikey.com/en/products/detail/ni/781061-01/16647860,0,3427.58,Active,https://www.newark.com/ni-now-part-of-emerson/781061-01/interface-module-canopen-pxi-8531/dp/14AJ5214,0,2473,DIRECT_SHIP,0,False,Active,09-30-2026,Inactive
6002-410-021,https://www.digikey.com/en/products/detail/digilent-inc/6002-410-021/13282612,196,2062.98,Last Time Buy,https://www.newark.com,0,0,,196,True,Active,09-30-2026,Active
784756-01,https://www.digikey.com/en/products/detail/ni/784756-01/13922148,8,2434.5,Active,https://www.newark.com,0,0,,8,True,Active,09-30-2026,Active
310-053,https://www.digikey.com/en/products/detail/digilent-inc/310-053/4428835,464,6,Active,https://www.newark.com,0,0,,464,True,Active,09-30-2026,Active
780398-01,https://www.digikey.com/en/products/detail/ni/780398-01/16648261,1,934,Active,https://www.newark.com,0,0,,1,True,Active,09-30-2026,Active
777774-35WP,https://www.digikey.com/en/products/detail/ni/777774-35WP/27259231,0,1095.42,Active,https://www.newark.com/ni-now-part-of-emerson/777774-35wp/test-software-teststand-software/dp/87AK9557,0,857,STOCKED,0,False,Active,09-30-2026,Inactive
192061-01,https://www.digikey.com/en/products/detail/ni/192061-01/12817834,181,236.25,Active,https://www.newark.com,0,0,,181,True,Active,09-30-2026,Active
788170-35WP,https://www.digikey.com/en/products/detail/ni/788170-35WP/27259492,0,4567.01,Active,https://www.newark.com/ni-now-part-of-emerson/788170-35wp/test-software/dp/20AM8675,0,3573,STOCKED,0,False,Active,09-30-2026,Inactive
785257-01,https://www.digikey.com/en/products/detail/ni/785257-01/18709963,2,1743.75,Active,https://www.newark.com,0,0,,2,True,Active,09-30-2026,Active
783145-01,https://www.digikey.com/en/products/detail/ni/783145-01/16818607,9,12894.75,Active,https://www.newark.com,0,0,,9,True,Active,09-30-2026,Active
777777-35,https://www.digikey.com/en/products/detail/ni/777777-35/27259461,0,10860.87,Active,https://www.newark.com/ni-now-part-of-emerson/777777-35/test-software-teststand/dp/15AJ5398,0,8497,STOCKED,0,False,Active,09-30-2026,Inactive
783840-01,https://www.digikey.com/en/products/detail/ni/783840-01/16647861,0,22346.48,Active,https://www.newark.com/ni-now-part-of-emerson/783840-01/test-support-rf-port-module-ni/dp/14AJ5827,0,16123,DIRECT_SHIP,0,False,Active,09-30-2026,Inactive
781740-01,https://www.digikey.com/en/products/detail/ni/781740-01/15219087,63,86.62,Active,https://www.newark.com,0,0,,63,True,Active,09-30-2026,Active
471-031,https://www.digikey.com/en/products/detail/digilent-inc/471-031/10287712,0,744,Active,https://www.newark.com/schurter/4710-3154/4710-connector-outlet-16a-j-carton/dp/75Y0004,0,4.22,DIRECT_SHIP,0,False,Active,09-30-2026,Inactive
789600-18111,https://www.digikey.com/en/products/detail/ni/789600-18111/27259469,0,247089.15,Active,https://www.newark.com/ni-now-part-of-emerson/789600-18111/vector-sgnl-transceiver-pxie-5842/dp/87AK1891,0,178275,DIRECT_SHIP,0,False,Active,09-30-2026,Inactive
865534-01,https://www.digikey.com/en/products/detail/ni/865534-01/16647830,0,14361.73,Active,https://www.newark.com/ni-now-part-of-emerson/865534-01/benchtop-measurement-bundle-kit/dp/71AJ8517,0,10362,DIRECT_SHIP,0,False,Active,09-30-2026,Inactive
782430-01,https://www.digikey.com/en/products/detail/ni/782430-01/16647488,1,18870.75,Active,https://www.newark.com,0,0,,1,True,Active,09-30-2026,Active
132705-01,https://www.digikey.com/en/products/detail/ni/132705-01/18710676,0,39.38,Active,https://www.newark.com/ni-now-part-of-emerson/132705-01/shipping-kit-cable-assy-ecuts/dp/47AK3054,0,35,DIRECT_SHIP,0,False,Active,09-30-2026,Inactive
788818-01,https://www.digikey.com/en/products/detail/ni/788818-01/27259698,3,12164.62,Obsolete,https://www.newark.com/ni-now-part-of-emerson/788818-01/controller-pxie-8862/dp/87AK1856,3,11029.26,DIRECT_SHIP,6,True,Active,09-30-2026,Active
787902-0R047,https://www.digikey.com/en/products/detail/ni/787902-0R047/18709866,0,135.83,Active,https://www.newark.com/ni-now-part-of-emerson/787902-0r047/rf-cable-mmpx-m-to-mmpx-m-0-047/dp/37AJ7586,0,98,DIRECT_SHIP,0,False,Active,09-30-2026,Inactive
867124-02,https://www.digikey.com/en/products/detail/ni/867124-02/16916074,0,9401.62,Active,https://www.newark.com,0,0,,0,False,Active,09-30-2026,Inactive
784439-01,https://www.digikey.com/en/products/detail/ni/784439-01/16648749,0,147080.93,Active,https://www.newark.com/ni-now-part-of-emerson/784439-01/rf-downconv-module-pxie-5606-320mhz/dp/13AJ4117,0,106119,DIRECT_SHIP,0,False,Active,09-30-2026,Inactive
777562-05,https://www.digikey.com/en/products/detail/ni/777562-05/16648632,1,155.25,Active,https://www.newark.com,0,0,,1,True,Active,09-30-2026,Active
781169-01,https://www.digikey.com/en/products/detail/ni/781169-01/13922203,0,4793.62,Active,https://www.newark.com/ni-now-part-of-emerson/781169-01/frame-grabber-device-pcie-1433/dp/13AJ3968,0,4346.22,DIRECT_SHIP,0,False,Active,09-30-2026,Inactive
778747-01,https://www.digikey.com/en/products/detail/ni/778747-01/16818580,1,3298.5,Active,https://www.newark.com,0,0,,1,True,Active,09-30-2026,Active
790662-01,https://www.digikey.com/en/products/detail/ni/790662-01/28173879,1,7650,Active,https://www.newark.com,0,0,,1,True,Active,09-30-2026,Active
782579-02,https://www.digikey.com/en/products/detail/ni/782579-02/16648151,0,166.5,Active,https://www.newark.com/ni-now-part-of-emerson/782579-02/test-cable-assembly-can-lin-cable/dp/13AJ4028,1,150.96,DIRECT_SHIP,1,True,Active,09-30-2026,Active
785341-01,https://www.digikey.com/en/products/detail/ni/785341-01/16647628,0,5803.18,Active,https://www.newark.com/ni-now-part-of-emerson/785341-01/rmx-10050-1-phase-power-distribution/dp/26AK7171,0,4187,DIRECT_SHIP,0,False,Active,09-30-2026,Inactive
190233-01,https://www.digikey.com/en/products/detail/ni/190233-01/16648527,1,345.38,Active,https://www.newark.com,0,0,,1,True,Active,09-30-2026,Active
783766-01,https://www.digikey.com/en/products/detail/ni/783766-01/18709744,0,24858,Active,https://www.newark.com/ni-now-part-of-emerson/783766-01/controller-flexrio-ni-7935/dp/14AJ5804,0,22096,DIRECT_SHIP,0,False,Active,09-30-2026,Inactive
784854-01,https://www.digikey.com/en/products/detail/ni/784854-01/16648803,1,144,Active,https://www.newark.com,0,0,,1,True,Active,09-30-2026,Active
779820-35WM,https://www.digikey.com/en/products/detail/ni/779820-35WM/27259546,0,0,Discontinued at DigiKey,https://www.newark.com/ni-now-part-of-emerson/779820-35wm/test-software-multisim-base-edition/dp/14AJ8615,0,3231,STOCKED,0,False,Active,09-30-2026,Inactive
780383-01,https://www.digikey.com/en/products/detail/ni/780383-01/16648698,0,375.61,Active,https://www.newark.com/ni-now-part-of-emerson/780383-01/relay-replacement-kit-g6ju-2p/dp/15AJ5744,0,271,DIRECT_SHIP,0,False,Active,09-30-2026,Inactive
790690-01,https://www.digikey.com/en/products/detail/ni/790690-01/28173878,3,4498.88,Active,https://www.newark.com,0,0,,3,True,Active,09-30-2026,Active
778414-01,https://www.digikey.com/en/products/detail/ni/778414-01/16648597,0,1270.96,Active,https://www.newark.com,0,0,,0,False,Active,09-30-2026,Inactive
785950-03,https://www.digikey.com/en/products/detail/ni/785950-03/16647770,0,87.32,Active,https://www.newark.com/ni-now-part-of-emerson/785950-03/test-cable-assembly-fielddaq-cable/dp/14AJ6229,0,63,DIRECT_SHIP,0,False,Active,09-30-2026,Inactive
785808-01,https://www.digikey.com/en/products/detail/ni/785808-01/16648873,0,12483,Active,https://www.newark.com/ni-now-part-of-emerson/785808-01/multifunction-i-o-module-pxie/dp/14AJ6197,0,12205.6,DIRECT_SHIP,0,False,Active,09-30-2026,Inactive
152834-01,https://www.digikey.com/en/products/detail/ni/152834-01/16818598,5,31.5,Active,https://www.newark.com,0,0,,5,True,Active,09-30-2026,Active
784003-35WM,https://www.digikey.com/en/products/detail/ni/784003-35WM/27259664,0,0,Discontinued at DigiKey,https://www.newark.com/ni-now-part-of-emerson/784003-35wm/test-software/dp/15AJ0930,0,24917,STOCKED,0,False,Active,09-30-2026,Inactive
788372-35WM,https://www.digikey.com/en/products/detail/ni/788372-35WM/18709900,0,2469.25,Discontinued at DigiKey,https://www.newark.com/ni-now-part-of-emerson/788372-35wm/test-software-teststand/dp/95AJ6863,0,2428,STOCKED,0,False,Active,09-30-2026,Inactive
784634-01,https://www.digikey.com/en/products/detail/ni/784634-01/18710120,0,353.25,Active,https://www.newark.com/ni-now-part-of-emerson/784634-01/test-psu-desktop-12vdc/dp/14AJ5966,0,314,DIRECT_SHIP,0,False,Active,09-30-2026,Inactive
783421-01,https://www.digikey.com/en/products/detail/ni/783421-01/15218852,0,311.85,Active,https://www.newark.com/ni-now-part-of-emerson/783421-01/adapter-60-v-ni-9987d/dp/14AJ5722,0,225,DIRECT_SHIP,0,False,Active,09-30-2026,Inactive
787101-35WM,https://www.digikey.com/en/products/detail/ni/787101-35WM/27259512,0,0,Discontinued at DigiKey,https://www.newark.com/ni-now-part-of-emerson/787101-35wm/test-software-vision-software/dp/15AJ1762,0,16905,STOCKED,0,False,Active,09-30-2026,Inactive
788380-35WP,https://www.digikey.com/en/products/detail/ni/788380-35WP/27259295,0,2824.82,Active,https://www.newark.com/ni-now-part-of-emerson/788380-35wp/test-software-physical-delivery/dp/13AM5975,0,2210,STOCKED,0,False,Active,09-30-2026,Inactive
782118-01,https://www.digikey.com/en/products/detail/ni/782118-01/16648418,1,6109.88,Active,https://www.newark.com,0,0,,1,True,Active,09-30-2026,Active
867121-02,https://www.digikey.com/en/products/detail/ni/867121-02/16916051,0,17179.88,Active,https://www.newark.com,0,0,,0,False,Active,09-30-2026,Inactive
778572-67,https://www.digikey.com/en/products/detail/ni/778572-67/16648705,0,3127.5,Active,https://www.newark.com/ni-now-part-of-emerson/778572-67/relay-module-pxi-2567-64ch-25a/dp/13AJ3781,7,2835.6,DIRECT_SHIP,7,True,Active,09-30-2026,Active
782401-01,https://www.digikey.com/en/products/detail/ni/782401-01/15219165,25,952.88,Active,https://www.newark.com,0,0,,25,True,Active,09-30-2026,Active
778543-01,https://www.digikey.com/en/products/detail/ni/778543-01/16647455,3,2075.62,Active,https://www.newark.com,0,0,,3,True,Active,09-30-2026,Active
786527-01,https://www.digikey.com/en/products/detail/ni/786527-01/18710650,0,2952,Active,https://www.newark.com/ni-now-part-of-emerson/786527-01/rmx-4000-two-slot-mainframe-for/dp/80AJ9359,0,2624,DIRECT_SHIP,0,False,Active,09-30-2026,Inactive
867118-01,https://www.digikey.com/en/products/detail/ni/867118-01/16916052,0,7536.38,Active,https://www.newark.com/ni-now-part-of-emerson/867118-01/bench-power-supply-programmable/dp/60AK9637,0,6699,DIRECT_SHIP,0,False,Active,09-30-2026,Inactive
868063-01,https://www.digikey.com/en/products/detail/ni/868063-01/27259213,0,43568.91,Active,https://www.newark.com/ni-now-part-of-emerson/868063-01/usrp-x410-oai-bundle-for-5g6g/dp/87AK1938,0,31435,DIRECT_SHIP,0,False,Active,09-30-2026,Inactive
783342-01,https://www.digikey.com/en/products/detail/ni/783342-01/18710079,0,178.79429,Active,https://www.newark.com/ni-now-part-of-emerson/783342-01/10-gigabit-sfp-ethernet-cable/dp/27AJ2486,0,129,DIRECT_SHIP,0,False,Active,09-30-2026,Inactive
785713-0112,https://www.digikey.com/en/products/detail/ni/785713-0112/18709772,0,66.53,Active,https://www.newark.com/ni-now-part-of-emerson/785713-0112/test-cable-assembly-power-cable/dp/14AJ6167,0,48,DIRECT_SHIP,0,False,Active,09-30-2026,Inactive
190233-0R5,https://www.digikey.com/en/products/detail/ni/190233-0R5/16647784,0,425.50167,Active,https://www.newark.com/ni-now-part-of-emerson/190233-0r5/test-cable-assembly-multifunction/dp/13AJ3475,0,307,DIRECT_SHIP,0,False,Active,09-30-2026,Inactive
471-044,https://www.digikey.com/en/products/detail/digilent-inc/471-044/16072937,63,1590.01,Last Time Buy,https://www.newark.com,0,0,,63,True,Active,09-30-2026,Active
777779-01,https://www.digikey.com/en/products/detail/ni/777779-01/18710084,0,126,Active,https://www.newark.com/ni-now-part-of-emerson/777779-01/conn-vert-100-pin-rcpt/dp/13AJ3704,0,112,DIRECT_SHIP,0,False,Active,09-30-2026,Inactive
781419-02,https://www.digikey.com/en/products/detail/ni/781419-02/16648322,0,15516.27,Active,https://www.newark.com/ni-now-part-of-emerson/781419-02/ni-5771-3-gs-s-dc-coupled-digitizer/dp/37AJ6071,0,11195,DIRECT_SHIP,0,False,Active,09-30-2026,Inactive
788670-02,https://www.digikey.com/en/products/detail/ni/788670-02/27259401,0,55840.55,Active,https://www.newark.com/ni-now-part-of-emerson/788670-02/usrp-x440-sdr-device-1-6ghz-8/dp/47AM1332,0,40289,DIRECT_SHIP,0,False,Active,09-30-2026,Inactive
780875-01,https://www.digikey.com/en/products/detail/ni/780875-01/16648734,0,3140.68,Active,https://www.newark.com/ni-now-part-of-emerson/780875-01/voltage-i-p-module-c-series-sbrio/dp/14AJ5158,0,2266,DIRECT_SHIP,0,False,Active,09-30-2026,Inactive
157267-01,https://www.digikey.com/en/products/detail/ni/157267-01/15219159,0,159.75,Active,https://www.newark.com/ni-now-part-of-emerson/157267-01/panel-mounting-kit/dp/14AJ4623,5,144.84,DIRECT_SHIP,5,True,Active,09-30-2026,Active
779084-01,https://www.digikey.com/en/products/detail/ni/779084-01/12817836,4,752.62,Active,https://www.newark.com,0,0,,4,True,Active,09-30-2026,Active
310-121,https://www.digikey.com/en/products/detail/digilent-inc/310-121/30380620,0,45.02964,Active,https://www.newark.com/mountz/310121/torque-cover-bit-holder-for-1/dp/95AC0711,0,180,NO_LONGER_STOCKED,0,False,Active,09-30-2026,Inactive
152638-01,https://www.digikey.com/en/products/detail/ni/152638-01/18710031,0,265.5,Active,https://www.newark.com/ni-now-part-of-emerson/152638-01/rf-cable-sma-m-to-sma-m-pxie-5668/dp/47AK3061,0,236,DIRECT_SHIP,0,False,Active,09-30-2026,Inactive
783124-02,https://www.digikey.com/en/products/detail/ni/783124-02/16647479,0,248357.34,Active,https://www.newark.com/ni-now-part-of-emerson/783124-02/vector-sgnl-analyzer-pxie-5668/dp/14AJ5668,0,179190,DIRECT_SHIP,0,False,Active,09-30-2026,Inactive
781067-35WM,https://www.digikey.com/en/products/detail/ni/781067-35WM/18710256,0,3060.62,Discontinued at DigiKey,https://www.newark.com/ni-now-part-of-emerson/781067-35wm/test-software-veristand-operator/dp/14AJ9390,0,3186,STOCKED,0,False,Active,09-30-2026,Inactive
132504-02,https://www.digikey.com/en/products/detail/ni/132504-02/18710719,0,6061.5,Active,https://www.newark.com/ni-now-part-of-emerson/132504-02/test-accessory-ecuts-b4-2-switch/dp/32AK4702,0,5388,DIRECT_SHIP,0,False,Active,09-30-2026,Inactive
410-248,https://www.digikey.com/en/products/detail/digilent-inc/410-248/4840855,327,762.61,Active,https://www.newark.com,0,0,,327,True,Active,09-30-2026,Active
787108-05,https://www.digikey.com/en/products/detail/ni/787108-05/16648566,0,142.76,Active,https://www.newark.com/ni-now-part-of-emerson/787108-05/test-cable-assembly/dp/14AJ6387,0,103,DIRECT_SHIP,0,False,Active,09-30-2026,Inactive
787458-01,https://www.digikey.com/en/products/detail/ni/787458-01/27259566,0,32548.82,Active,https://www.newark.com/ni-now-part-of-emerson/787458-01/interface-module-pxie-1487-8-port/dp/87AK1831,0,23484,DIRECT_SHIP,0,False,Active,09-30-2026,Inactive
783484-01,https://www.digikey.com/en/products/detail/ni/783484-01/16647926,1,6536.25,Active,https://www.newark.com,0,0,,1,True,Active,09-30-2026,Active
790595-01,https://www.digikey.com/en/products/detail/ni/790595-01/27381158,8,6748.88,Active,https://www.newark.com,0,0,,8,True,Active,09-30-2026,Active
784256-01,https://www.digikey.com/en/products/detail/ni/784256-01/16648141,0,5995.84,Active,https://www.newark.com/ni-now-part-of-emerson/784256-01/oscilloscope-test-probe-sa1500x/dp/14AJ5915,0,4326,DIRECT_SHIP,0,False,Active,09-30-2026,Inactive
183432-05,https://www.digikey.com/en/products/detail/ni/183432-05/16647280,2,528.75,Active,https://www.newark.com,0,0,,2,True,Active,09-30-2026,Active
6069-410-231,https://www.digikey.com/en/products/detail/digilent-inc/6069-410-231/23334441,0,12179.48,Active,https://www.newark.com,0,0,,0,False,Active,09-30-2026,Inactive
788367-35,https://www.digikey.com/en/products/detail/ni/788367-35/18710692,0,4555.5,Active,https://www.newark.com/ni-now-part-of-emerson/788367-35/test-software-veristand-full-download/dp/95AJ6852,0,3564,STOCKED,0,False,Active,09-30-2026,Inactive
785565-01,https://www.digikey.com/en/products/detail/ni/785565-01/18710478,0,91.47607,Active,https://www.newark.com/ni-now-part-of-emerson/785565-01/cda-2990-locking-power-supply/dp/27AJ2548,0,66,DIRECT_SHIP,0,False,Active,09-30-2026,Inactive
783920-01,https://www.digikey.com/en/products/detail/ni/783920-01/15219091,5,1911.38,Active,https://www.newark.com,0,0,,5,True,Active,09-30-2026,Active
785290-01,https://www.digikey.com/en/products/detail/ni/785290-01/18710004,1,61.88,Active,https://www.newark.com,0,0,,1,True,Active,09-30-2026,Active
156166-02,https://www.digikey.com/en/products/detail/ni/156166-02/16648237,20,771.75,Active,https://www.newark.com,0,0,,20,True,Active,09-30-2026,Active
778959-10,https://www.digikey.com/en/products/detail/ni/778959-10/16648817,0,475.4,Active,https://www.newark.com/ni-now-part-of-emerson/778959-10/test-cable-assembly/dp/14AJ4751,0,343,DIRECT_SHIP,0,False,Active,09-30-2026,Inactive
784272-35WM,https://www.digikey.com/en/products/detail/ni/784272-35WM/18710185,0,2173.56,Discontinued at DigiKey,https://www.newark.com/ni-now-part-of-emerson/784272-35wm/test-software/dp/24AK6664,0,2200,STOCKED,0,False,Active,09-30-2026,Inactive
788308-0R25,https://www.digikey.com/en/products/detail/ni/788308-0R25/27259569,0,27,Active,https://www.newark.com/ni-now-part-of-emerson/788308-0r25/test-cable-assembly-9-84-length/dp/87AK1837,0,25,DIRECT_SHIP,0,False,Active,09-30-2026,Inactive
790406-18,https://www.digikey.com,0,0,,https://www.newark.com,0,0,,0,False,Obsolete,09-30-2026,Inactive
784470-01,https://www.digikey.com/en/products/detail/ni/784470-01/16648314,0,51.28,Active,https://www.newark.com/ni-now-part-of-emerson/784470-01/virtualbench-accessory-kit/dp/14AJ5951,0,37,DIRECT_SHIP,0,False,Active,09-30-2026,Inactive
785503-01,https://www.digikey.com/en/products/detail/ni/785503-01/15218839,2,2858.62,Active,https://www.newark.com,0,0,,2,True,Active,09-30-2026,Active
787051-01,https://www.digikey.com/en/products/detail/ni/787051-01/18710738,0,164.25,Active,https://www.newark.com/ni-now-part-of-emerson/787051-01/pxi-chassis-side-handle-1-rubber/dp/14AJ6380,0,146,DIRECT_SHIP,0,False,Active,09-30-2026,Inactive
785989-02,https://www.digikey.com/en/products/detail/ni/785989-02/15219115,1,1721.25,Active,https://www.newark.com,0,0,,1,True,Active,09-30-2026,Active
790509-65,https://www.digikey.com,0,0,,https://www.newark.com,0,0,,0,False,Obsolete,09-30-2026,Inactive
410-351-20,https://www.digikey.com/en/products/detail/digilent-inc/410-351-20/18154848,347,471.38,Active,https://www.newark.com,0,0,,347,True,Active,09-30-2026,Active
6069-410-140,https://www.digikey.com/en/products/detail/digilent-inc/6069-410-140/23334425,0,3135.82,Active,https://www.newark.com,0,0,,0,False,Active,09-30-2026,Inactive
783861-01,https://www.digikey.com/en/products/detail/ni/783861-01/15218947,59,2980.12,Active,https://www.newark.com,0,0,,59,True,Active,09-30-2026,Active
867125-04,https://www.digikey.com/en/products/detail/ni/867125-04/27259658,0,20910.58,Active,https://www.newark.com,0,0,,0,False,Active,09-30-2026,Inactive
410-376,https://www.digikey.com/en/products/detail/digilent-inc/410-376/9445911,204,104,Active,https://www.newark.com,0,0,,204,True,Active,09-30-2026,Active
781057-01,https://www.digikey.com/en/products/detail/ni/781057-01/16647399,0,10765.12,Active,https://www.newark.com/ni-now-part-of-emerson/781057-01/multifunction-i-o-module-pxie/dp/14AJ5212,0,9569,DIRECT_SHIP,0,False,Active,09-30-2026,Inactive
867125-01,https://www.digikey.com/en/products/detail/ni/867125-01/16916060,0,16972.88,Active,https://www.newark.com,0,0,,0,False,Active,09-30-2026,Inactive
155475-03,https://www.digikey.com/en/products/detail/ni/155475-03/18710687,0,163.55,Active,https://www.newark.com/ni-now-part-of-emerson/155475-03/test-cable-assembly-camera-cable/dp/13AJ3246,0,118,DIRECT_SHIP,0,False,Active,09-30-2026,Inactive
783156-03,https://www.digikey.com/en/products/detail/ni/783156-03/16647754,0,248357.34,Active,https://www.newark.com/ni-now-part-of-emerson/783156-03/vector-sgnl-analyzer-pxie-5668/dp/14AJ5679,0,179190,DIRECT_SHIP,0,False,Active,09-30-2026,Inactive
788815-01,https://www.digikey.com/en/products/detail/ni/788815-01/27259567,1,5632.7,Active,https://www.newark.com,0,0,,1,True,Active,09-30-2026,Active
789600-12110,https://www.digikey.com/en/products/detail/ni/789600-12110/27259221,0,176491.85,Active,https://www.newark.com/ni-now-part-of-emerson/789600-12110/vector-sgnl-transceiver-pxie-5842/dp/87AK1881,0,127339,DIRECT_SHIP,0,False,Active,09-30-2026,Inactive
410-183,https://www.digikey.com/en/products/detail/digilent-inc/410-183/4970275,960,203.28,Active,https://www.newark.com,0,0,,960,True,Active,09-30-2026,Active
787417-01,https://www.digikey.com/en/products/detail/ni/787417-01/18709756,0,495,Active,https://www.newark.com/ni-now-part-of-emerson/787417-01/rack-mount-kit/dp/14AJ6415,0,440,DIRECT_SHIP,0,False,Active,09-30-2026,Inactive
782866-01,https://www.digikey.com/en/products/detail/ni/782866-01/16818612,0,771.75,Active,https://www.newark.com/ni-now-part-of-emerson/782866-01/tb-tbx-50-50-pin-d-sub/dp/13AJ4043,0,686,DIRECT_SHIP,0,False,Active,09-30-2026,Inactive
867015-02,https://www.digikey.com/en/products/detail/ni/867015-02/18710743,0,50478.75,Active,https://www.newark.com,0,0,,0,False,Active,09-30-2026,Inactive
790406-26,https://www.digikey.com,0,0,,https://www.newark.com,0,0,,0,False,Obsolete,09-30-2026,Inactive
782753-01,https://www.digikey.com/en/products/detail/ni/782753-01/16647315,3,256.41,Active,https://www.newark.com,0,0,,3,True,Active,09-30-2026,Active
790415-01,,,,,,,,,,False,,09-17-2026,Inactive
782110-01,https://www.digikey.com/en/products/detail/ni/782110-01/16648537,4,5513.62,Active,https://www.newark.com,0,0,,4,True,Active,09-30-2026,Active
6069-410-108,https://www.digikey.com/en/products/detail/digilent-inc/6069-410-108/23334358,0,1754.445,Active,https://www.newark.com,0,0,,0,False,Active,09-30-2026,Inactive
789600-26101,https://www.digikey.com/en/products/detail/ni/789600-26101/27259635,0,176819.76,Active,https://www.newark.com/ni-now-part-of-emerson/789600-26101/vector-sgnl-transceiver-pxie-5842/dp/87AK1898,0,163722,DIRECT_SHIP,0,False,Active,09-30-2026,Inactive
787251-01,https://www.digikey.com/en/products/detail/ni/787251-01/16647910,0,47861.35,Active,https://www.newark.com/ni-now-part-of-emerson/787251-01/pxie-s5090-vector-network-analyzer/dp/59AJ2107,0,34532,DIRECT_SHIP,0,False,Active,09-30-2026,Inactive
868017-01,https://www.digikey.com/en/products/detail/ni/868017-01/16591977,0,7116.75,Active,https://www.newark.com/ni-now-part-of-emerson/868017-01/soundvibration-measurement-bundle/dp/33AK6568,0,6326,DIRECT_SHIP,0,False,Active,09-30-2026,Inactive
783777-01,https://www.digikey.com/en/products/detail/ni/783777-01/16647652,0,103.95,Active,https://www.newark.com/ni-now-part-of-emerson/783777-01/usrp-e310-imaged-micro-sd-card/dp/27AJ2509,0,75,DIRECT_SHIP,0,False,Active,09-30-2026,Inactive
786394-01,https://www.digikey.com/en/products/detail/ni/786394-01/16648257,11,38.25,Active,https://www.newark.com,0,0,,11,True,Active,09-30-2026,Active
779822-35WM,https://www.digikey.com/en/products/detail/ni/779822-35WM/27259245,0,0,Discontinued at DigiKey,https://www.newark.com/ni-now-part-of-emerson/779822-35wm/test-software-multisim/dp/14AJ8617,0,8357,STOCKED,0,False,Active,09-30-2026,Inactive
784143-01,https://www.digikey.com/en/products/detail/ni/784143-01/16648531,1,7709.62,Active,https://www.newark.com,0,0,,1,True,Active,09-30-2026,Active
763065-01,https://www.digikey.com/en/products/detail/ni/763065-01/16648862,5,30.38,Active,https://www.newark.com,0,0,,5,True,Active,09-30-2026,Active
787026-01,https://www.digikey.com/en/products/detail/ni/787026-01/16647411,0,3277.12,Active,https://www.newark.com/ni-now-part-of-emerson/787026-01/chassis-pxie-1083-pxi-system-5/dp/14AJ6369,0,2971.26,DIRECT_SHIP,0,False,Active,09-30-2026,Inactive
778673-01,https://www.digikey.com/en/products/detail/ni/778673-01/15219175,12,180,Active,https://www.newark.com,0,0,,12,True,Active,09-30-2026,Active
182805-020,https://www.digikey.com/en/products/detail/ni/182805-020/16647847,0,860.70667,Active,https://www.newark.com/ni-now-part-of-emerson/182805-020/test-cable-assembly-fiber-optic/dp/13AJ3387,0,621,DIRECT_SHIP,0,False,Active,09-30-2026,Inactive
780143-01,https://www.digikey.com/en/products/detail/ni/780143-01/16648796,0,23025.38,Active,https://www.newark.com/ni-now-part-of-emerson/780143-01/remote-control-module-for-vxi/dp/14AJ5049,0,20467,DIRECT_SHIP,0,False,Active,09-30-2026,Inactive
784176-01,https://www.digikey.com/en/products/detail/ni/784176-01/16648482,2,593,Active,https://www.newark.com,0,0,,2,True,Active,09-30-2026,Active
779140-01,https://www.digikey.com/en/products/detail/ni/779140-01/15218950,6,910.12,Active,https://www.newark.com,0,0,,6,True,Active,09-30-2026,Active
782121-03,https://www.digikey.com/en/products/detail/ni/782121-03/18710746,0,3714.75,Active,https://www.newark.com/ni-now-part-of-emerson/782121-03/gras-1-4in-free-field-response/dp/53AJ8457,0,3302,DIRECT_SHIP,0,False,Active,09-30-2026,Inactive
867013-04,https://www.digikey.com/en/products/detail/ni/867013-04/18710213,0,28338.16,Active,https://www.newark.com,0,0,,0,False,Active,09-30-2026,Inactive
788356-01,https://www.digikey.com/en/products/detail/ni/788356-01/27259316,0,18498.94,Active,https://www.newark.com/ni-now-part-of-emerson/788356-01/interface-module-gmsl-pxie-1489/dp/87AK1843,0,13347,DIRECT_SHIP,0,False,Active,09-30-2026,Inactive
779930-35,https://www.digikey.com/en/products/detail/ni/779930-35/27259433,0,5684.16,Active,https://www.newark.com/ni-now-part-of-emerson/779930-35/test-software-circuit-design-suite/dp/14AJ8642,0,4447,STOCKED,0,False,Active,09-30-2026,Inactive
780469-01,https://www.digikey.com/en/products/detail/ni/780469-01/16647702,0,4462.92,Active,https://www.newark.com/ni-now-part-of-emerson/780469-01/oscilloscope-device-usb-5133-50/dp/14AJ5103,0,3220,DIRECT_SHIP,0,False,Active,09-30-2026,Inactive
790387-35WM,https://www.digikey.com/en/products/detail/ni/790387-35WM/27259540,0,0,Discontinued at DigiKey,https://www.newark.com/ni-now-part-of-emerson/790387-35wm/labview-suite-software-subscription/dp/47AM1346,0,6899,STOCKED,0,False,Active,09-30-2026,Inactive
789566-01,https://www.digikey.com,0,0,,https://www.newark.com/ni-now-part-of-emerson/789566-01/pxie-4499-24-bit-204-8-ks-s-4/dp/14AM3881,0,21565,DIRECT_SHIP,0,False,Active,09-30-2026,Inactive
777643-01,https://www.digikey.com/en/products/detail/ni/777643-01/12817814,11,820.12,Active,https://www.newark.com,0,0,,11,True,Active,09-30-2026,Active
789888-01,https://www.digikey.com/en/products/detail/ni/789888-01/24398479,6,2811.38,Active,https://www.newark.com,0,0,,6,True,Active,09-30-2026,Active
787472-01,https://www.digikey.com/en/products/detail/ni/787472-01/18709935,0,1992.38,Active,https://www.newark.com/ni-now-part-of-emerson/787472-01/test-accessory/dp/32AK4729,0,1771,DIRECT_SHIP,0,False,Active,09-30-2026,Inactive
780587-93,https://www.digikey.com/en/products/detail/ni/780587-93/16648202,1,5473.12,Active,https://www.newark.com,0,0,,1,True,Active,09-30-2026,Active
780046-01,https://www.digikey.com/en/products/detail/ni/780046-01/18709839,2,126,Active,https://www.newark.com,0,0,,2,True,Active,09-30-2026,Active
867111-02,https://www.digikey.com/en/products/detail/ni/867111-02/18709945,0,16105.5,Active,https://www.newark.com,0,0,,0,False,Active,09-30-2026,Inactive
788815-0118,https://www.digikey.com/en/products/detail/ni/788815-0118/27259176,0,5632.7,Active,https://www.newark.com,0,0,,0,False,Active,09-30-2026,Inactive
867116-01,https://www.digikey.com/en/products/detail/ni/867116-01/16916062,0,10837.12,Active,https://www.newark.com/ni-now-part-of-emerson/867116-01/bench-digital-multimeter-1-8-msps/dp/60AK9635,0,9633,DIRECT_SHIP,0,False,Active,09-30-2026,Inactive
788197-01,https://www.digikey.com/en/products/detail/ni/788197-01/27259669,0,121.9681,Active,https://www.newark.com/ni-now-part-of-emerson/788197-01/test-accessory-connector-kit/dp/20AM3961,0,88,DIRECT_SHIP,0,False,Active,09-30-2026,Inactive
779991-35,https://www.digikey.com/en/products/detail/ni/779991-35/18710500,0,7298.52,Active,https://www.newark.com/ni-now-part-of-emerson/779991-35/test-software/dp/14AJ8729,0,5710,STOCKED,0,False,Active,09-30-2026,Inactive
867115-03,https://www.digikey.com/en/products/detail/ni/867115-03/16916049,0,8195.62,Active,https://www.newark.com/ni-now-part-of-emerson/867115-03/bench-digital-multimeter-6-5-digits/dp/87AK1923,0,7285,DIRECT_SHIP,0,False,Active,09-30-2026,Inactive
778572-98,https://www.digikey.com/en/products/detail/ni/778572-98/16647670,0,9711.7,Active,https://www.newark.com/ni-now-part-of-emerson/778572-98/transfer-sw-module-pxi-2598-26/dp/12AJ8020,0,7007,DIRECT_SHIP,0,False,Active,09-30-2026,Inactive
785292-35WP,https://www.digikey.com/en/products/detail/ni/785292-35WP/27259286,0,193.01,Active,https://www.newark.com/ni-now-part-of-emerson/785292-35wp/test-software-labview-opc-ua-toolkit/dp/87AK9563,0,151,STOCKED,0,False,Active,09-30-2026,Inactive
192692-01,https://www.digikey.com/en/products/detail/ni/192692-01/15218944,3,88.88,Active,https://www.newark.com,0,0,,3,True,Active,09-30-2026,Active
777716-01,https://www.digikey.com/en/products/detail/ni/777716-01/18710280,0,604.12,Active,https://www.newark.com/ni-now-part-of-emerson/777716-01/tb-tbx-68s-data-acquisition-devices/dp/13AJ3698,0,537,DIRECT_SHIP,0,False,Active,09-30-2026,Inactive
781950-01,https://www.digikey.com/en/products/detail/ni/781950-01/18709730,1,24.95,Active,https://www.newark.com,0,0,,1,True,Active,09-30-2026,Active
783086-01,https://www.digikey.com/en/products/detail/ni/783086-01/16647325,0,6055.43,Active,https://www.newark.com/ni-now-part-of-emerson/783086-01/soundvibration-module-pxie-4463/dp/14AJ5657,0,4369,DIRECT_SHIP,0,False,Active,09-30-2026,Inactive
158228-05,https://www.digikey.com/en/products/detail/ni/158228-05/18710300,0,1233.54,Active,https://www.newark.com/ni-now-part-of-emerson/158228-05/test-cable-assembly-analog-cable/dp/13AJ3328,0,890,DIRECT_SHIP,0,False,Active,09-30-2026,Inactive
785727-01,https://www.digikey.com/en/products/detail/ni/785727-01/18709719,0,63.76,Active,https://www.newark.com/ni-now-part-of-emerson/785727-01/power-cord-ac-nema-5-20p-to-bare/dp/75AJ3223,0,46,DIRECT_SHIP,0,False,Active,09-30-2026,Inactive
134726-2R5,https://www.digikey.com/en/products/detail/ni/134726-2R5/27259210,0,322.94,Active,https://www.newark.com/ni-now-part-of-emerson/134726-2r5/test-cable-assembly-2-5m-44pos/dp/24AM0214,0,233,DIRECT_SHIP,0,False,Active,09-30-2026,Inactive
194739-01,https://www.digikey.com/en/products/detail/ni/194739-01/15218939,37,128.25,Active,https://www.newark.com,0,0,,37,True,Active,09-30-2026,Active
6002-410-047,https://www.digikey.com/en/products/detail/digilent-inc/6002-410-047/28172834,78,1668.74,Active,https://www.newark.com,0,0,,78,True,Active,09-30-2026,Active
410-415,https://www.digikey.com/en/products/detail/digilent-inc/410-415/19235661,711,379,Active,https://www.newark.com,0,0,,711,True,Active,09-30-2026,Active
782435-01,https://www.digikey.com/en/products/detail/ni/782435-01/16648529,0,28435.5,Active,https://www.newark.com/ni-now-part-of-emerson/782435-01/source-measure-unit-smu-4ch-4/dp/14AJ5548,0,25276,DIRECT_SHIP,0,False,Active,09-30-2026,Inactive
785647-01,https://www.digikey.com/en/products/detail/ni/785647-01/16647482,0,54331.2,Active,https://www.newark.com/ni-now-part-of-emerson/785647-01/pxie-5774-flexrio-digitizer-2/dp/37AJ7133,0,39200,DIRECT_SHIP,0,False,Active,09-30-2026,Inactive
786217-01,https://www.digikey.com/en/products/detail/ni/786217-01/15218994,1,75.38,Active,https://www.newark.com,0,0,,1,True,Active,09-30-2026,Active
782121-01,https://www.digikey.com/en/products/detail/ni/782121-01/18710172,1,1064.25,Active,https://www.newark.com,0,0,,1,True,Active,09-30-2026,Active
788900-01,https://www.digikey.com/en/products/detail/ni/788900-01/27259557,0,3804.57,Active,https://www.newark.com/ni-now-part-of-emerson/788900-01/memory-module-16-gb/dp/87AK1861,0,2745,DIRECT_SHIP,0,False,Active,09-30-2026,Inactive
779749-01,https://www.digikey.com/en/products/detail/ni/779749-01/15219081,0,109.49,Active,https://www.newark.com/ni-now-part-of-emerson/779749-01/strain-relief-kit-ni-9948/dp/14AJ4976,0,79,DIRECT_SHIP,0,False,Active,09-30-2026,Inactive
785289-01,https://www.digikey.com/en/products/detail/ni/785289-01/18710611,4,61.88,Active,https://www.newark.com,0,0,,4,True,Active,09-30-2026,Active
781055-01,https://www.digikey.com/en/products/detail/ni/781055-01/13983381,1,4144.5,Active,https://www.newark.com,0,0,,1,True,Active,09-30-2026,Active
867119-02,https://www.digikey.com/en/products/detail/ni/867119-02/16916078,0,8598.38,Active,https://www.newark.com,0,0,,0,False,Active,09-30-2026,Inactive
745690-K001,https://www.digikey.com/en/products/detail/ni/745690-K001/16647824,2,66.65,Active,https://www.newark.com,0,0,,2,True,Active,09-30-2026,Active
6069-410-033,https://www.digikey.com/en/products/detail/digilent-inc/6069-410-033/16970324,37,579,Active,https://www.newark.com,0,0,,37,True,Active,09-30-2026,Active
152637-01,https://www.digikey.com/en/products/detail/ni/152637-01/18710188,0,265.5,Active,https://www.newark.com/ni-now-part-of-emerson/152637-01/rf-cable-sma-m-to-sma-m-pxie-5668/dp/47AK3060,0,236,DIRECT_SHIP,0,False,Active,09-30-2026,Inactive
785659-03,https://www.digikey.com/en/products/detail/ni/785659-03/16648727,0,500.35,Active,https://www.newark.com/ni-now-part-of-emerson/785659-03/test-cable-assembly-triaxial-cable/dp/14AJ6138,0,361,DIRECT_SHIP,0,False,Active,09-30-2026,Inactive
410-379,https://www.digikey.com/en/products/detail/digilent-inc/410-379/9445907,289,30.38,Active,https://www.newark.com,0,0,,289,True,Active,09-30-2026,Active
786795-01,https://www.digikey.com/en/products/detail/ni/786795-01/15218989,0,223.15,Active,https://www.newark.com/ni-now-part-of-emerson/786795-01/panel-mounting-kit/dp/14AJ6332,0,161,DIRECT_SHIP,0,False,Active,09-30-2026,Inactive
785479-01,https://www.digikey.com/en/products/detail/ni/785479-01/16647664,0,2993.76,Active,https://www.newark.com/ni-now-part-of-emerson/785479-01/voltage-i-p-module-c-series-sbrio/dp/14AJ6092,0,2160,DIRECT_SHIP,0,False,Active,09-30-2026,Inactive
780992-01,https://www.digikey.com/en/products/detail/ni/780992-01/18710443,0,15367.5,Active,https://www.newark.com/ni-now-part-of-emerson/780992-01/digital-waveform-instrument-pxie/dp/14AJ5184,0,13660,DIRECT_SHIP,0,False,Active,09-30-2026,Inactive
788199-0R5,https://www.digikey.com/en/products/detail/ni/788199-0R5/27259686,0,121.9681,Active,https://www.newark.com/ni-now-part-of-emerson/788199-0r5/auxiliary-power-cable-for-aps/dp/20AM3963,0,88,DIRECT_SHIP,0,False,Active,09-30-2026,Inactive
786162-01,https://www.digikey.com/en/products/detail/ni/786162-01/15219163,0,18.84,Active,https://www.newark.com/ni-now-part-of-emerson/786162-01/backshell-ni-9972-6-position-conn/dp/14AJ6247,1,68.34,DIRECT_SHIP,1,True,Active,09-30-2026,Active
786969-01,https://www.digikey.com,0,0,,https://www.newark.com/ni-now-part-of-emerson/786969-01/rack-mount-kit-front-extended/dp/14AJ6349,0,578.34,DIRECT_SHIP,0,False,Active,09-30-2026,Inactive
783977-01,https://www.digikey.com/en/products/detail/ni/783977-01/16648845,0,638.95,Active,https://www.newark.com/ni-now-part-of-emerson/783977-01/test-cable-assembly-high-speed/dp/14AJ5860,0,461,DIRECT_SHIP,0,False,Active,09-30-2026,Inactive
785633-01,https://www.digikey.com/en/products/detail/ni/785633-01/16637125,1123,69.75,Active,https://www.newark.com,0,0,,1123,True,Active,09-30-2026,Active
778739-01,https://www.digikey.com/en/products/detail/ni/778739-01/16648704,1,6121.12,Active,https://www.newark.com,0,0,,1,True,Active,09-30-2026,Active
783734-01,https://www.digikey.com/en/products/detail/ni/783734-01/15218926,0,231.75,Active,https://www.newark.com/ni-now-part-of-emerson/783734-01/digital-i-p-module-c-series-ni/dp/14AJ5794,11,210.12,DIRECT_SHIP,11,True,Active,09-30-2026,Active
183432-01,https://www.digikey.com/en/products/detail/ni/183432-01/16647654,5,345.38,Active,https://www.newark.com,0,0,,5,True,Active,09-30-2026,Active
786363-01,https://www.digikey.com/en/products/detail/ni/786363-01/15218956,0,1392.93,Active,https://www.newark.com/ni-now-part-of-emerson/786363-01/sd-card-industrial-32gb-40-c-to/dp/14AJ6272,0,1005,DIRECT_SHIP,0,False,Active,09-30-2026,Inactive
786703-01,https://www.digikey.com/en/products/detail/ni/786703-01/18710510,0,3826.12,Active,https://www.newark.com/ni-now-part-of-emerson/786703-01/piccpcd-simulation-antenna-for/dp/37AJ7447,0,3401,DIRECT_SHIP,0,False,Active,09-30-2026,Inactive
782417-02,https://www.digikey.com/en/products/detail/ni/782417-02/18709902,5,913.5,Active,https://www.newark.com,0,0,,5,True,Active,09-30-2026,Active
785480-01,https://www.digikey.com/en/products/detail/ni/785480-01/16647336,0,4747.05,Active,https://www.newark.com/ni-now-part-of-emerson/785480-01/voltage-i-p-module-c-series-sbrio/dp/14AJ6093,0,3425,DIRECT_SHIP,0,False,Active,09-30-2026,Inactive
188858-01,https://www.digikey.com/en/products/detail/ni/188858-01/18710353,0,374.22,Active,https://www.newark.com/ni-now-part-of-emerson/188858-01/test-cable-assembly-coaxial-cable/dp/13AJ3470,0,270,DIRECT_SHIP,0,False,Active,09-30-2026,Inactive
782863-01,https://www.digikey.com/en/products/detail/ni/782863-01/15219168,2,167.62,Active,https://www.newark.com,0,0,,2,True,Active,09-30-2026,Active
788443-35WP,https://www.digikey.com/en/products/detail/ni/788443-35WP/27259586,0,1771.59,Active,https://www.newark.com/ni-now-part-of-emerson/788443-35wp/test-software-physical-delivery/dp/13AM5985,0,1386,STOCKED,0,False,Active,09-30-2026,Inactive
783127-01,https://www.digikey.com/en/products/detail/ni/783127-01/16648045,0,54733.14,Active,https://www.newark.com/ni-now-part-of-emerson/783127-01/rf-sgnl-gen-pxie-5654-20ghz-am/dp/14AJ5672,0,39490,DIRECT_SHIP,0,False,Active,09-30-2026,Inactive
781452-01,https://www.digikey.com/en/products/detail/ni/781452-01/16647576,0,58.21,Active,https://www.newark.com/ni-now-part-of-emerson/781452-01/replacement-fuse-r-series-10-pcs/dp/15AJ5760,0,42,DIRECT_SHIP,0,False,Active,09-30-2026,Inactive
6002-410-035,https://www.digikey.com/en/products/detail/digilent-inc/6002-410-035/26946446,7,12028.56,Active,https://www.newark.com,0,0,,7,True,Active,09-30-2026,Active
788381-35WP,https://www.digikey.com/en/products/detail/ni/788381-35WP/27259338,0,4201.44,Active,https://www.newark.com/ni-now-part-of-emerson/788381-35wp/test-software-physical-delivery/dp/13AM5976,0,3287,STOCKED,0,False,Active,09-30-2026,Inactive
787028-01,https://www.digikey.com/en/products/detail/ni/787028-01/18710519,0,3954.26,Active,https://www.newark.com/ni-now-part-of-emerson/787028-01/nfc-forum-reference-listener-3/dp/37AJ7519,0,2853,DIRECT_SHIP,0,False,Active,09-30-2026,Inactive
786502-01,https://www.digikey.com/en/products/detail/ni/786502-01/16648695,0,9866.93,Active,https://www.newark.com/ni-now-part-of-emerson/786502-01/frame-grabber-device-reconfigurable/dp/14AJ6300,0,7119,DIRECT_SHIP,0,False,Active,09-30-2026,Inactive
785809-01,https://www.digikey.com/en/products/detail/ni/785809-01/12817726,3,6400.12,Active,https://www.newark.com,0,0,,3,True,Active,09-30-2026,Active
786172-01,https://www.digikey.com/en/products/detail/ni/786172-01/18709954,0,91.48,Active,https://www.newark.com/ni-now-part-of-emerson/786172-01/ip67-power-l-code-m12-female-to/dp/57AJ6076,0,66,DIRECT_SHIP,0,False,Active,09-30-2026,Inactive
785892-01,https://www.digikey.com/en/products/detail/ni/785892-01/18710026,0,63.76,Active,https://www.newark.com/ni-now-part-of-emerson/785892-01/test-cable-assembly-250v-1-5m/dp/75AJ3229,0,46,DIRECT_SHIP,0,False,Active,09-30-2026,Inactive
784139-01,https://www.digikey.com/en/products/detail/ni/784139-01/15219110,0,227.30364,Active,https://www.newark.com/ni-now-part-of-emerson/784139-01/quarter-bridge-adapter-ni-9984f/dp/14AJ5883,0,164,DIRECT_SHIP,0,False,Active,09-30-2026,Inactive
140151-0R46,https://www.digikey.com/en/products/detail/ni/140151-0R46/18710126,0,195.43,Active,https://www.newark.com/ni-now-part-of-emerson/140151-0r46/test-cable-assembly-microphone/dp/13AJ3163,1,143.82,DIRECT_SHIP,1,True,Active,09-30-2026,Active
788450-35WM,https://www.digikey.com/en/products/detail/ni/788450-35WM/18710565,0,2025.2,Discontinued at DigiKey,https://www.newark.com/ni-now-part-of-emerson/788450-35wm/test-software/dp/95AJ6939,0,2050,STOCKED,0,False,Active,09-30-2026,Inactive
779940-02,https://www.digikey.com/en/products/detail/ni/779940-02/15219032,0,2393.62,Active,https://www.newark.com/ni-now-part-of-emerson/779940-02/digital-module-c-series-ni-9478/dp/14AJ4991,0,1727,DIRECT_SHIP,0,False,Active,09-30-2026,Inactive
781986-25,https://www.digikey.com/en/products/detail/ni/781986-25/16648456,0,10590.43,Active,https://www.newark.com/ni-now-part-of-emerson/781986-25/programmable-resistor-module-pxie/dp/14AJ5443,0,7641,DIRECT_SHIP,0,False,Active,09-30-2026,Inactive
784061-01,https://www.digikey.com/en/products/detail/ni/784061-01/16648070,0,15126.8,Active,https://www.newark.com,0,0,,0,False,Active,09-30-2026,Inactive
781058-01,https://www.digikey.com/en/products/detail/ni/781058-01/16647444,1,19854,Active,https://www.newark.com,0,0,,1,True,Active,09-30-2026,Active
789956-02,https://www.digikey.com/en/products/detail/ni/789956-02/24398480,13,41.62,Active,https://www.newark.com,0,0,,13,True,Active,09-30-2026,Active
410-385,https://www.digikey.com/en/products/detail/digilent-inc/410-385/10287719,9,100,Active,https://www.newark.com,0,0,,9,True,Active,09-30-2026,Active
782052-01,https://www.digikey.com/en/products/detail/ni/782052-01/15219021,4,1204.88,Active,https://www.newark.com,0,0,,4,True,Active,09-30-2026,Active
779341-01,https://www.digikey.com/en/products/detail/ni/779341-01/18709880,0,1274.62,Active,https://www.newark.com/ni-now-part-of-emerson/779341-01/screw-tb-accessory-scb-264x/dp/14AJ4848,0,1133,DIRECT_SHIP,0,False,Active,09-30-2026,Inactive
779826-35,https://www.digikey.com/en/products/detail/ni/779826-35/27259406,0,8414.39,Active,https://www.newark.com/ni-now-part-of-emerson/779826-35/test-software-ultiboard/dp/15AJ5422,0,6583,STOCKED,0,False,Active,09-30-2026,Inactive
150275-1R5,https://www.digikey.com/en/products/detail/ni/150275-1R5/18709752,0,849.62,Active,https://www.newark.com/ni-now-part-of-emerson/150275-1r5/test-cable-assembly-switch-cable/dp/13AJ3210,0,613,DIRECT_SHIP,0,False,Active,09-30-2026,Inactive
787454-01,https://www.digikey.com/en/products/detail/ni/787454-01/16647244,1,26419.5,Active,https://www.newark.com,0,0,,1,True,Active,09-30-2026,Active
875430-01,https://www.digikey.com,0,0,,https://www.newark.com,0,0,,0,False,Obsolete,09-30-2026,Inactive
790387-35,https://www.digikey.com/en/products/detail/ni/790387-35/27259185,0,8818.3,Active,https://www.newark.com/ni-now-part-of-emerson/790387-35/labview-suite-for-hil-subscription/dp/44AM4967,0,6899,STOCKED,0,False,Active,09-30-2026,Inactive
783701-03,https://www.digikey.com/en/products/detail/ni/783701-03/16647421,0,1715.87,Active,https://www.newark.com/ni-now-part-of-emerson/783701-03/test-cable-assembly-transceiver/dp/14AJ5787,0,1238,DIRECT_SHIP,0,False,Active,09-30-2026,Inactive
198506-01,https://www.digikey.com/en/products/detail/ni/198506-01/16648666,41,51.75,Active,https://www.newark.com,0,0,,41,True,Active,09-30-2026,Active
780176-01,https://www.digikey.com/en/products/detail/ni/780176-01/15218860,2,1215,Active,https://www.newark.com,0,0,,2,True,Active,09-30-2026,Active
783367-01,https://www.digikey.com/en/products/detail/ni/783367-01/15218888,0,3320.86,Active,https://www.newark.com/ni-now-part-of-emerson/783367-01/analog-i-p-module-univ-c-series/dp/14AJ5704,0,2396,DIRECT_SHIP,0,False,Active,09-30-2026,Inactive
781062-01,https://www.digikey.com/en/products/detail/ni/781062-01/16648775,1,2921.62,Active,https://www.newark.com,0,0,,1,True,Active,09-30-2026,Active
790591-01,https://www.digikey.com/en/products/detail/ni/790591-01/27381163,1,1461.38,Active,https://www.newark.com,0,0,,1,True,Active,09-30-2026,Active
868015-01,https://www.digikey.com/en/products/detail/ni/868015-01/16591978,0,4134.38,Active,https://www.newark.com/ni-now-part-of-emerson/868015-01/multifunction-measurement-bundle/dp/33AK6566,0,3675,DIRECT_SHIP,0,False,Active,09-30-2026,Inactive
788510-01,https://www.digikey.com,0,0,,https://www.newark.com/ni-emerson/788510-01/pxie-8285-25-gigabit-rdma-ethernet/dp/19AM9718,0,3537,DIRECT_SHIP,0,False,Active,09-30-2026,Inactive
783703-01,https://www.digikey.com/en/products/detail/ni/783703-01/13922147,1,1280.25,Active,https://www.newark.com,0,0,,1,True,Active,09-30-2026,Active
790078-01,https://www.digikey.com/en/products/detail/ni/790078-01/28173875,3,2244.38,Active,https://www.newark.com,0,0,,3,True,Active,09-30-2026,Active
240-004,https://www.digikey.com/en/products/detail/digilent-inc/240-004/4090086,192,2,Active,https://www.newark.com,0,0,,192,True,Active,09-30-2026,Active
788397-35,https://www.digikey.com/en/products/detail/ni/788397-35/18710268,0,1179.78,Active,https://www.newark.com/ni-now-part-of-emerson/788397-35/test-software-multisim-base-edition/dp/95AJ6887,0,923,STOCKED,0,False,Active,09-30-2026,Inactive
193737-01,https://www.digikey.com/en/products/detail/ni/193737-01/12817892,0,393.75,Active,https://www.newark.com/ni-now-part-of-emerson/193737-01/test-cable-assembly-multifunction/dp/13AJ3520,1,304.5,DIRECT_SHIP,1,True,Active,09-30-2026,Active
776707-01,https://www.digikey.com/en/products/detail/ni/776707-01/16647965,1,1288.98,Active,https://www.newark.com,0,0,,1,True,Active,09-30-2026,Active
183285-01,https://www.digikey.com/en/products/detail/ni/183285-01/16648487,26,253.12,Active,https://www.newark.com,0,0,,26,True,Active,09-30-2026,Active
NAT9914BPLF-27,https://www.digikey.com/en/products/detail/ni/NAT9914BPLF-27/16647353,2,1141.88,Active,https://www.newark.com,0,0,,2,True,Active,09-30-2026,Active
192061-0R5,https://www.digikey.com/en/products/detail/ni/192061-0R5/16648689,16,236.25,Active,https://www.newark.com,0,0,,16,True,Active,09-30-2026,Active
196917-01,https://www.digikey.com/en/products/detail/ni/196917-01/15219102,0,83.25,Active,https://www.newark.com/ni-now-part-of-emerson/196917-01/filler-mod-c-series-ni-9977-empty/dp/13AJ1602,234,75.48,DIRECT_SHIP,234,True,Active,09-30-2026,Active
788171-35,https://www.digikey.com/en/products/detail/ni/788171-35/18710183,0,1305.04,Active,https://www.newark.com/ni-now-part-of-emerson/788171-35/test-software/dp/71AJ9397,10,1021,STOCKED,10,True,Active,09-30-2026,Active
781744-01,https://www.digikey.com/en/products/detail/ni/781744-01/13922151,1,1146.38,Active,https://www.newark.com,0,0,,1,True,Active,09-30-2026,Active
788147-01,https://www.digikey.com/en/products/detail/ni/788147-01/16647865,0,623.7,Active,https://www.newark.com/ni-now-part-of-emerson/788147-01/usrp-x4xx-19-rack-mount-accessory/dp/47AK3195,0,450,DIRECT_SHIP,0,False,Active,09-30-2026,Inactive
789003-02,https://www.digikey.com/en/products/detail/ni/789003-02/27259687,0,640.3325,Active,https://www.newark.com/ni-now-part-of-emerson/789003-02/test-cable-assembly-2m/dp/87AK1865,0,462,DIRECT_SHIP,0,False,Active,09-30-2026,Inactive
781257-01,https://www.digikey.com/en/products/detail/ni/781257-01/18710600,2,757.12,Active,https://www.newark.com,0,0,,2,True,Active,09-30-2026,Active
786983-01,https://www.digikey.com/en/products/detail/ni/786983-01/18709892,0,93.38,Active,https://www.newark.com/ni-now-part-of-emerson/786983-01/test-cable-assembly-coaxial-cable/dp/14AJ6354,0,83,DIRECT_SHIP,0,False,Active,09-30-2026,Inactive
781496-01,https://www.digikey.com/en/products/detail/ni/781496-01/15219137,39,759.38,Active,https://www.newark.com,0,0,,39,True,Active,09-30-2026,Active
787903-0R087,https://www.digikey.com/en/products/detail/ni/787903-0R087/18709804,0,181.57,Active,https://www.newark.com/ni-now-part-of-emerson/787903-0r087/rf-cable-mmcx-m-to-mmcx-m-0-087/dp/37AJ7588,0,131,DIRECT_SHIP,0,False,Active,09-30-2026,Inactive
785325-01,https://www.digikey.com/en/products/detail/ni/785325-01/13922144,1,2522.25,Active,https://www.newark.com,0,0,,1,True,Active,09-30-2026,Active
778643-02,https://www.digikey.com/en/products/detail/ni/778643-02/18709964,0,580.734,Active,https://www.newark.com/ni-now-part-of-emerson/778643-02/rack-mount-kit-rear-pxi-1042/dp/13AJ1679,0,419,DIRECT_SHIP,0,False,Active,09-30-2026,Inactive
240-118,https://www.digikey.com/en/products/detail/digilent-inc/240-118/9445913,41,11,Active,https://www.newark.com,0,0,,41,True,Active,09-30-2026,Active
147792-05,https://www.digikey.com/en/products/detail/ni/147792-05/18709996,0,94.25,Active,https://www.newark.com/ni-now-part-of-emerson/147792-05/test-cable-assembly-camera-cable/dp/13AJ3200,0,68,DIRECT_SHIP,0,False,Active,09-30-2026,Inactive
783418-01,https://www.digikey.com/en/products/detail/ni/783418-01/15218907,0,619.54,Active,https://www.newark.com/ni-now-part-of-emerson/783418-01/half-bridge-adapter-ni-9986/dp/14AJ5719,0,447,DIRECT_SHIP,0,False,Active,09-30-2026,Inactive
866576-02C,https://www.digikey.com/en/products/detail/ni/866576-02C/27259411,0,10034.28,Active,https://www.newark.com/ni-now-part-of-emerson/866576-02c/vehicle-soundvibration-bundle/dp/87AK1913,0,9291,DIRECT_SHIP,0,False,Active,09-30-2026,Inactive
191945-02,https://www.digikey.com/en/products/detail/ni/191945-02/16648709,33,229.5,Active,https://www.newark.com,0,0,,33,True,Active,09-30-2026,Active
780587-40,https://www.digikey.com/en/products/detail/ni/780587-40/16648323,0,8065.13,Active,https://www.newark.com/ni-now-part-of-emerson/780587-40/matrix-sw-module-pxie-2540-350mhz/dp/13AJ3935,0,5819,DIRECT_SHIP,0,False,Active,09-30-2026,Inactive
783869-01,https://www.digikey.com/en/products/detail/ni/783869-01/18709852,3,812.25,Active,https://www.newark.com,0,0,,3,True,Active,09-30-2026,Active
784303-01,https://www.digikey.com/en/products/detail/ni/784303-01/15218914,0,191.27,Active,https://www.newark.com/ni-now-part-of-emerson/784303-01/horizontal-panel-mnt-kit-14slot/dp/14AJ5923,0,138,DIRECT_SHIP,0,False,Active,09-30-2026,Inactive
154041-12,https://www.digikey.com/en/products/detail/ni/154041-12/18710564,0,75.38,Active,https://www.newark.com/ni-now-part-of-emerson/154041-12/test-cable-assembly-ribbon-cable/dp/13AJ3238,0,67,DIRECT_SHIP,0,False,Active,09-30-2026,Inactive
786473-01,https://www.digikey.com/en/products/detail/ni/786473-01/15218918,13,2863.12,Active,https://www.newark.com,0,0,,13,True,Active,09-30-2026,Active
763061-005,https://www.digikey.com/en/products/detail/ni/763061-005/16648220,33,189,Active,https://www.newark.com,0,0,,33,True,Active,09-30-2026,Active
784179-01,https://www.digikey.com/en/products/detail/ni/784179-01/16648592,5,2593.12,Active,https://www.newark.com,0,0,,5,True,Active,09-30-2026,Active
789127-01,https://www.digikey.com/en/products/detail/ni/789127-01/26581967,0,1514.25,Active,https://www.newark.com/ni-now-part-of-emerson/789127-01/current-i-p-module-c-series-ni/dp/26AM2102,4,1372.92,DIRECT_SHIP,4,True,Active,09-30-2026,Active
788351-01,https://www.digikey.com/en/products/detail/ni/788351-01/27259420,0,32548.82,Active,https://www.newark.com/ni-now-part-of-emerson/788351-01/interface-module-fpd-link-iv-pxie/dp/87AK1840,0,23484,DIRECT_SHIP,0,False,Active,09-30-2026,Inactive
786206-1R5,https://www.digikey.com/en/products/detail/ni/786206-1R5/18710139,0,34.65,Active,https://www.newark.com/ni-now-part-of-emerson/786206-1r5/power-cord-ac-iec-c15-to-c14-100/dp/47AK3165,0,25,DIRECT_SHIP,0,False,Active,09-30-2026,Inactive
789600-12111,https://www.digikey.com/en/products/detail/ni/789600-12111/27259583,0,220615.16,Active,https://www.newark.com/ni-now-part-of-emerson/789600-12111/vector-sgnl-transceiver-pxie-5842/dp/87AK1882,0,159174,DIRECT_SHIP,0,False,Active,09-30-2026,Inactive
783787-01,https://www.digikey.com/en/products/detail/ni/783787-01/15219024,3,87.75,Active,https://www.newark.com,0,0,,3,True,Active,09-30-2026,Active
785686-01,https://www.digikey.com/en/products/detail/ni/785686-01/16648391,0,3036.73,Active,https://www.newark.com/ni-now-part-of-emerson/785686-01/optical-transceiver-qsfp-multi/dp/14AJ6153,0,2191,DIRECT_SHIP,0,False,Active,09-30-2026,Inactive
783692-01,https://www.digikey.com/en/products/detail/ni/783692-01/16647224,0,40827.4,Active,https://www.newark.com/ni-now-part-of-emerson/783692-01/pxi-oscilloscope-pxie-5171-250mhz/dp/14AJ5784,0,29457,DIRECT_SHIP,0,False,Active,09-30-2026,Inactive
786173-01,https://www.digikey.com/en/products/detail/ni/786173-01/18710418,0,116.42,Active,https://www.newark.com/ni-now-part-of-emerson/786173-01/ip67-power-l-code-m12-female-to/dp/47AK3150,0,84,DIRECT_SHIP,0,False,Active,09-30-2026,Inactive
785748-35,https://www.digikey.com/en/products/detail/ni/785748-35/15668160,0,1981,Obsolete,https://www.newark.com/ni-now-part-of-emerson/785748-35/test-software-flexlogger/dp/15AJ5432,0,2943,STOCKED,0,False,Active,09-30-2026,Inactive
782835-39,https://www.digikey.com/en/products/detail/ni/782835-39/16648348,0,9312.53,Active,https://www.newark.com/ni-now-part-of-emerson/782835-39/matrix-sw-module-pxie-2739-10mhz/dp/13AJ4041,2,6853.38,DIRECT_SHIP,2,True,Active,09-30-2026,Active
157599-0R5,https://www.digikey.com/en/products/detail/ni/157599-0R5/18710537,0,282.74,Active,https://www.newark.com/ni-now-part-of-emerson/157599-0r5/test-cable-assembly-analog-cable/dp/13AJ3299,0,204,DIRECT_SHIP,0,False,Active,09-30-2026,Inactive
410-380,https://www.digikey.com/en/products/detail/digilent-inc/410-380/9445906,245,9,Active,https://www.newark.com,0,0,,245,True,Active,09-30-2026,Active
778572-22,https://www.digikey.com/en/products/detail/ni/778572-22/16648425,1,3852,Active,https://www.newark.com,0,0,,1,True,Active,09-30-2026,Active
782890-01,https://www.digikey.com/en/products/detail/ni/782890-01/13922163,0,827.4425,Active,https://www.newark.com/ni-now-part-of-emerson/782890-01/frame-grabber-device-pcie-8244/dp/13AJ4045,0,597,DIRECT_SHIP,0,False,Active,09-30-2026,Inactive
790660-0118,https://www.digikey.com/en/products/detail/ni/790660-0118/28173890,0,9424.8,Active,https://www.newark.com/ni-now-part-of-emerson/790660-0118/controller-pxie-8862-512-gb-8/dp/52AM0129,0,6800,DIRECT_SHIP,0,False,Active,09-30-2026,Inactive
191945-0R5,https://www.digikey.com/en/products/detail/ni/191945-0R5/16647562,1,174.38,Active,https://www.newark.com,0,0,,1,True,Active,09-30-2026,Active
781314-02,https://www.digikey.com/en/products/detail/ni/781314-02/16647307,1,247.5,Active,https://www.newark.com,0,0,,1,True,Active,09-30-2026,Active
6069-410-079,https://www.digikey.com/en/products/detail/digilent-inc/6069-410-079/23334379,1,699,Active,https://www.newark.com,0,0,,1,True,Active,09-30-2026,Active
185845-01,https://www.digikey.com/en/products/detail/ni/185845-01/27259346,0,677.755,Active,https://www.newark.com/ni-now-part-of-emerson/185845-01/test-cable-assembly-serial-cable/dp/13AJ3440,0,489,DIRECT_SHIP,0,False,Active,09-30-2026,Inactive
787312-01,https://www.digikey.com/en/products/detail/ni/787312-01/16648066,0,6076.22,Active,https://www.newark.com/ni-now-part-of-emerson/787312-01/ethernet-interface-module-automotive/dp/12AJ8043,0,4384,DIRECT_SHIP,0,False,Active,09-30-2026,Inactive
784584-35,https://www.digikey.com/en/products/detail/ni/784584-35/15668181,0,3515.05,Active,https://www.newark.com/ni-now-part-of-emerson/784584-35/test-software/dp/15AJ1172,10,2750,STOCKED,10,True,Active,09-30-2026,Active
154169-01,https://www.digikey.com/en/products/detail/ni/154169-01/18710416,0,267.75,Active,https://www.newark.com/ni-now-part-of-emerson/154169-01/test-psu-ps-2-2-pos-plug-24vdc/dp/13AJ3239,0,238,DIRECT_SHIP,0,False,Active,09-30-2026,Inactive
867117-03,https://www.digikey.com/en/products/detail/ni/867117-03/16916065,0,7536.38,Active,https://www.newark.com/ni-now-part-of-emerson/867117-03/bench-power-supply-programmable/dp/87AK1925,0,6699,DIRECT_SHIP,0,False,Active,09-30-2026,Inactive
789818-01,https://www.digikey.com/en/products/detail/ni/789818-01/28314143,6,738.5,Active,https://www.newark.com,0,0,,6,True,Active,09-30-2026,Active
785620-01,https://www.digikey.com/en/products/detail/ni/785620-01/16648679,0,11913.75,Active,https://www.newark.com/ni-now-part-of-emerson/785620-01/controller-compactrio-crio-9043/dp/14AJ6120,0,10590,DIRECT_SHIP,0,False,Active,09-30-2026,Inactive
192190-01,https://www.digikey.com/en/products/detail/ni/192190-01/16648781,0,106.72208,Active,https://www.newark.com/ni-now-part-of-emerson/192190-01/test-cable-assembly-multifunction/dp/13AJ3502,0,77,DIRECT_SHIP,0,False,Active,09-30-2026,Inactive
788170-35,https://www.digikey.com/en/products/detail/ni/788170-35/27259200,0,4567.01,Active,https://www.newark.com/ni-now-part-of-emerson/788170-35/g-web-development-software-perpetual/dp/90AJ0966,0,3644.46,STOCKED,0,False,Active,09-30-2026,Inactive
182805-030,https://www.digikey.com/en/products/detail/ni/182805-030/16647620,0,988.22,Active,https://www.newark.com/ni-now-part-of-emerson/182805-030/test-cable-assembly-fiber-optic/dp/13AJ3388,0,713,DIRECT_SHIP,0,False,Active,09-30-2026,Inactive
784471-01,https://www.digikey.com/en/products/detail/ni/784471-01/16648182,1,14866.88,Active,https://www.newark.com,0,0,,1,True,Active,09-30-2026,Active
778964-01,https://www.digikey.com/en/products/detail/ni/778964-01/16647974,1,1382.62,Active,https://www.newark.com,0,0,,1,True,Active,09-30-2026,Active
783107-01,https://www.digikey.com/en/products/detail/ni/783107-01/15218908,0,2363.62,Active,https://www.newark.com/ni-now-part-of-emerson/783107-01/voltage-i-p-module-c-series-ni/dp/14AJ5666,0,2143.02,DIRECT_SHIP,0,False,Active,09-30-2026,Inactive
787314-01,https://www.digikey.com/en/products/detail/ni/787314-01/13922135,0,3015.94,Active,https://www.newark.com/ni-now-part-of-emerson/787314-01/frame-grabber-module-pxie-8246/dp/57AJ4541,0,2176,DIRECT_SHIP,0,False,Active,09-30-2026,Inactive
786320-01,https://www.digikey.com/en/products/detail/ni/786320-01/16648797,0,34768.12,Active,https://www.newark.com/ni-now-part-of-emerson/786320-01/digital-pattern-instrument-pxie/dp/14AJ6258,0,30905,DIRECT_SHIP,0,False,Active,09-30-2026,Inactive
779680-01,https://www.digikey.com/en/products/detail/ni/779680-01/15219125,0,4181.62,Active,https://www.newark.com/ni-now-part-of-emerson/779680-01/soundvibration-module-ni-9234/dp/13AJ3882,29,3791.34,DIRECT_SHIP,29,True,Active,09-30-2026,Active
780030-01,https://www.digikey.com/en/products/detail/ni/780030-01/15219205,9,826.88,Active,https://www.newark.com,0,0,,9,True,Active,09-30-2026,Active
778724-35,https://www.digikey.com/en/products/detail/ni/778724-35/27259428,0,2386.4,Active,https://www.newark.com/ni-now-part-of-emerson/778724-35/test-software-digital-waveform/dp/14AJ7545,0,1867,STOCKED,0,False,Active,09-30-2026,Inactive
786777-01,https://www.digikey.com/en/products/detail/ni/786777-01/16648443,1,1078.88,Active,https://www.newark.com,0,0,,1,True,Active,09-30-2026,Active
782882-01,https://www.digikey.com/en/products/detail/ni/782882-01/18709830,0,799.88,Active,https://www.newark.com/ni-now-part-of-emerson/782882-01/tb-tb-4322-pxie-4322-analog-output/dp/14AJ5622,9,725.22,DIRECT_SHIP,9,True,Active,09-30-2026,Active
199022-02,https://www.digikey.com/en/products/detail/ni/199022-02/18709853,0,91.48,Active,https://www.newark.com/ni-now-part-of-emerson/199022-02/test-cable-assembly-serial-cable/dp/13AJ3588,0,67.32,DIRECT_SHIP,0,False,Active,09-30-2026,Inactive
781386-01,https://www.digikey.com/en/products/detail/ni/781386-01/18710266,0,310.46444,Active,https://www.newark.com/ni-now-part-of-emerson/781386-01/test-psu-desktop-locking-ring/dp/14AJ5305,0,224,DIRECT_SHIP,0,False,Active,09-30-2026,Inactive
779012-02,https://www.digikey.com,0,0,,https://www.newark.com,0,0,,0,False,Obsolete,09-30-2026,Inactive
867012-02,https://www.digikey.com/en/products/detail/ni/867012-02/18710237,0,20425.48,Active,https://www.newark.com,0,0,,0,False,Active,09-30-2026,Inactive
782258-01,https://www.digikey.com/en/products/detail/ni/782258-01/12817857,3,5351.62,Active,https://www.newark.com,0,0,,3,True,Active,09-30-2026,Active
136692-0650,https://www.digikey.com/en/products/detail/ni/136692-0650/27259442,0,550.24,Active,https://www.newark.com/ni-now-part-of-emerson/136692-0650/test-accessory-2-92mm-plug-plug/dp/87AK1807,0,397,DIRECT_SHIP,0,False,Active,09-30-2026,Inactive
785023-07,https://www.digikey.com/en/products/detail/ni/785023-07/16647255,0,41.58,Active,https://www.newark.com/ni-now-part-of-emerson/785023-07/power-cord-for-usrp-rio-japan/dp/27AJ2538,0,30,DIRECT_SHIP,0,False,Active,09-30-2026,Inactive
783908-01,https://www.digikey.com/en/products/detail/ni/783908-01/15219089,7,706.5,Active,https://www.newark.com,0,0,,7,True,Active,09-30-2026,Active
6069-410-131,https://www.digikey.com/en/products/detail/digilent-inc/6069-410-131/23334430,0,505,Active,https://www.newark.com,0,0,,0,False,Active,09-30-2026,Inactive
788281-04,https://www.digikey.com/en/products/detail/ni/788281-04/18710227,0,1381.84,Active,https://www.newark.com/ni-now-part-of-emerson/788281-04/shdb13w6-4triaxm-low-noise-dsub/dp/46AK9929,0,997,DIRECT_SHIP,0,False,Active,09-30-2026,Inactive
783862-01,https://www.digikey.com/en/products/detail/ni/783862-01/15218961,25,2471.62,Active,https://www.newark.com,0,0,,25,True,Active,09-30-2026,Active
790406-08,https://www.digikey.com,0,0,,https://www.newark.com,0,0,,0,False,Obsolete,09-30-2026,Inactive
785966-01,https://www.digikey.com/en/products/detail/ni/785966-01/16647238,0,1762.99,Active,https://www.newark.com/ni-now-part-of-emerson/785966-01/interface-module-canopen-c-series/dp/14AJ6234,0,1272,DIRECT_SHIP,0,False,Active,09-30-2026,Inactive
6069-410-075,https://www.digikey.com/en/products/detail/digilent-inc/6069-410-075/23334435,0,1881.495,Active,https://www.newark.com,0,0,,0,False,Active,09-30-2026,Inactive
780264-02,https://www.digikey.com/en/products/detail/ni/780264-02/15219057,0,3601.12,Active,https://www.newark.com/ni-now-part-of-emerson/780264-02/strain-bridge-module-c-series/dp/14AJ5071,5,3265.02,DIRECT_SHIP,5,True,Active,09-30-2026,Active
787611-01,https://www.digikey.com/en/products/detail/ni/787611-01/18710712,0,124.74,Active,https://www.newark.com/ni-now-part-of-emerson/787611-01/screw-terminal-connector-kit-for/dp/31AK5280,0,90,DIRECT_SHIP,0,False,Active,09-30-2026,Inactive
240-141,https://www.digikey.com/en/products/detail/digilent-inc/240-141/18154857,5,41,Active,https://www.newark.com,0,0,,5,True,Active,09-30-2026,Active
240-153,https://www.digikey.com/en/products/detail/digilent-inc/240-153/26598180,29,350,Active,https://www.newark.com,0,0,,29,True,Active,09-30-2026,Active
410-414,https://www.digikey.com,0,0,,https://www.newark.com/ni-now-part-of-emerson/del-410-414/adaptor-canvas-analog-discovery/dp/47AM1291,0,94,NO_LONGER_MANUFACTURED,0,False,Obsolete,09-30-2026,Inactive
782834-01,https://www.digikey.com/en/products/detail/ni/782834-01/18710445,0,2799,Active,https://www.newark.com/ni-now-part-of-emerson/782834-01/test-support-power-amplifier-module/dp/14AJ5610,0,2488,DIRECT_SHIP,0,False,Active,09-30-2026,Inactive
781440-01,https://www.digikey.com/en/products/detail/ni/781440-01/12817742,3,2871,Active,https://www.newark.com,0,0,,3,True,Active,09-30-2026,Active
789600-12511,https://www.digikey.com/en/products/detail/ni/789600-12511/27259535,0,176491.85,Active,https://www.newark.com/ni-now-part-of-emerson/789600-12511/vector-sgnl-transceiver-pxie-5842/dp/87AK1888,0,127339,DIRECT_SHIP,0,False,Active,09-30-2026,Inactive
783824-01,https://www.digikey.com/en/products/detail/ni/783824-01/15218938,16,1239.75,Active,https://www.newark.com,0,0,,16,True,Active,09-30-2026,Active
6069-410-225,https://www.digikey.com/en/products/detail/digilent-inc/6069-410-225/23334453,0,12179.48,Active,https://www.newark.com,0,0,,0,False,Active,09-30-2026,Inactive
778967-01,https://www.digikey.com/en/products/detail/ni/778967-01/16647446,12,1382.62,Active,https://www.newark.com,0,0,,12,True,Active,09-30-2026,Active
6002-410-030,https://www.digikey.com/en/products/detail/digilent-inc/6002-410-030/16978084,0,185,Active,https://www.newark.com,0,0,,0,False,Active,09-30-2026,Inactive
782773-01,https://www.digikey.com/en/products/detail/ni/782773-01/16818596,50,104.62,Active,https://www.newark.com,0,0,,50,True,Active,09-30-2026,Active
783850-01,https://www.digikey.com/en/products/detail/ni/783850-01/16647653,1,15183,Active,https://www.newark.com,0,0,,1,True,Active,09-30-2026,Active
781047-01,https://www.digikey.com/en/products/detail/ni/781047-01/12817811,8,2115,Active,https://www.newark.com,0,0,,8,True,Active,09-30-2026,Active
780041-01,https://www.digikey.com/en/products/detail/ni/780041-01/16647533,1,1087.88,Active,https://www.newark.com,0,0,,1,True,Active,09-30-2026,Active
781771-01,https://www.digikey.com/en/products/detail/ni/781771-01/15219052,0,1352.74,Active,https://www.newark.com/ni-now-part-of-emerson/781771-01/tb-cal-9214/dp/14AJ5411,0,976,DIRECT_SHIP,0,False,Active,09-30-2026,Inactive
783413-01,https://www.digikey.com/en/products/detail/ni/783413-01/15219073,0,339.57,Active,https://www.newark.com/ni-now-part-of-emerson/783413-01/current-shunt-adapter-ni-9983/dp/14AJ5714,0,245,DIRECT_SHIP,0,False,Active,09-30-2026,Inactive
867113-04,https://www.digikey.com/en/products/detail/ni/867113-04/18710717,0,27562.5,Active,https://www.newark.com,0,0,,0,False,Active,09-30-2026,Inactive
471-040,https://www.digikey.com/en/products/detail/digilent-inc/471-040/14305459,89,1881.26,Active,https://www.newark.com,0,0,,89,True,Active,09-30-2026,Active
779600-02,https://www.digikey.com/en/products/detail/ni/779600-02/15218965,0,1167.75,Active,https://www.newark.com/ni-now-part-of-emerson/779600-02/relay-module-solid-state-fet-ni/dp/14AJ4905,4,1058.76,DIRECT_SHIP,4,True,Active,09-30-2026,Active
788645-35WM,https://www.digikey.com/en/products/detail/ni/788645-35WM/27259444,0,0,Discontinued at DigiKey,https://www.newark.com/ni-now-part-of-emerson/788645-35wm/test-software-labview-software/dp/21AM0125,0,300,STOCKED,0,False,Active,09-30-2026,Inactive
781742-01,https://www.digikey.com/en/products/detail/ni/781742-01/16648101,0,17117.1,Active,https://www.newark.com/ni-now-part-of-emerson/781742-01/source-measure-unit-smu-4ch-4/dp/14AJ5404,0,12597,DIRECT_SHIP,0,False,Active,09-30-2026,Inactive
867113-01,https://www.digikey.com/en/products/detail/ni/867113-01/16675065,0,27562.5,Active,https://www.newark.com/ni-now-part-of-emerson/867113-01/lcr-meter-pxie-4190/dp/47AK5813,0,24500,DIRECT_SHIP,0,False,Active,09-30-2026,Inactive
781630-05,https://www.digikey.com/en/products/detail/ni/781630-05/16648072,0,3793.48,Active,https://www.newark.com/ni-now-part-of-emerson/781630-05/gpib-instrument-control-device/dp/14AJ5370,0,2737,DIRECT_SHIP,0,False,Active,09-30-2026,Inactive
784172-01,https://www.digikey.com/en/products/detail/ni/784172-01/18710533,0,1388.77,Active,https://www.newark.com/ni-now-part-of-emerson/784172-01/pcb-miniature-accelerometer-10mv/dp/69AJ8658,0,1002,DIRECT_SHIP,0,False,Active,09-30-2026,Inactive
790067-03,https://www.digikey.com/en/products/detail/ni/790067-03/27259668,0,3362.44,Active,https://www.newark.com/ni-now-part-of-emerson/790067-03/ni-pxie8361-pcie8363-x1-mxi-express/dp/21AM9090,0,2426,DIRECT_SHIP,0,False,Active,09-30-2026,Inactive
780587-69,https://www.digikey.com/en/products/detail/ni/780587-69/16647878,1,5081.62,Active,https://www.newark.com,0,0,,1,True,Active,09-30-2026,Active
310-100,https://www.digikey.com/en/products/detail/digilent-inc/310-100/9383835,141,11,Active,https://www.newark.com,0,0,,141,True,Active,09-30-2026,Active
783407-02,https://www.digikey.com/en/products/detail/ni/783407-02/15219009,0,1886.345,Active,https://www.newark.com/ni-now-part-of-emerson/783407-02/counter-timer-module-ni-9361-8ch/dp/14AJ5710,0,1361,DIRECT_SHIP,0,False,Active,09-30-2026,Inactive
786914-01,https://www.digikey.com/en/products/detail/ni/786914-01/16648439,0,357.59,Active,https://www.newark.com/ni-now-part-of-emerson/786914-01/reed-relay-replacement-kit-ums05/dp/15AJ5792,0,258,DIRECT_SHIP,0,False,Active,09-30-2026,Inactive
781745-01,https://www.digikey.com/en/products/detail/ni/781745-01/13922187,0,1290.38,Active,https://www.newark.com/ni-now-part-of-emerson/781745-01/serial-interface-device-pcie-8433/dp/14AJ5407,0,1147,DIRECT_SHIP,0,False,Active,09-30-2026,Inactive
781449-10,https://www.digikey.com/en/products/detail/ni/781449-10/16647511,0,932.78,Active,https://www.newark.com/ni-now-part-of-emerson/781449-10/test-cable-assembly-coaxial-cable/dp/14AJ5347,0,673,DIRECT_SHIP,0,False,Active,09-30-2026,Inactive
783850-02,https://www.digikey.com/en/products/detail/ni/783850-02/16648054,0,21829.5,Active,https://www.newark.com,0,0,,0,False,Active,09-30-2026,Inactive
783812-02,https://www.digikey.com/en/products/detail/ni/783812-02/16648058,0,76.23,Active,https://www.newark.com/ni-now-part-of-emerson/783812-02/fgen-cable-bnc-male-to-micrograbber/dp/14AJ5813,0,55,DIRECT_SHIP,0,False,Active,09-30-2026,Inactive
784060-01,https://www.digikey.com/en/products/detail/ni/784060-01/16648484,3,2859.75,Active,https://www.newark.com,0,0,,3,True,Active,09-30-2026,Active
783827-01,https://www.digikey.com/en/products/detail/ni/783827-01/15218982,11,2292.75,Active,https://www.newark.com,0,0,,11,True,Active,09-30-2026,Active
785046-01,https://www.digikey.com/en/products/detail/ni/785046-01/15218997,10,1498.5,Active,https://www.newark.com,0,0,,10,True,Active,09-30-2026,Active
763061-003,https://www.digikey.com/en/products/detail/ni/763061-003/16648388,2,232.88,Active,https://www.newark.com,0,0,,2,True,Active,09-30-2026,Active
141856-01,https://www.digikey.com/en/products/detail/ni/141856-01/15219121,2,79.88,Active,https://www.newark.com,0,0,,2,True,Active,09-30-2026,Active
868106-03B,https://www.digikey.com/en/products/detail/ni/868106-03B/27259526,0,38813.54,Active,https://www.newark.com/ni-now-part-of-emerson/868106-03b/test-reference-architecture-static/dp/97AK1634,0,28004,DIRECT_SHIP,0,False,Active,09-30-2026,Inactive
779651-01,https://www.digikey.com/en/products/detail/ni/779651-01/18710571,0,3049.2,Active,https://www.newark.com/ni-now-part-of-emerson/779651-01/extender-bus-isolator-expander/dp/14AJ4931,0,2200,DIRECT_SHIP,0,False,Active,09-30-2026,Inactive
785066-01,https://www.digikey.com/en/products/detail/ni/785066-01/18709764,1,15414.75,Active,https://www.newark.com,0,0,,1,True,Active,09-30-2026,Active
782715-01,https://www.digikey.com/en/products/detail/ni/782715-01/15218964,29,82.12,Active,https://www.newark.com,0,0,,29,True,Active,09-30-2026,Active
789987-35,https://www.digikey.com/en/products/detail/ni/789987-35/27259339,0,1917.3,Active,https://www.newark.com/ni-now-part-of-emerson/789987-35/test-software-instrument-studio/dp/20AM4107,0,1530,STOCKED,0,False,Active,09-30-2026,Inactive
136691-0870,https://www.digikey.com/en/products/detail/ni/136691-0870/27259425,0,275.81,Active,https://www.newark.com/ni-now-part-of-emerson/136691-0870/test-accessory-sma-plug-plug-0/dp/87AK1806,0,199,DIRECT_SHIP,0,False,Active,09-30-2026,Inactive
780990-01,https://www.digikey.com/en/products/detail/ni/780990-01/16647566,0,5671.51,Active,https://www.newark.com/ni-now-part-of-emerson/780990-01/pcb-triaxial-accelerometer-5mv/dp/37AJ2376,0,4092,DIRECT_SHIP,0,False,Active,09-30-2026,Inactive
779647-10,https://www.digikey.com/en/products/detail/ni/779647-10/16647898,1,4824,Active,https://www.newark.com,0,0,,1,True,Active,09-30-2026,Active
779195-01,https://www.digikey.com/en/products/detail/ni/779195-01/12817852,2,52.88,Active,https://www.newark.com,0,0,,2,True,Active,09-30-2026,Active
182767-01,https://www.digikey.com/en/products/detail/ni/182767-01/16647276,0,159.39,Active,https://www.newark.com/ni-now-part-of-emerson/182767-01/gpib-bulkhead-adapter-gpib-systems/dp/13AJ3382,0,115,DIRECT_SHIP,0,False,Active,09-30-2026,Inactive
310-001,https://www.digikey.com/en/products/detail/digilent-inc/310-001/4090056,386,14,Active,https://www.newark.com,0,0,,386,True,Active,09-30-2026,Active
184749-02,https://www.digikey.com/en/products/detail/ni/184749-02/18709937,3,298.12,Active,https://www.newark.com,0,0,,3,True,Active,09-30-2026,Active
785190-01,https://www.digikey.com/en/products/detail/ni/785190-01/15219064,48,2423.25,Active,https://www.newark.com,0,0,,48,True,Active,09-30-2026,Active
152640-01,https://www.digikey.com/en/products/detail/ni/152640-01/18710229,0,265.5,Active,https://www.newark.com/ni-now-part-of-emerson/152640-01/rf-cable-sma-m-to-sma-m-pxie-5668/dp/47AK3063,0,236,DIRECT_SHIP,0,False,Active,09-30-2026,Inactive
788308-02,https://www.digikey.com/en/products/detail/ni/788308-02/27259336,0,41.58,Active,https://www.newark.com/ni-now-part-of-emerson/788308-02/testscale-power-cable-pigtails/dp/71AK4738,0,30.6,DIRECT_SHIP,0,False,Active,09-30-2026,Inactive
781327-01,https://www.digikey.com,0,0,,https://www.newark.com/ni-emerson/781327-01/student-instrumentation-bundle/dp/36AJ5298,0,347,DIRECT_SHIP,0,False,Active,09-30-2026,Inactive
138951-01,https://www.digikey.com/en/products/detail/ni/138951-01/27259190,0,214.83,Active,https://www.newark.com/ni-now-part-of-emerson/138951-01/test-cable-assembly-1m/dp/87AK1823,0,155,DIRECT_SHIP,0,False,Active,09-30-2026,Inactive
310-122,https://www.digikey.com/en/products/detail/digilent-inc/310-122/30380621,0,22.25301,Active,https://www.newark.com/phoenix-contact/3101223/partition-plate-ats-mtk/dp/91X8060,0,0,NO_LONGER_STOCKED,0,False,Active,09-30-2026,Inactive
785626-01,https://www.digikey.com/en/products/detail/ni/785626-01/16648318,3,49.9,Active,https://www.newark.com,0,0,,3,True,Active,09-30-2026,Active
782439-35,https://www.digikey.com/en/products/detail/ni/782439-35/18710599,0,1578.58,Active,https://www.newark.com/ni-now-part-of-emerson/782439-35/test-software/dp/15AJ0147,0,1235,STOCKED,0,False,Active,09-30-2026,Inactive
787674-01,https://www.digikey.com/en/products/detail/ni/787674-01/18710472,0,39.38,Active,https://www.newark.com/ni-now-part-of-emerson/787674-01/pcb-conn-96pin-din-r-a-rcpt/dp/14AJ6435,0,35,DIRECT_SHIP,0,False,Active,09-30-2026,Inactive
875425-01,https://www.digikey.com,0,0,,https://www.newark.com,0,0,,0,False,Obsolete,09-30-2026,Inactive
781444-02,https://www.digikey.com/en/products/detail/ni/781444-02/12817822,1,7051.5,Active,https://www.newark.com,0,0,,1,True,Active,09-30-2026,Active
199744-05,https://www.digikey.com/en/products/detail/ni/199744-05/16648250,1,334.12,Active,https://www.newark.com,0,0,,1,True,Active,09-30-2026,Active
867111-01,https://www.digikey.com/en/products/detail/ni/867111-01/16675075,0,19841.98,Active,https://www.newark.com/ni-now-part-of-emerson/867111-01/source-measure-unit-3a-40w/dp/47AK5811,0,14316,DIRECT_SHIP,0,False,Active,09-30-2026,Inactive
196809-01,https://www.digikey.com/en/products/detail/ni/196809-01/15219068,133,128.25,Active,https://www.newark.com,0,0,,133,True,Active,09-30-2026,Active
782698-01,https://www.digikey.com/en/products/detail/ni/782698-01/15219083,10,429.75,Active,https://www.newark.com,0,0,,10,True,Active,09-30-2026,Active
785291-35,https://www.digikey.com/en/products/detail/ni/785291-35/27259258,0,1293.54,Active,https://www.newark.com,0,0,,0,False,Active,09-30-2026,Inactive
783491-01,https://www.digikey.com/en/products/detail/ni/783491-01/16647357,0,352.04375,Active,https://www.newark.com/ni-now-part-of-emerson/783491-01/gpio-connection-kit-for-usrp-rio/dp/27AJ2503,0,254,DIRECT_SHIP,0,False,Active,09-30-2026,Inactive
6069-410-059,https://www.digikey.com/en/products/detail/digilent-inc/6069-410-059/16970327,77,459,Active,https://www.newark.com,0,0,,77,True,Active,09-30-2026,Active
781347-01,https://www.digikey.com/en/products/detail/ni/781347-01/18710081,1,824.62,Active,https://www.newark.com,0,0,,1,True,Active,09-30-2026,Active
777756-35,https://www.digikey.com/en/products/detail/ni/777756-35/15668183,0,4160,Obsolete,https://www.newark.com/ni-now-part-of-emerson/777756-35/test-software-labview-full/dp/15AJ5397,0,6057,STOCKED,0,False,Active,09-30-2026,Inactive
199006-05,https://www.digikey.com/en/products/detail/ni/199006-05/16647453,3,391.5,Active,https://www.newark.com,0,0,,3,True,Active,09-30-2026,Active
782459-01,https://www.digikey.com/en/products/detail/ni/782459-01/27259191,0,536.382,Active,https://www.newark.com/ni-now-part-of-emerson/782459-01/replacement-fan-assembly/dp/15AJ5777,0,394.74,DIRECT_SHIP,0,False,Active,09-30-2026,Inactive
789600-26110,https://www.digikey.com/en/products/detail/ni/789600-26110/27259711,0,226918.69,Active,https://www.newark.com/ni-now-part-of-emerson/789600-26110/vector-sgnl-transceiver-pxie-5842/dp/87AK1899,0,163722,DIRECT_SHIP,0,False,Active,09-30-2026,Inactive
779153-02,https://www.digikey.com/en/products/detail/ni/779153-02/16648087,0,37603.57,Active,https://www.newark.com/ni-now-part-of-emerson/779153-02/pxi-oscilloscope-pxi-5922-6mhz/dp/13AJ3838,0,27131,DIRECT_SHIP,0,False,Active,09-30-2026,Inactive
6069-410-180,https://www.digikey.com/en/products/detail/digilent-inc/6069-410-180/23334456,5,159,Active,https://www.newark.com,0,0,,5,True,Active,09-30-2026,Active
782257-01,https://www.digikey.com/en/products/detail/ni/782257-01/12817707,4,4005,Active,https://www.newark.com,0,0,,4,True,Active,09-30-2026,Active
867113-02,https://www.digikey.com/en/products/detail/ni/867113-02/18710551,0,27562.5,Active,https://www.newark.com,0,0,,0,False,Active,09-30-2026,Inactive
778800-35WM,https://www.digikey.com/en/products/detail/ni/778800-35WM/27259447,0,0,Discontinued at DigiKey,https://www.newark.com/ni-now-part-of-emerson/778800-35wm/test-software-measurement-studio/dp/14AJ7611,0,5763,STOCKED,0,False,Active,09-30-2026,Inactive
783485-01,https://www.digikey.com/en/products/detail/ni/783485-01/16647541,2,9671.62,Active,https://www.newark.com,0,0,,2,True,Active,09-30-2026,Active
784003-35,https://www.digikey.com/en/products/detail/ni/784003-35/27259304,0,31848.91,Active,https://www.newark.com/ni-now-part-of-emerson/784003-35/test-software/dp/15AJ0929,0,24917,STOCKED,0,False,Active,09-30-2026,Inactive
TNT4882-BQF330,https://www.digikey.com/en/products/detail/ni/TNT4882-BQF330/27259305,0,20552.99,Active,https://www.newark.com,0,0,,0,False,Active,09-30-2026,Inactive
786079-01,https://www.digikey.com/en/products/detail/ni/786079-01/16648508,0,4155.23,Active,https://www.newark.com/ni-now-part-of-emerson/786079-01/nfc-forum-reference-listener-6/dp/37AJ7279,0,2998,DIRECT_SHIP,0,False,Active,09-30-2026,Inactive
6002-410-024,https://www.digikey.com/en/products/detail/digilent-inc/6002-410-024/15771168,235,2403.44,Active,https://www.newark.com,0,0,,235,True,Active,09-30-2026,Active
189588-02,https://www.digikey.com/en/products/detail/ni/189588-02/16648005,5,365.62,Active,https://www.newark.com,0,0,,5,True,Active,09-30-2026,Active
786822-35,https://www.digikey.com/en/products/detail/ni/786822-35/18710067,0,7359.88,Active,https://www.newark.com/ni-now-part-of-emerson/786822-35/test-software/dp/15AJ1707,0,5758,STOCKED,0,False,Active,09-30-2026,Inactive
779787-01,https://www.digikey.com/en/products/detail/ni/779787-01/15219026,61,942.75,Active,https://www.newark.com,0,0,,61,True,Active,09-30-2026,Active
151733-05,https://www.digikey.com/en/products/detail/ni/151733-05/16648413,4,41.62,Active,https://www.newark.com,0,0,,4,True,Active,09-30-2026,Active
785342-01,https://www.digikey.com/en/products/detail/ni/785342-01/16648193,0,4144.14,Active,https://www.newark.com/ni-now-part-of-emerson/785342-01/rmx-10050-1-phase-power-distribution/dp/26AK7172,0,2990,DIRECT_SHIP,0,False,Active,09-30-2026,Inactive
788179-01,https://www.digikey.com/en/products/detail/ni/788179-01/27259682,0,6084.54,Active,https://www.newark.com/ni-now-part-of-emerson/788179-01/dc-electr-load-6v-300w-programmable/dp/20AM3960,0,4390,DIRECT_SHIP,0,False,Active,09-30-2026,Inactive
788439-35,https://www.digikey.com/en/products/detail/ni/788439-35/18709781,0,369.4,Active,https://www.newark.com,0,0,,0,False,Active,09-30-2026,Inactive
785592-01,https://www.digikey.com/en/products/detail/ni/785592-01/16648837,0,52512.77,Active,https://www.newark.com/ni-now-part-of-emerson/785592-01/pxie-5775-flexrio-digitizer-2/dp/37AJ7105,0,37888,DIRECT_SHIP,0,False,Active,09-30-2026,Inactive
786088-01,https://www.digikey.com/en/products/detail/ni/786088-01/16648809,0,4640.33,Active,https://www.newark.com/ni-now-part-of-emerson/786088-01/automated-antenna-for-nfc-forum/dp/37AJ7288,0,3348,DIRECT_SHIP,0,False,Active,09-30-2026,Inactive
779082-01,https://www.digikey.com/en/products/detail/ni/779082-01/12817693,1,752.62,Active,https://www.newark.com,0,0,,1,True,Active,09-30-2026,Active
783733-01,https://www.digikey.com/en/products/detail/ni/783733-01/15218865,0,963,Active,https://www.newark.com/ni-now-part-of-emerson/783733-01/current-o-p-module-c-series-ni/dp/13AJ4085,15,873.12,DIRECT_SHIP,15,True,Active,09-30-2026,Active
783699-02,https://www.digikey.com/en/products/detail/ni/783699-02/16648879,18,783,Active,https://www.newark.com,0,0,,18,True,Active,09-30-2026,Active
781445-01,https://www.digikey.com/en/products/detail/ni/781445-01/12817835,0,7815.38,Active,https://www.newark.com/ni-now-part-of-emerson/781445-01/multifunction-i-o-device-usb-6366/dp/13AJ3990,0,6947,DIRECT_SHIP,0,False,Active,09-30-2026,Inactive
867117-02,https://www.digikey.com/en/products/detail/ni/867117-02/16916056,0,9284.81,Active,https://www.newark.com,0,0,,0,False,Active,09-30-2026,Inactive
785714-09,https://www.digikey.com/en/products/detail/ni/785714-09/18710075,0,70.69,Active,https://www.newark.com/ni-now-part-of-emerson/785714-09/power-cord-ac-iec-c19-to-cee7/dp/75AJ3222,0,51,DIRECT_SHIP,0,False,Active,09-30-2026,Inactive
780009-01,https://www.digikey.com/en/products/detail/ni/780009-01/18710764,5,1060.88,Active,https://www.newark.com,0,0,,5,True,Active,09-30-2026,Active
778476-104,https://www.digikey.com/en/products/detail/ni/778476-104/16648187,0,1710.32,Active,https://www.newark.com/ni-now-part-of-emerson/778476-104/serial-interface-device-usb-485/dp/13AJ3741,0,1234,DIRECT_SHIP,0,False,Active,09-30-2026,Inactive
783804-01,https://www.digikey.com/en/products/detail/ni/783804-01/16647577,0,40.19,Active,https://www.newark.com/ni-now-part-of-emerson/783804-01/test-cable-assembly-cable-strain/dp/14AJ5811,0,29,DIRECT_SHIP,0,False,Active,09-30-2026,Inactive
778724-35WP,https://www.digikey.com/en/products/detail/ni/778724-35WP/27259287,0,2386.4,Active,https://www.newark.com/ni-now-part-of-emerson/778724-35wp/test-software-digital-waveform/dp/24AM0215,0,1867,STOCKED,0,False,Active,09-30-2026,Inactive
782720-01,https://www.digikey.com/en/products/detail/ni/782720-01/18710110,0,209.25,Active,https://www.newark.com/ni-now-part-of-emerson/782720-01/conn-kit-swb-2807/dp/14AJ5601,0,186,DIRECT_SHIP,0,False,Active,09-30-2026,Inactive
310-064,https://www.digikey.com/en/products/detail/digilent-inc/310-064/5848557,8,16,Active,https://www.newark.com,0,0,,8,True,Active,09-30-2026,Active
781212-01,https://www.digikey.com/en/products/detail/ni/781212-01/16648137,0,1063.06333,Active,https://www.newark.com/ni-now-part-of-emerson/781212-01/digital-module-c-series-sbrio/dp/14AJ5257,0,767,DIRECT_SHIP,0,False,Active,09-30-2026,Inactive
789600-08511,https://www.digikey.com/en/products/detail/ni/789600-08511/27259548,0,116897.04,Active,https://www.newark.com/ni-now-part-of-emerson/789600-08511/vector-sgnl-transceiver-pxie-5842/dp/87AK1879,0,108238,DIRECT_SHIP,0,False,Active,09-30-2026,Inactive
186381-02,https://www.digikey.com/en/products/detail/ni/186381-02/16647494,4,280.12,Active,https://www.newark.com,0,0,,4,True,Active,09-30-2026,Active
6069-410-264,https://www.digikey.com/en/products/detail/digilent-inc/6069-410-264/23334357,2,3999.02,Active,https://www.newark.com,0,0,,2,True,Active,09-30-2026,Active
781092-01,https://www.digikey.com/en/products/detail/ni/781092-01/18710681,0,1060.88,Active,https://www.newark.com/ni-now-part-of-emerson/781092-01/test-cable-assembly-switch-cable/dp/14AJ5221,0,943,DIRECT_SHIP,0,False,Active,09-30-2026,Inactive
6069-410-020,https://www.digikey.com/en/products/detail/digilent-inc/6069-410-020/16984415,23,839,Active,https://www.newark.com,0,0,,23,True,Active,09-30-2026,Active
786919-01,https://www.digikey.com/en/products/detail/ni/786919-01/18710511,0,36977.09,Active,https://www.newark.com/ni-now-part-of-emerson/786919-01/usrp-n321-non-tpm-2-tx-rx-channels/dp/27AJ2577,0,26679,DIRECT_SHIP,0,False,Active,09-30-2026,Inactive
410-418,https://www.digikey.com/en/products/detail/digilent-inc/410-418/20414231,38,29.99,Active,https://www.newark.com,0,0,,38,True,Active,09-30-2026,Active
786939-01,https://www.digikey.com/en/products/detail/ni/786939-01/16648810,0,55656.22,Active,https://www.newark.com/ni-now-part-of-emerson/786939-01/high-speed-serial-instrument-flexrio/dp/14AJ6344,0,40156,DIRECT_SHIP,0,False,Active,09-30-2026,Inactive
788491-35WM,https://www.digikey.com/en/products/detail/ni/788491-35WM/27259602,0,0,Discontinued at DigiKey,https://www.newark.com/ni-now-part-of-emerson/788491-35wm/test-software-labview-software/dp/24AM0237,0,1050,STOCKED,0,False,Active,09-30-2026,Inactive
780557-01,https://www.digikey.com/en/products/detail/ni/780557-01/18709901,9,123.75,Active,https://www.newark.com,0,0,,9,True,Active,09-30-2026,Active
783405-03,https://www.digikey.com/en/products/detail/ni/783405-03/18710273,0,0,Obsolete,https://www.newark.com/ni-now-part-of-emerson/783405-03/electronics-protoboard/dp/57AJ6059,0,118,DIRECT_SHIP,0,False,Active,09-30-2026,Inactive
788509-35,https://www.digikey.com/en/products/detail/ni/788509-35/16164283,0,5310.92,Active,https://www.newark.com/ni-now-part-of-emerson/788509-35/test-software-labview-suite/dp/98AJ1162,0,4155,STOCKED,0,False,Active,09-30-2026,Inactive
783569-01,https://www.digikey.com/en/products/detail/ni/783569-01/18710461,0,195.42615,Active,https://www.newark.com/ni-now-part-of-emerson/783569-01/desktop-mounting-kit/dp/13AJ4070,0,141,DIRECT_SHIP,0,False,Active,09-30-2026,Inactive
783469-01,https://www.digikey.com/en/products/detail/ni/783469-01/18710215,14,106.88,Active,https://www.newark.com,0,0,,14,True,Active,09-30-2026,Active
6069-410-021,https://www.digikey.com/en/products/detail/digilent-inc/6069-410-021/16970314,65,419,Active,https://www.newark.com,0,0,,65,True,Active,09-30-2026,Active
783537-01,https://www.digikey.com/en/products/detail/ni/783537-01/16647923,0,396.4,Active,https://www.newark.com/ni-now-part-of-emerson/783537-01/carrying-case-soft-vb-8012virtualbench/dp/13AJ4067,0,286,DIRECT_SHIP,0,False,Active,09-30-2026,Inactive
784877-02,https://www.digikey.com/en/products/detail/ni/784877-02/16647766,0,4092.86,Active,https://www.newark.com/ni-now-part-of-emerson/784877-02/controller-compactrio-sbrio-9607/dp/14AJ6010,0,2953,DIRECT_SHIP,0,False,Active,09-30-2026,Inactive
6069-410-187,https://www.digikey.com/en/products/detail/digilent-inc/6069-410-187/23334381,19,1559.01,Active,https://www.newark.com,0,0,,19,True,Active,09-30-2026,Active
788373-35,https://www.digikey.com/en/products/detail/ni/788373-35/18709923,0,2772.42,Active,https://www.newark.com/ni-now-part-of-emerson/788373-35/test-software/dp/95AJ6864,0,2169,STOCKED,0,False,Active,09-30-2026,Inactive
780132-02,https://www.digikey.com/en/products/detail/ni/780132-02/15219013,0,1272.52,Obsolete,https://www.newark.com/ni-now-part-of-emerson/780132-02/digital-module-c-series-ni-9475/dp/14AJ5047,0,1281,DIRECT_SHIP,0,False,Active,09-30-2026,Inactive
763061-06,https://www.digikey.com/en/products/detail/ni/763061-06/16647692,0,360.36,Active,https://www.newark.com/ni-now-part-of-emerson/763061-06/test-cable-assembly-gpib-cable/dp/13AJ3620,0,260,DIRECT_SHIP,0,False,Active,09-30-2026,Inactive
785064-01,https://www.digikey.com/en/products/detail/ni/785064-01/15219061,101,2135.25,Active,https://www.newark.com,0,0,,101,True,Active,09-30-2026,Active
787296-02,https://www.digikey.com/en/products/detail/ni/787296-02/16647656,1,3773.25,Active,https://www.newark.com,0,0,,1,True,Active,09-30-2026,Active
875436-01,https://www.digikey.com,0,0,,https://www.newark.com,0,0,,0,False,Obsolete,09-30-2026,Inactive
787288-02,https://www.digikey.com/en/products/detail/ni/787288-02/16648263,1,2864.25,Active,https://www.newark.com,0,0,,1,True,Active,09-30-2026,Active
779005-02,https://www.digikey.com/en/products/detail/ni/779005-02/15218986,0,1076.92333,Active,https://www.newark.com/ni-now-part-of-emerson/779005-02/digital-module-c-series-ni-9411/dp/14AJ4772,0,777,DIRECT_SHIP,0,False,Active,09-30-2026,Inactive
784834-01,https://www.digikey.com/en/products/detail/ni/784834-01/16647701,0,7682.6,Active,https://www.newark.com/ni-now-part-of-emerson/784834-01/apc-uninterruptible-power-supply/dp/47AK3120,0,5543,DIRECT_SHIP,0,False,Active,09-30-2026,Inactive
787214-01,https://www.digikey.com/en/products/detail/ni/787214-01/18710001,0,183.38,Active,https://www.newark.com/ni-now-part-of-emerson/787214-01/test-cable-assembly-ribbon-cable/dp/14AJ6397,0,163,DIRECT_SHIP,0,False,Active,09-30-2026,Inactive
189041-02,https://www.digikey.com/en/products/detail/ni/189041-02/16647542,16,144,Active,https://www.newark.com,0,0,,16,True,Active,09-30-2026,Active
785169-01,https://www.digikey.com/en/products/detail/ni/785169-01/16648603,0,37090.75,Active,https://www.newark.com/ni-now-part-of-emerson/785169-01/pxie-5764-flexrio-digitizer-4/dp/37AJ7039,0,26761,DIRECT_SHIP,0,False,Active,09-30-2026,Inactive
779429-01,https://www.digikey.com/en/products/detail/ni/779429-01/16648741,0,3067.88,Active,https://www.newark.com/ni-now-part-of-emerson/779429-01/interface-module-can-c-series/dp/14AJ4864,8,2781.54,DIRECT_SHIP,8,True,Active,09-30-2026,Active
784097-01,https://www.digikey.com/en/products/detail/ni/784097-01/16647816,0,6525,Active,https://www.newark.com/ni-now-part-of-emerson/784097-01/test-accessory-twinrx-80-daughterbrd/dp/27AJ2521,1,5916,DIRECT_SHIP,1,True,Active,09-30-2026,Active
780587-12,https://www.digikey.com/en/products/detail/ni/780587-12/16647467,0,9764.37,Active,https://www.newark.com/ni-now-part-of-emerson/780587-12/sgnl-insertion-sw-module-pxie/dp/14AJ5122,0,7045,DIRECT_SHIP,0,False,Active,09-30-2026,Inactive
786663-01,https://www.digikey.com/en/products/detail/ni/786663-01/18710560,0,6656.96,Active,https://www.newark.com/ni-now-part-of-emerson/786663-01/emv-test-picc-1-antenna-for-emv/dp/37AJ7432,0,4803,DIRECT_SHIP,0,False,Active,09-30-2026,Inactive
142948-02,https://www.digikey.com/en/products/detail/ni/142948-02/16648208,0,512.82,Active,https://www.newark.com/ni-now-part-of-emerson/142948-02/test-cable-assembly-low-leakage/dp/13AJ3179,0,370,DIRECT_SHIP,0,False,Active,09-30-2026,Inactive
779371-01,https://www.digikey.com/en/products/detail/ni/779371-01/18710167,0,98.40615,Active,https://www.newark.com/ni-now-part-of-emerson/779371-01/usb-analogue-i-o-accessory-kit/dp/13AJ3851,0,71,DIRECT_SHIP,0,False,Active,09-30-2026,Inactive
783818-01,https://www.digikey.com/en/products/detail/ni/783818-01/16647866,1,4729.5,Active,https://www.newark.com,0,0,,1,True,Active,09-30-2026,Active
785619-02,https://www.digikey.com/en/products/detail/ni/785619-02/16648536,2,15024.38,Active,https://www.newark.com,0,0,,2,True,Active,09-30-2026,Active
784197-01,https://www.digikey.com/en/products/detail/ni/784197-01/16647751,1,10747.12,Active,https://www.newark.com,0,0,,1,True,Active,09-30-2026,Active
790597-01,https://www.digikey.com,0,0,,https://www.newark.com,0,0,,0,False,Obsolete,09-30-2026,Inactive
785767-11,https://www.digikey.com/en/products/detail/ni/785767-11/27259527,0,4018.01,Active,https://www.newark.com/ni-now-part-of-emerson/785767-11/pxi-oscilloscope-pxie-5110-100/dp/14AJ6184,0,2899,DIRECT_SHIP,0,False,Active,09-30-2026,Inactive
410-292,https://www.digikey.com/en/products/detail/digilent-inc/410-292/5117190,482,429.97,Active,https://www.newark.com,0,0,,482,True,Active,09-30-2026,Active
786452-01,https://www.digikey.com/en/products/detail/ni/786452-01/18710546,0,416.25,Active,https://www.newark.com/ni-now-part-of-emerson/786452-01/pxie-backend-kit-pxi-ctrl/dp/14AJ6292,0,370,DIRECT_SHIP,0,False,Active,09-30-2026,Inactive
789602-54211,https://www.digikey.com/en/products/detail/ni/789602-54211/27259198,0,450779.87,Active,https://www.newark.com/ni-now-part-of-emerson/789602-54211/pxie-5842-vst-4ghz-analysis-generation/dp/47AM1337,0,325238,DIRECT_SHIP,0,False,Active,09-30-2026,Inactive
785594-01,https://www.digikey.com/en/products/detail/ni/785594-01/16648789,0,43879.37,Active,https://www.newark.com/ni-now-part-of-emerson/785594-01/pcie-5775-flexrio-digitizer-2/dp/37AJ7107,0,31659,DIRECT_SHIP,0,False,Active,09-30-2026,Inactive
137833-1000,https://www.digikey.com/en/products/detail/ni/137833-1000/27259432,0,347.89,Active,https://www.newark.com/ni-now-part-of-emerson/137833-1000/test-accessory-sma-plug-plug-1m/dp/87AK1815,0,251,DIRECT_SHIP,0,False,Active,09-30-2026,Inactive
779949-01,https://www.digikey.com/en/products/detail/ni/779949-01/16647594,4,2075.62,Active,https://www.newark.com,0,0,,4,True,Active,09-30-2026,Active
866576-02,https://www.digikey.com/en/products/detail/ni/866576-02/27259180,0,13200.26,Active,https://www.newark.com/ni-now-part-of-emerson/866576-02/vehicle-soundvibration-bundle/dp/87AK1912,0,9524,DIRECT_SHIP,0,False,Active,09-30-2026,Inactive
868106-09B,https://www.digikey.com/en/products/detail/ni/868106-09B/27259589,0,264203.48,Active,https://www.newark.com/ni-now-part-of-emerson/868106-09b/test-reference-architecture-static/dp/97AK1646,0,190623,DIRECT_SHIP,0,False,Active,09-30-2026,Inactive
785971-01,https://www.digikey.com/en/products/detail/ni/785971-01/16647313,0,22818.38,Active,https://www.newark.com/ni-now-part-of-emerson/785971-01/chassis-pxie-1095-pxi-system-18/dp/13AJ4144,0,20688.66,DIRECT_SHIP,0,False,Active,09-30-2026,Inactive
778806-35,https://www.digikey.com/en/products/detail/ni/778806-35/15668144,0,1662,Obsolete,https://www.newark.com/ni-now-part-of-emerson/778806-35/test-software-diadem-base-edition/dp/15AJ5413,0,2448,STOCKED,0,False,Active,09-30-2026,Inactive
782916-02,https://www.digikey.com/en/products/detail/ni/782916-02/16647840,1,10924.88,Active,https://www.newark.com,0,0,,1,True,Active,09-30-2026,Active
6069-410-034,https://www.digikey.com/en/products/detail/digilent-inc/6069-410-034/16970339,29,199,Active,https://www.newark.com,0,0,,29,True,Active,09-30-2026,Active
783174-01,https://www.digikey.com/en/products/detail/ni/783174-01/18710420,0,182.95214,Active,https://www.newark.com/ni-now-part-of-emerson/783174-01/test-accessory-active-gps-antenna/dp/27AJ2483,4,134.64,DIRECT_SHIP,4,True,Active,09-30-2026,Active
157253-01,https://www.digikey.com/en/products/detail/ni/157253-01/15219202,4,159.75,Active,https://www.newark.com,0,0,,4,True,Active,09-30-2026,Active
781955-01,https://www.digikey.com/en/products/detail/ni/781955-01/15218945,0,826.12,Obsolete,https://www.newark.com/ni-now-part-of-emerson/781955-01/test-support/dp/14AJ5435,7,913.92,DIRECT_SHIP,7,True,Active,09-30-2026,Active
790659-33,https://www.digikey.com/en/products/detail/ni/790659-33/28173880,0,7762.5,Active,https://www.newark.com/ni-now-part-of-emerson/790659-33/pxie-8862-pxi-ctrl-2-6ghz-512gb/dp/52AM0127,0,7038,DIRECT_SHIP,0,False,Active,09-30-2026,Inactive
6069-410-263,https://www.digikey.com/en/products/detail/digilent-inc/6069-410-263/23334359,3,2159.01,Active,https://www.newark.com,0,0,,3,True,Active,09-30-2026,Active
786902-01,https://www.digikey.com/en/products/detail/ni/786902-01/16647857,41,27,Active,https://www.newark.com,0,0,,41,True,Active,09-30-2026,Active
785281-01,https://www.digikey.com/en/products/detail/ni/785281-01/16818618,2,267.75,Active,https://www.newark.com,0,0,,2,True,Active,09-30-2026,Active
158533-01,https://www.digikey.com/en/products/detail/ni/158533-01/15219041,5,72,Active,https://www.newark.com,0,0,,5,True,Active,09-30-2026,Active
763066-01,https://www.digikey.com/en/products/detail/ni/763066-01/16648601,2,37.42,Active,https://www.newark.com,0,0,,2,True,Active,09-30-2026,Active
789554-01,https://www.digikey.com,0,0,,https://www.newark.com/ni-now-part-of-emerson/789554-01/pxie-8520-ethernet-carrier-with/dp/03AN3982,0,7020,DIRECT_SHIP,0,False,Active,09-30-2026,Inactive
781673-02,https://www.digikey.com/en/products/detail/ni/781673-02/16647698,0,2119.19,Active,https://www.newark.com/ni-now-part-of-emerson/781673-02/interface-module-canopen-c-series/dp/14AJ5389,0,1529,DIRECT_SHIP,0,False,Active,09-30-2026,Inactive
180524-02,https://www.digikey.com/en/products/detail/ni/180524-02/16647641,0,124.74,Active,https://www.newark.com/ni-now-part-of-emerson/180524-02/test-cable-assembly-ribbon-cable/dp/13AJ3356,0,90,DIRECT_SHIP,0,False,Active,09-30-2026,Inactive
140150-0R91,https://www.digikey.com/en/products/detail/ni/140150-0R91/18710216,0,195.43,Active,https://www.newark.com/ni-now-part-of-emerson/140150-0r91/test-cable-assembly-microphone/dp/13AJ3161,4,143.82,DIRECT_SHIP,4,True,Active,09-30-2026,Active
778939-01,https://www.digikey.com/en/products/detail/ni/778939-01/18710407,0,1591.13,Active,https://www.newark.com/ni-now-part-of-emerson/778939-01/digital-i-o-device-pci-6514-32/dp/14AJ4744,0,1148,DIRECT_SHIP,0,False,Active,09-30-2026,Inactive
158228-03,https://www.digikey.com/en/products/detail/ni/158228-03/18710384,0,1004.85,Active,https://www.newark.com/ni-now-part-of-emerson/158228-03/test-cable-assembly-analog-cable/dp/13AJ3327,0,725,DIRECT_SHIP,0,False,Active,09-30-2026,Inactive
783635-01,https://www.digikey.com/en/products/detail/ni/783635-01/16648372,0,3155.92,Active,https://www.newark.com/ni-now-part-of-emerson/783635-01/tsm-1012-12-in-touch-screen-monitor/dp/38AJ2777,0,2277,DIRECT_SHIP,0,False,Active,09-30-2026,Inactive
6069-410-048,https://www.digikey.com/en/products/detail/digilent-inc/6069-410-048/21262912,15,2323.97,Active,https://www.newark.com,0,0,,15,True,Active,09-30-2026,Active
785651-01,https://www.digikey.com/en/products/detail/ni/785651-01/16648267,0,645.88,Active,https://www.newark.com/ni-now-part-of-emerson/785651-01/hard-disk-drive-1tb/dp/14AJ6135,0,466,DIRECT_SHIP,0,False,Active,09-30-2026,Inactive
781053-01,https://www.digikey.com/en/products/detail/ni/781053-01/13983431,2,9093.38,Active,https://www.newark.com,0,0,,2,True,Active,09-30-2026,Active
783124-03,https://www.digikey.com/en/products/detail/ni/783124-03/16647381,0,268874.3,Active,https://www.newark.com/ni-now-part-of-emerson/783124-03/vector-sgnl-analyser-pxie-5668/dp/14AJ5669,0,193993,DIRECT_SHIP,0,False,Active,09-30-2026,Inactive
785292-35,https://www.digikey.com/en/products/detail/ni/785292-35/18710304,0,193.01,Active,https://www.newark.com/ni-now-part-of-emerson/785292-35/test-software-labview-opc-ua-toolkit/dp/15AJ1427,0,151,STOCKED,0,False,Active,09-30-2026,Inactive
186381-01,https://www.digikey.com/en/products/detail/ni/186381-01/16647880,2,253.12,Active,https://www.newark.com,0,0,,2,True,Active,09-30-2026,Active
783453-01,https://www.digikey.com/en/products/detail/ni/783453-01/16648424,1,17226,Active,https://www.newark.com,0,0,,1,True,Active,09-30-2026,Active
779346-01,https://www.digikey.com/en/products/detail/ni/779346-01/18709751,0,702.7025,Active,https://www.newark.com/ni-now-part-of-emerson/779346-01/test-cable-assembly-ribbon-cable/dp/14AJ4849,0,507,DIRECT_SHIP,0,False,Active,09-30-2026,Inactive
779153-03,https://www.digikey.com/en/products/detail/ni/779153-03/16647949,0,46849.57,Active,https://www.newark.com/ni-now-part-of-emerson/779153-03/pxi-oscilloscope-pxi-5922-6mhz/dp/14AJ4819,0,33802,DIRECT_SHIP,0,False,Active,09-30-2026,Inactive
6069-410-188,https://www.digikey.com/en/products/detail/digilent-inc/6069-410-188/23334419,3,345,Active,https://www.newark.com,0,0,,3,True,Active,09-30-2026,Active
785949-01,https://www.digikey.com/en/products/detail/ni/785949-01/16648571,0,66.52789,Active,https://www.newark.com/ni-now-part-of-emerson/785949-01/test-cable-assembly-fielddaq-cable/dp/14AJ6225,0,48,DIRECT_SHIP,0,False,Active,09-30-2026,Inactive
786668-03,https://www.digikey.com/en/products/detail/ni/786668-03/18710750,0,267.5,Active,https://www.newark.com/ni-now-part-of-emerson/786668-03/test-cable-assembly-analog-cable/dp/14AJ6311,0,193,DIRECT_SHIP,0,False,Active,09-30-2026,Inactive
788566-02,https://www.digikey.com/en/products/detail/ni/788566-02/27259560,0,496984.95,Active,https://www.newark.com/ni-now-part-of-emerson/788566-02/ni-pxie-5842-vst-54-ghz-rf-port/dp/88AK8999,0,358575,DIRECT_SHIP,0,False,Active,09-30-2026,Inactive
781444-01,https://www.digikey.com/en/products/detail/ni/781444-01/12817616,7,6493.05,Active,https://www.newark.com,0,0,,7,True,Active,09-30-2026,Active
790689-01,https://www.digikey.com/en/products/detail/ni/790689-01/28173885,0,3936.38,Active,https://www.newark.com/ni-now-part-of-emerson/790689-01/pxie-6381-multifunction-i-o-mod/dp/57AM1254,1,3568.98,DIRECT_SHIP,1,True,Active,09-30-2026,Active
137446-03,https://www.digikey.com/en/products/detail/ni/137446-03/18710246,0,1322.24,Active,https://www.newark.com/ni-now-part-of-emerson/137446-03/test-accessory-3-5mm-plug-plug/dp/87AK1811,0,954,DIRECT_SHIP,0,False,Active,09-30-2026,Inactive
790688-01,https://www.digikey.com/en/products/detail/ni/790688-01/28173891,3,4498.88,Active,https://www.newark.com,0,0,,3,True,Active,09-30-2026,Active
781349-01,https://www.digikey.com/en/products/detail/ni/781349-01/16818602,4,1100.25,Active,https://www.newark.com,0,0,,4,True,Active,09-30-2026,Active
867010-03,https://www.digikey.com/en/products/detail/ni/867010-03/18710683,0,18276.75,Active,https://www.newark.com/ni-now-part-of-emerson/867010-03/oscilloscope-bundle-pxie-scp5100/dp/87AK1920,0,16246,DIRECT_SHIP,0,False,Active,09-30-2026,Inactive
785618-01,https://www.digikey.com/en/products/detail/ni/785618-01/16648600,1,16249.5,Active,https://www.newark.com,0,0,,1,True,Active,09-30-2026,Active
780684-01,https://www.digikey.com/en/products/detail/ni/780684-01/16648021,1,4025.25,Active,https://www.newark.com,0,0,,1,True,Active,09-30-2026,Active
6069-410-145,https://www.digikey.com/en/products/detail/digilent-inc/6069-410-145/23334373,1,2399.01,Active,https://www.newark.com,0,0,,1,True,Active,09-30-2026,Active
780685-02,https://www.digikey.com/en/products/detail/ni/780685-02/16647791,0,13452.52,Active,https://www.newark.com/ni-now-part-of-emerson/780685-02/interface-device-flexray-pci-8517/dp/14AJ5145,0,9706,DIRECT_SHIP,0,False,Active,09-30-2026,Inactive
865684-01,https://www.digikey.com/en/products/detail/ni/865684-01/15856512,13,1408.82,Active,https://www.newark.com,0,0,,13,True,Active,09-30-2026,Active
778801-35,https://www.digikey.com/en/products/detail/ni/778801-35/15668166,0,1817,Obsolete,https://www.newark.com/ni-now-part-of-emerson/778801-35/test-software-measurement-studio/dp/15AJ5411,0,2673,STOCKED,0,False,Active,09-30-2026,Inactive
779136-01,https://www.digikey.com/en/products/detail/ni/779136-01/13983424,0,231.75,Active,https://www.newark.com/ni-now-part-of-emerson/779136-01/digital-i-p-module-c-series-ni/dp/14AJ4814,2,210.12,DIRECT_SHIP,2,True,Active,09-30-2026,Active
788266-01,https://www.digikey.com/en/products/detail/ni/788266-01/27259499,0,541.93,Active,https://www.newark.com/ni-now-part-of-emerson/788266-01/test-accessory-11-28-vin-8w/dp/87AK1834,0,391,DIRECT_SHIP,0,False,Active,09-30-2026,Inactive
777970-35,https://www.digikey.com/en/products/detail/ni/777970-35/27259335,0,5195.88,Active,https://www.newark.com/ni-now-part-of-emerson/777970-35/test-software/dp/15AJ5403,0,4065,STOCKED,0,False,Active,09-30-2026,Inactive
789600-08211,https://www.digikey.com/en/products/detail/ni/789600-08211/27259456,0,247089.15,Active,https://www.newark.com/ni-now-part-of-emerson/789600-08211/vector-sgnl-transceiver-pxie-5842/dp/87AK1876,0,178275,DIRECT_SHIP,0,False,Active,09-30-2026,Inactive
780590-35,https://www.digikey.com/en/products/detail/ni/780590-35/27259389,0,15944.27,Active,https://www.newark.com/ni-now-part-of-emerson/780590-35/test-software-veristand-full/dp/15AJ5423,0,12474,STOCKED,0,False,Active,09-30-2026,Inactive
780030-02,https://www.digikey.com/en/products/detail/ni/780030-02/15218904,0,1496.88,Active,https://www.newark.com/ni-now-part-of-emerson/780030-02/digital-module-c-series-ni-9426/dp/13AJ3907,0,1080,DIRECT_SHIP,0,False,Active,09-30-2026,Inactive
779989-01,https://www.digikey.com/en/products/detail/ni/779989-01/16648131,3,7081.88,Active,https://www.newark.com,0,0,,3,True,Active,09-30-2026,Active
786172-03,https://www.digikey.com/en/products/detail/ni/786172-03/18710428,0,96.75,Active,https://www.newark.com,0,0,,0,False,Active,09-30-2026,Inactive
778827-01,https://www.digikey.com/en/products/detail/ni/778827-01/18710535,1,267.75,Active,https://www.newark.com,0,0,,1,True,Active,09-30-2026,Active
6069-410-119,https://www.digikey.com/en/products/detail/digilent-inc/6069-410-119/23334438,0,3521.6,Active,https://www.newark.com,0,0,,0,False,Active,09-30-2026,Inactive
777300-00,https://www.digikey.com/en/products/detail/ni/777300-00/18710076,0,278.65,Active,https://www.newark.com/ni-now-part-of-emerson/777300-00/test-software-ni-visa-deployment/dp/14AJ7239,0,218,STOCKED,0,False,Active,09-30-2026,Inactive
867122-01,https://www.digikey.com/en/products/detail/ni/867122-01/16916055,0,27304.88,Active,https://www.newark.com/ni-now-part-of-emerson/867122-01/waveform-gen-bundle-pxi-2ch-80mhz/dp/60AK9641,0,24271,DIRECT_SHIP,0,False,Active,09-30-2026,Inactive
783407-01,https://www.digikey.com/en/products/detail/ni/783407-01/15219092,6,1473.75,Active,https://www.newark.com,0,0,,6,True,Active,09-30-2026,Active
782402-01,https://www.digikey.com/en/products/detail/ni/782402-01/15219135,0,2898,Active,https://www.newark.com/ni-now-part-of-emerson/782402-01/voltage-module-c-series-ni-9239/dp/13AJ4021,0,2576,DIRECT_SHIP,0,False,Active,09-30-2026,Inactive
6069-410-041,https://www.digikey.com/en/products/detail/digilent-inc/6069-410-041/21262906,0,2179.01,Active,https://www.newark.com/digilent/mcc-dt9837a/vector-signal-analyzer-4-channel/dp/62AK4530,0,2179,DIRECT_SHIP,0,False,Active,09-30-2026,Inactive
784800-01,https://www.digikey.com/en/products/detail/ni/784800-01/16647261,0,43598.02,Active,https://www.newark.com/ni-now-part-of-emerson/784800-01/ballard-mil-std-1553-2-channel/dp/68AJ2524,0,31456,DIRECT_SHIP,0,False,Active,09-30-2026,Inactive
781090-01,https://www.digikey.com/en/products/detail/ni/781090-01/18710713,0,913.5,Active,https://www.newark.com/ni-now-part-of-emerson/781090-01/test-cable-assembly-switch-cable/dp/14AJ5218,0,812,DIRECT_SHIP,0,False,Active,09-30-2026,Inactive
777807-01,https://www.digikey.com/en/products/detail/ni/777807-01/12817654,2,862.88,Active,https://www.newark.com,0,0,,2,True,Active,09-30-2026,Active
783639-01,https://www.digikey.com/en/products/detail/ni/783639-01/16647936,1,31249.12,Active,https://www.newark.com,0,0,,1,True,Active,09-30-2026,Active
781314-03,https://www.digikey.com/en/products/detail/ni/781314-03/16647538,0,327.09625,Active,https://www.newark.com/ni-now-part-of-emerson/781314-03/temp-i-p-device-usb-tc01-4-sps/dp/13AJ3975,0,236,DIRECT_SHIP,0,False,Active,09-30-2026,Inactive
786411-01,https://www.digikey.com/en/products/detail/ni/786411-01/15219108,33,281.25,Active,https://www.newark.com,0,0,,33,True,Active,09-30-2026,Active
781420-08,https://www.digikey.com/en/products/detail/ni/781420-08/18710495,0,729.035,Active,https://www.newark.com/ni-now-part-of-emerson/781420-08/tb-tbx-2808-160-pin-switchblock/dp/14AJ5316,0,526,DIRECT_SHIP,0,False,Active,09-30-2026,Inactive
784000-01,https://www.digikey.com/en/products/detail/ni/784000-01/18710042,0,1261.26,Active,https://www.newark.com/ni-now-part-of-emerson/784000-01/triaxial-adapter-pxie-4138-9-smus/dp/14AJ5864,0,910,DIRECT_SHIP,0,False,Active,09-30-2026,Inactive
784417-01,https://www.digikey.com/en/products/detail/ni/784417-01/18710219,0,1773,Active,https://www.newark.com/ni-now-part-of-emerson/784417-01/software-defined-radio-usrp-b205mini/dp/27AJ2529,0,1576,NO_LONGER_STOCKED,0,False,Active,09-30-2026,Inactive
778840-01,https://www.digikey.com/en/products/detail/ni/778840-01/18710460,1,819,Active,https://www.newark.com,0,0,,1,True,Active,09-30-2026,Active
787038-01,https://www.digikey.com/en/products/detail/ni/787038-01/16648309,0,135.83,Active,https://www.newark.com/ni-now-part-of-emerson/787038-01/test-cable-assembly-fielddaq-cable/dp/14AJ6374,0,98,DIRECT_SHIP,0,False,Active,09-30-2026,Inactive
784663-01,https://www.digikey.com/en/products/detail/ni/784663-01/16647425,1,1377,Active,https://www.newark.com,0,0,,1,True,Active,09-30-2026,Active
780985-01,https://www.digikey.com/en/products/detail/ni/780985-01/16648640,1,307.12,Active,https://www.newark.com,0,0,,1,True,Active,09-30-2026,Active
785165-01,https://www.digikey.com/en/products/detail/ni/785165-01/16647525,0,44088.66,Active,https://www.newark.com/ni-now-part-of-emerson/785165-01/pxie-5763-flexrio-digitizer-4/dp/37AJ7031,0,31810,DIRECT_SHIP,0,False,Active,09-30-2026,Inactive
782802-01,https://www.digikey.com/en/products/detail/ni/782802-01/15218862,2,15.75,Active,https://www.newark.com,0,0,,2,True,Active,09-30-2026,Active
786173-03,https://www.digikey.com/en/products/detail/ni/786173-03/18709721,0,105.75,Active,https://www.newark.com/ni-now-part-of-emerson/786173-03/ip67-power-l-code-m12-female-to/dp/32AK5512,0,94,DIRECT_SHIP,0,False,Active,09-30-2026,Inactive
779002-01,https://www.digikey.com/en/products/detail/ni/779002-01/15218971,17,231.75,Active,https://www.newark.com,0,0,,17,True,Active,09-30-2026,Active
6069-310-008,https://www.digikey.com/en/products/detail/digilent-inc/6069-310-008/23334423,1,29,Active,https://www.newark.com,0,0,,1,True,Active,09-30-2026,Active
781423-35,https://www.digikey.com/en/products/detail/ni/781423-35/18709896,0,1578.58,Active,https://www.newark.com/ni-now-part-of-emerson/781423-35/test-software/dp/14AJ9691,0,1235,STOCKED,0,False,Active,09-30-2026,Inactive
781090-03,https://www.digikey.com/en/products/detail/ni/781090-03/18710489,0,757.12,Active,https://www.newark.com/ni-now-part-of-emerson/781090-03/test-cable-assembly-switch-cable/dp/14AJ5220,0,673,DIRECT_SHIP,0,False,Active,09-30-2026,Inactive
778572-69,https://www.digikey.com/en/products/detail/ni/778572-69/16648770,1,5081.62,Active,https://www.newark.com,0,0,,1,True,Active,09-30-2026,Active
784040-01,https://www.digikey.com/en/products/detail/ni/784040-01/16648111,1,3494.25,Active,https://www.newark.com,0,0,,1,True,Active,09-30-2026,Active
138950-0R5,https://www.digikey.com/en/products/detail/ni/138950-0R5/27259192,0,765.0725,Active,https://www.newark.com/ni-now-part-of-emerson/138950-0r5/test-cable-assembly-500mm/dp/87AK1819,0,552,DIRECT_SHIP,0,False,Active,09-30-2026,Inactive
867123-02,https://www.digikey.com/en/products/detail/ni/867123-02/16916081,0,10769.22,Active,https://www.newark.com,0,0,,0,False,Active,09-30-2026,Inactive
782578-01,https://www.digikey.com/en/products/detail/ni/782578-01/16648550,0,158.00375,Active,https://www.newark.com/ni-now-part-of-emerson/782578-01/test-cable-assembly-can-lin-cable/dp/14AJ5572,0,114,DIRECT_SHIP,0,False,Active,09-30-2026,Inactive
866574-05P,https://www.digikey.com/en/products/detail/ni/866574-05P/27259265,0,15858.61,Active,https://www.newark.com/ni-now-part-of-emerson/866574-05p/ni-electronics-power-validation/dp/87AK1909,0,11442,DIRECT_SHIP,0,False,Active,09-30-2026,Inactive
785719-01,https://www.digikey.com/en/products/detail/ni/785719-01/18710277,0,816.35,Active,https://www.newark.com/ni-now-part-of-emerson/785719-01/test-cable-assembly-power-cable/dp/14AJ6177,0,589,DIRECT_SHIP,0,False,Active,09-30-2026,Inactive
NAT9914BPDF-9,https://www.digikey.com/en/products/detail/ni/NAT9914BPDF-9/16647713,8,364.5,Active,https://www.newark.com,0,0,,8,True,Active,09-30-2026,Active
785959-01,https://www.digikey.com/en/products/detail/ni/785959-01/16647503,0,48970.15,Active,https://www.newark.com/ni-now-part-of-emerson/785959-01/pcie-5764-flexrio-digitizer-4/dp/37AJ7204,0,35332,DIRECT_SHIP,0,False,Active,09-30-2026,Inactive
785185-01,https://www.digikey.com/en/products/detail/ni/785185-01/15218920,38,2722.5,Active,https://www.newark.com,0,0,,38,True,Active,09-30-2026,Active
788383-35WM,https://www.digikey.com/en/products/detail/ni/788383-35WM/18709952,0,776.05,Discontinued at DigiKey,https://www.newark.com/ni-now-part-of-emerson/788383-35wm/test-software-labwindows-cvi/dp/95AJ6869,0,786,STOCKED,0,False,Active,09-30-2026,Inactive
783496-01,https://www.digikey.com/en/products/detail/ni/783496-01/16647801,1,1794.38,Active,https://www.newark.com,0,0,,1,True,Active,09-30-2026,Active
782604-01,https://www.digikey.com/en/products/detail/ni/782604-01/12817782,813,396,Active,https://www.newark.com,0,0,,813,True,Active,09-30-2026,Active
240-109,https://www.digikey.com/en/products/detail/digilent-inc/240-109/4090168,220,5,Active,https://www.newark.com,0,0,,220,True,Active,09-30-2026,Active
134731-0R5,https://www.digikey.com/en/products/detail/ni/134731-0R5/18709757,0,109.49,Active,https://www.newark.com/ni-now-part-of-emerson/134731-0r5/ixbf-ixbf-differential-passthrough/dp/47AK3058,0,79,DIRECT_SHIP,0,False,Active,09-30-2026,Inactive
779013-01,https://www.digikey.com/en/products/detail/ni/779013-01/15219194,24,1027.12,Active,https://www.newark.com,0,0,,24,True,Active,09-30-2026,Active
875435-01,https://www.digikey.com,0,0,,https://www.newark.com,0,0,,0,False,Obsolete,09-30-2026,Inactive
787123-01,https://www.digikey.com/en/products/detail/ni/787123-01/15218948,3,45,Active,https://www.newark.com,0,0,,3,True,Active,09-30-2026,Active
158534-01,https://www.digikey.com/en/products/detail/ni/158534-01/15219195,0,73.458,Active,https://www.newark.com/ni-now-part-of-emerson/158534-01/mod-immobilization-accessory/dp/13AJ3337,0,53,DIRECT_SHIP,0,False,Active,09-30-2026,Inactive
6069-410-061,https://www.digikey.com/en/products/detail/digilent-inc/6069-410-061/16740064,403,199,Active,https://www.newark.com,0,0,,403,True,Active,09-30-2026,Active
779671-01,https://www.digikey.com/en/products/detail/ni/779671-01/18710695,0,511.88,Active,https://www.newark.com/ni-now-part-of-emerson/779671-01/test-psu-aps-4100-auxiliary-pwr/dp/14AJ4938,0,455,DIRECT_SHIP,0,False,Active,09-30-2026,Inactive
787077-01,https://www.digikey.com/en/products/detail/ni/787077-01/18709723,0,1181.25,Active,https://www.newark.com/ni-now-part-of-emerson/787077-01/utb-2015-assembly-1-reference/dp/37AJ7528,0,1050,DIRECT_SHIP,0,False,Active,09-30-2026,Inactive
785356-01,https://www.digikey.com/en/products/detail/ni/785356-01/16648492,0,5268.19,Active,https://www.newark.com/ni-now-part-of-emerson/785356-01/slsc-12201-30v-dio-module-with/dp/47AK3129,0,3801,DIRECT_SHIP,0,False,Active,09-30-2026,Inactive
782000-01,https://www.digikey.com/en/products/detail/ni/782000-01/15219046,3,3676.5,Active,https://www.newark.com,0,0,,3,True,Active,09-30-2026,Active
779927-35,https://www.digikey.com/en/products/detail/ni/779927-35/27259629,0,14703.13,Active,https://www.newark.com/ni-now-part-of-emerson/779927-35/test-software-circuit-design-suite/dp/14AJ8640,0,11503,STOCKED,0,False,Active,09-30-2026,Inactive
199566-02,https://www.digikey.com/en/products/detail/ni/199566-02/18710205,0,66.53,Active,https://www.newark.com/ni-now-part-of-emerson/199566-02/test-cable-assembly-communication/dp/13AJ3596,0,48,DIRECT_SHIP,0,False,Active,09-30-2026,Inactive
783201-02,https://www.digikey.com/en/products/detail/ni/783201-02/16647509,0,11216.9,Active,https://www.newark.com/ni-now-part-of-emerson/783201-02/multifunction-i-o-device-reconfigurable/dp/13AJ4057,0,8093,DIRECT_SHIP,0,False,Active,09-30-2026,Inactive
783590-02,https://www.digikey.com/en/products/detail/ni/783590-02/16647216,0,16682.62,Active,https://www.newark.com/ni-now-part-of-emerson/783590-02/pxi-oscilloscope-pxie-5105-60mhz/dp/14AJ5763,0,14829,DIRECT_SHIP,0,False,Active,09-30-2026,Inactive
132542-01,https://www.digikey.com/en/products/detail/ni/132542-01/18710603,0,587.664,Active,https://www.newark.com/ni-now-part-of-emerson/132542-01/shipping-kit-cable-assembly-gpib/dp/32AK4704,0,424,DIRECT_SHIP,0,False,Active,09-30-2026,Inactive
410-412,https://www.digikey.com/en/products/detail/digilent-inc/410-412/18154820,7,136,Active,https://www.newark.com,0,0,,7,True,Active,09-30-2026,Active
310-021-5,https://www.digikey.com/en/products/detail/digilent-inc/310-021-5/27259170,0,20.944,Active,https://www.newark.com,0,0,,0,False,Active,09-30-2026,Inactive
785170-01,https://www.digikey.com/en/products/detail/ni/785170-01/16648613,0,43754.63,Active,https://www.newark.com/ni-now-part-of-emerson/785170-01/pxie-5764-flexrio-digitizer-4/dp/37AJ7041,0,31569,DIRECT_SHIP,0,False,Active,09-30-2026,Inactive
781753-01,https://www.digikey.com/en/products/detail/ni/781753-01/13922136,3,2128.5,Active,https://www.newark.com,0,0,,3,True,Active,09-30-2026,Active
783642-01,https://www.digikey.com/en/products/detail/ni/783642-01/18710037,0,131.67,Active,https://www.newark.com/ni-now-part-of-emerson/783642-01/824-960-mhz-1710-1990-mhz-dual/dp/27AJ2505,0,95,DIRECT_SHIP,0,False,Active,09-30-2026,Inactive
785593-01,https://www.digikey.com/en/products/detail/ni/785593-01/16648118,0,40457.34,Active,https://www.newark.com/ni-now-part-of-emerson/785593-01/pcie-5775-flexrio-digitizer-2/dp/47AK3135,0,29190,DIRECT_SHIP,0,False,Active,09-30-2026,Inactive
785950-01,https://www.digikey.com/en/products/detail/ni/785950-01/16647578,0,63.76,Active,https://www.newark.com/ni-now-part-of-emerson/785950-01/test-cable-assembly-fielddaq-cable/dp/14AJ6228,0,46,DIRECT_SHIP,0,False,Active,09-30-2026,Inactive
790406-12,https://www.digikey.com,0,0,,https://www.newark.com,0,0,,0,False,Obsolete,09-30-2026,Inactive
786913-01,https://www.digikey.com/en/products/detail/ni/786913-01/16648435,0,261.95,Active,https://www.newark.com/ni-now-part-of-emerson/786913-01/microsd-card-industrial-16gb/dp/14AJ6343,0,189,DIRECT_SHIP,0,False,Active,09-30-2026,Inactive
783637-01,https://www.digikey.com/en/products/detail/ni/783637-01/16648652,0,4105.33,Active,https://www.newark.com/ni-now-part-of-emerson/783637-01/tsm-1017-17-in-touch-screen-monitor/dp/29AJ3598,0,2962,DIRECT_SHIP,0,False,Active,09-30-2026,Inactive
786325-01,https://www.digikey.com/en/products/detail/ni/786325-01/16647587,0,106.72208,Active,https://www.newark.com/ni-now-part-of-emerson/786325-01/ip67-twisted-pair-shielded-8-pin/dp/52AJ6244,0,77,DIRECT_SHIP,0,False,Active,09-30-2026,Inactive
786879-02,https://www.digikey.com/en/products/detail/ni/786879-02/18710332,0,234.23,Active,https://www.newark.com/ni-now-part-of-emerson/786879-02/test-cable-assembly-analog-cable/dp/14AJ6338,0,169,DIRECT_SHIP,0,False,Active,09-30-2026,Inactive
6069-410-062,https://www.digikey.com/en/products/detail/digilent-inc/6069-410-062/16970329,153,289,Active,https://www.newark.com,0,0,,153,True,Active,09-30-2026,Active
779018-01,https://www.digikey.com/en/products/detail/ni/779018-01/15219173,126,87.75,Active,https://www.newark.com,0,0,,126,True,Active,09-30-2026,Active
199006-02,https://www.digikey.com/en/products/detail/ni/199006-02/12817734,13,298.12,Active,https://www.newark.com,0,0,,13,True,Active,09-30-2026,Active
182238-04,https://www.digikey.com/en/products/detail/ni/182238-04/16647623,2,92.25,Active,https://www.newark.com,0,0,,2,True,Active,09-30-2026,Active
156166-01,https://www.digikey.com/en/products/detail/ni/156166-01/16648057,13,416.25,Active,https://www.newark.com,0,0,,13,True,Active,09-30-2026,Active
782385-08,https://www.digikey.com/en/products/detail/ni/782385-08/18710569,0,913.5,Active,https://www.newark.com/ni-now-part-of-emerson/782385-08/tb-tb-2643b-2532b/dp/14AJ5531,0,812,DIRECT_SHIP,0,False,Active,09-30-2026,Inactive
471-043,https://www.digikey.com/en/products/detail/digilent-inc/471-043/15771164,172,2728.93,Active,https://www.newark.com,0,0,,172,True,Active,09-30-2026,Active
783086-02,https://www.digikey.com/en/products/detail/ni/783086-02/16648526,1,4915.12,Active,https://www.newark.com,0,0,,1,True,Active,09-30-2026,Active
785940-01,https://www.digikey.com/en/products/detail/ni/785940-01/16647402,0,70.69,Active,https://www.newark.com/ni-now-part-of-emerson/785940-01/field-serviceable-conn-fielddaq/dp/14AJ6221,0,51,DIRECT_SHIP,0,False,Active,09-30-2026,Inactive
779647-11,https://www.digikey.com/en/products/detail/ni/779647-11/16647603,0,5376.38,Active,https://www.newark.com/ni-now-part-of-emerson/779647-11/test-psu-pxi-4110-triple-output/dp/14AJ4928,1,4874.58,DIRECT_SHIP,1,True,Active,09-30-2026,Active
779659-01,https://www.digikey.com/en/products/detail/ni/779659-01/16648641,0,30751.18,Active,https://www.newark.com/ni-now-part-of-emerson/779659-01/oscilloscope-device-pci-5922-6/dp/14AJ4935,0,22187,DIRECT_SHIP,0,False,Active,09-30-2026,Inactive
6069-410-104,https://www.digikey.com/en/products/detail/digilent-inc/6069-410-104/23334384,0,3406.1,Active,https://www.newark.com,0,0,,0,False,Active,09-30-2026,Inactive
779003-01,https://www.digikey.com/en/products/detail/ni/779003-01/15219206,2,706.5,Active,https://www.newark.com,0,0,,2,True,Active,09-30-2026,Active
780587-31,https://www.digikey.com/en/products/detail/ni/780587-31/16648148,3,14719.5,Active,https://www.newark.com,0,0,,3,True,Active,09-30-2026,Active
779358-01,https://www.digikey.com/en/products/detail/ni/779358-01/16818606,0,801,Active,https://www.newark.com/ni-now-part-of-emerson/779358-01/tb-tb-2627-pxi-2527-mux-switch/dp/13AJ3849,34,726.24,DIRECT_SHIP,34,True,Active,09-30-2026,Active
152580-0R25,https://www.digikey.com/en/products/detail/ni/152580-0R25/18709749,27,119.25,Active,https://www.newark.com,0,0,,27,True,Active,09-30-2026,Active
783156-01,https://www.digikey.com/en/products/detail/ni/783156-01/16647712,0,202735.76,Active,https://www.newark.com/ni-now-part-of-emerson/783156-01/vector-sgnl-analyzer-pxie-5668/dp/14AJ5677,0,146274,DIRECT_SHIP,0,False,Active,09-30-2026,Inactive
778965-01,https://www.digikey.com/en/products/detail/ni/778965-01/16647277,3,1382.62,Active,https://www.newark.com,0,0,,3,True,Active,09-30-2026,Active
147464-01,https://www.digikey.com/en/products/detail/ni/147464-01/18710124,0,1541.23,Active,https://www.newark.com/ni-now-part-of-emerson/147464-01/ip67-power-supply-24-vdc-5-a-100/dp/25AK9172,0,1112,DIRECT_SHIP,0,False,Active,09-30-2026,Inactive
867126-03,https://www.digikey.com/en/products/detail/ni/867126-03/16916070,0,14304.38,Active,https://www.newark.com/ni-now-part-of-emerson/867126-03/lcr-meter-bundle-bench-pxie-lcr5101/dp/87AK1934,0,12715,DIRECT_SHIP,0,False,Active,09-30-2026,Inactive
781964-01,https://www.digikey.com/en/products/detail/ni/781964-01/18709864,0,1710.325,Active,https://www.newark.com/ni-now-part-of-emerson/781964-01/interface-device-i2c-spi-usb-8452/dp/14AJ5438,0,1234,DIRECT_SHIP,0,False,Active,09-30-2026,Inactive
145231-05,https://www.digikey.com/en/products/detail/ni/145231-05/18710367,0,360.36,Active,https://www.newark.com/ni-now-part-of-emerson/145231-05/test-cable-assembly-camera-cable/dp/13AJ3194,0,260,DIRECT_SHIP,0,False,Active,09-30-2026,Inactive
790657-33,https://www.digikey.com/en/products/detail/ni/790657-33/28173877,1,5850,Active,https://www.newark.com,0,0,,1,True,Active,09-30-2026,Active
785585-01,https://www.digikey.com/en/products/detail/ni/785585-01/16648528,0,54576.52,Active,https://www.newark.com/ni-now-part-of-emerson/785585-01/if-transceiver-flexrio-pxie-5785/dp/14AJ6104,0,39377,DIRECT_SHIP,0,False,Active,09-30-2026,Inactive
156391-05,https://www.digikey.com/en/products/detail/ni/156391-05/16648792,0,144.14,Active,https://www.newark.com/ni-now-part-of-emerson/156391-05/test-cable-assembly-usb-cable/dp/13AJ3273,0,104,DIRECT_SHIP,0,False,Active,09-30-2026,Inactive
787723-01,https://www.digikey.com/en/products/detail/ni/787723-01/16647416,3,3904.36,Active,https://www.newark.com,0,0,,3,True,Active,09-30-2026,Active
781338-02,https://www.digikey.com/en/products/detail/ni/781338-02/16818594,5,1100.25,Active,https://www.newark.com,0,0,,5,True,Active,09-30-2026,Active
782663-01,https://www.digikey.com/en/products/detail/ni/782663-01/16647600,1,10224,Active,https://www.newark.com,0,0,,1,True,Active,09-30-2026,Active
192344-01,https://www.digikey.com/en/products/detail/ni/192344-01/16648519,0,1898.82,Active,https://www.newark.com/ni-now-part-of-emerson/192344-01/test-cable-assembly-lvds-cable/dp/13AJ3504,4,1397.4,DIRECT_SHIP,4,True,Active,09-30-2026,Active
781336-01,https://www.digikey.com/en/products/detail/ni/781336-01/18710447,0,781.705,Active,https://www.newark.com/ni-now-part-of-emerson/781336-01/multifunction-i-o-device-usb-6009/dp/14AJ5291,0,564,DIRECT_SHIP,0,False,Active,09-30-2026,Inactive
786456-01,https://www.digikey.com/en/products/detail/ni/786456-01/16647379,1,8751.38,Active,https://www.newark.com,0,0,,1,True,Active,09-30-2026,Active
786425-01,https://www.digikey.com/en/products/detail/ni/786425-01/16648375,1,4251.38,Active,https://www.newark.com,0,0,,1,True,Active,09-30-2026,Active
NAT7210BMF-9,https://www.digikey.com/en/products/detail/ni/NAT7210BMF-9/16647231,0,345.38,Active,https://www.newark.com/ni-now-part-of-emerson/nat7210bmf-9/assortment-kit-semiconductorsic/dp/14AJ4050,3,313.14,DIRECT_SHIP,3,True,Active,09-30-2026,Active
783532-01,https://www.digikey.com/en/products/detail/ni/783532-01/18710178,1,779.62,Active,https://www.newark.com,0,0,,1,True,Active,09-30-2026,Active
782631-01,https://www.digikey.com/en/products/detail/ni/782631-01/16647636,1,7081.88,Active,https://www.newark.com,0,0,,1,True,Active,09-30-2026,Active
140296-0R2,https://www.digikey.com/en/products/detail/ni/140296-0R2/18710066,0,500.346,Active,https://www.newark.com/ni-now-part-of-emerson/140296-0r2/test-cable-assembly-infiniband/dp/13AJ3169,0,361,DIRECT_SHIP,0,False,Active,09-30-2026,Inactive
788345-01,https://www.digikey.com/en/products/detail/ni/788345-01/18710476,0,32.62,Active,https://www.newark.com/ni-now-part-of-emerson/788345-01/tweezers-insertion-extraction/dp/26AK7193,0,29,DIRECT_SHIP,0,False,Active,09-30-2026,Inactive
867118-03,https://www.digikey.com/en/products/detail/ni/867118-03/16916046,0,9284.81,Active,https://www.newark.com/ni-now-part-of-emerson/867118-03/bench-power-supply-programmable/dp/87AK1926,0,6699,DIRECT_SHIP,0,False,Active,09-30-2026,Inactive
781445-02,https://www.digikey.com/en/products/detail/ni/781445-02/12817631,0,8582.62,Active,https://www.newark.com/ni-now-part-of-emerson/781445-02/multifunction-i-o-device-usb-6366/dp/14AJ5345,0,7629,DIRECT_SHIP,0,False,Active,09-30-2026,Inactive
188376-01,https://www.digikey.com/en/products/detail/ni/188376-01/16648332,0,230.07636,Active,https://www.newark.com/ni-now-part-of-emerson/188376-01/test-cable-assembly-coaxial-cable/dp/13AJ3467,0,166,DIRECT_SHIP,0,False,Active,09-30-2026,Inactive
784387-02,https://www.digikey.com/en/products/detail/ni/784387-02/16647345,1,61.88,Active,https://www.newark.com,0,0,,1,True,Active,09-30-2026,Active
787006-10,https://www.digikey.com/en/products/detail/ni/787006-10/15219031,0,205.13,Active,https://www.newark.com/ni-now-part-of-emerson/787006-10/desiccant-kit-wireless-monitor/dp/14AJ6368,0,148,DIRECT_SHIP,0,False,Active,09-30-2026,Inactive
778473-04,https://www.digikey.com/en/products/detail/ni/778473-04/12709349,1,1400.62,Active,https://www.newark.com,0,0,,1,True,Active,09-30-2026,Active
785291-35WP,https://www.digikey.com/en/products/detail/ni/785291-35WP/27259271,0,1293.54,Active,https://www.newark.com/ni-now-part-of-emerson/785291-35wp/test-software-labview-opc-ua-toolkit/dp/21AM0124,0,1012,STOCKED,0,False,Active,09-30-2026,Inactive
786004-0R305,https://www.digikey.com/en/products/detail/ni/786004-0R305/18710376,0,177.41,Active,https://www.newark.com/ni-now-part-of-emerson/786004-0r305/rf-cable-mmpx-m-to-mmpx-m-0-305/dp/47AK3146,0,128,DIRECT_SHIP,0,False,Active,09-30-2026,Inactive
790386-35,https://www.digikey.com/en/products/detail/ni/790386-35/27259238,0,30864.7,Active,https://www.newark.com/ni-now-part-of-emerson/790386-35/test-software-labview-suite-perpetual/dp/24AM0189,0,24147,STOCKED,0,False,Active,09-30-2026,Inactive
137833-0300,https://www.digikey.com/en/products/detail/ni/137833-0300/27259246,0,221.76,Active,https://www.newark.com/ni-now-part-of-emerson/137833-0300/test-accessory-sma-plug-plug-0/dp/87AK1813,0,160,DIRECT_SHIP,0,False,Active,09-30-2026,Inactive
780386-01,https://www.digikey.com/en/products/detail/ni/780386-01/16648607,0,375.61,Active,https://www.newark.com/ni-now-part-of-emerson/780386-01/signal-relay-replacement-kit/dp/15AJ5745,0,271,DIRECT_SHIP,0,False,Active,09-30-2026,Inactive
788384-35WM,https://www.digikey.com/en/products/detail/ni/788384-35WM/18710605,0,1673.49,Discontinued at DigiKey,https://www.newark.com,0,0,,0,False,Active,09-30-2026,Inactive
785338-01,https://www.digikey.com/en/products/detail/ni/785338-01/15218895,1,180,Active,https://www.newark.com,0,0,,1,True,Active,09-30-2026,Active
788817-01,https://www.digikey.com/en/products/detail/ni/788817-01/27259308,1,11207.25,Obsolete,https://www.newark.com/ni-now-part-of-emerson/788817-01/controller-pxie-8862/dp/87AK1855,0,9962,DIRECT_SHIP,1,True,Active,09-30-2026,Inactive
779444-01,https://www.digikey.com/en/products/detail/ni/779444-01/16647299,0,2279.97,Active,https://www.newark.com/ni-now-part-of-emerson/779444-01/tb-tb-2621-37-pin-d-sub-female/dp/14AJ4873,0,1645,DIRECT_SHIP,0,False,Active,09-30-2026,Inactive
875433-01,https://www.digikey.com,0,0,,https://www.newark.com,0,0,,0,False,Obsolete,09-30-2026,Inactive
782359-01,https://www.digikey.com/en/products/detail/ni/782359-01/16648895,0,7671.51,Active,https://www.newark.com/ni-now-part-of-emerson/782359-01/relay-module-pxi-2799-40ghz-spdt/dp/14AJ5520,0,5535,DIRECT_SHIP,0,False,Active,09-30-2026,Inactive
790590-01,https://www.digikey.com/en/products/detail/ni/790590-01/27381166,7,1123.88,Active,https://www.newark.com,0,0,,7,True,Active,09-30-2026,Active
190668-01,https://www.digikey.com/en/products/detail/ni/190668-01/18709989,0,579.38,Active,https://www.newark.com/ni-now-part-of-emerson/190668-01/test-cable-assembly-analog-cable/dp/13AJ3483,0,515,DIRECT_SHIP,0,False,Active,09-30-2026,Inactive
778933-01,https://www.digikey.com/en/products/detail/ni/778933-01/16648683,2,149.62,Active,https://www.newark.com,0,0,,2,True,Active,09-30-2026,Active
780264-01,https://www.digikey.com/en/products/detail/ni/780264-01/15218928,7,3460.5,Active,https://www.newark.com,0,0,,7,True,Active,09-30-2026,Active
779930-35WP,https://www.digikey.com/en/products/detail/ni/779930-35WP/27259417,0,5684.16,Active,https://www.newark.com/ni-now-part-of-emerson/779930-35wp/test-software-circuit-design-suite/dp/24AM0222,0,4447,STOCKED,0,False,Active,09-30-2026,Inactive
875409-01,https://www.digikey.com,0,0,,https://www.newark.com,0,0,,0,False,Obsolete,09-30-2026,Inactive
780587-27,https://www.digikey.com/en/products/detail/ni/780587-27/16648646,0,3852,Active,https://www.newark.com/ni-now-part-of-emerson/780587-27/mux-sw-module-pxie-2527-30mhz/dp/13AJ3934,5,3492.48,DIRECT_SHIP,5,True,Active,09-30-2026,Active
785621-02,https://www.digikey.com/en/products/detail/ni/785621-02/16647529,0,12858.75,Active,https://www.newark.com/ni-now-part-of-emerson/785621-02/controller-compactrio-crio-9047/dp/14AJ6123,0,11430,DIRECT_SHIP,0,False,Active,09-30-2026,Inactive
785605-01,https://www.digikey.com/en/products/detail/ni/785605-01/13922182,0,3728.25,Active,https://www.newark.com/ni-now-part-of-emerson/785605-01/frame-grabber-device-pcie-1437/dp/14AJ6112,2,3380.28,DIRECT_SHIP,2,True,Active,09-30-2026,Active
777300-03,https://www.digikey.com/en/products/detail/ni/777300-03/18710133,0,1036.62,Active,https://www.newark.com/ni-now-part-of-emerson/777300-03/test-software-ni-visa-development/dp/14AJ7240,0,811,STOCKED,0,False,Active,09-30-2026,Inactive
471-042,https://www.digikey.com/en/products/detail/digilent-inc/471-042/15771165,91,1749.4,Active,https://www.newark.com,0,0,,91,True,Active,09-30-2026,Active
148864-01,https://www.digikey.com/en/products/detail/ni/148864-01/16648083,0,84.546,Active,https://www.newark.com/ni-now-part-of-emerson/148864-01/test-cable-assembly-hdmi-cable/dp/13AJ3202,0,61,DIRECT_SHIP,0,False,Active,09-30-2026,Inactive
186380-0R5,https://www.digikey.com,0,0,,https://www.newark.com/ni/186380-0r5/multifunc-cable-500mm-test-equipment/dp/13AJ3441,0,0,NO_LONGER_MANUFACTURED,0,False,Obsolete,09-30-2026,Inactive
778962-01,https://www.digikey.com/en/products/detail/ni/778962-01/18710383,9,92.25,Active,https://www.newark.com,0,0,,9,True,Active,09-30-2026,Active
867116-02,https://www.digikey.com/en/products/detail/ni/867116-02/16916080,0,10837.12,Active,https://www.newark.com,0,0,,0,False,Active,09-30-2026,Inactive
780988-01,https://www.digikey.com/en/products/detail/ni/780988-01/16648674,0,1279.28,Active,https://www.newark.com/ni-now-part-of-emerson/780988-01/pcb-general-purpose-10mv-g-icp/dp/54AJ8786,0,923,DIRECT_SHIP,0,False,Active,09-30-2026,Inactive
6069-410-169,https://www.digikey.com/en/products/detail/digilent-inc/6069-410-169/23334410,3,459,Active,https://www.newark.com,0,0,,3,True,Active,09-30-2026,Active
779770-01,https://www.digikey.com/en/products/detail/ni/779770-01/16648368,0,3420.65,Active,https://www.newark.com/ni-now-part-of-emerson/779770-01/digital-multimeter-device-pci/dp/14AJ4978,0,2468,DIRECT_SHIP,0,False,Active,09-30-2026,Inactive
779347-01,https://www.digikey.com/en/products/detail/ni/779347-01/12817690,1,820.12,Active,https://www.newark.com,0,0,,1,True,Active,09-30-2026,Active
786085-01,https://www.digikey.com/en/products/detail/ni/786085-01/16647813,0,6177.4,Active,https://www.newark.com/ni-now-part-of-emerson/786085-01/emvco-picc-test-antenna/dp/37AJ7285,0,4457,DIRECT_SHIP,0,False,Active,09-30-2026,Inactive
184749-01,https://www.digikey.com/en/products/detail/ni/184749-01/18710053,4,255.38,Active,https://www.newark.com,0,0,,4,True,Active,09-30-2026,Active
782107-01,https://www.digikey.com/en/products/detail/ni/782107-01/18710044,0,1216.12,Active,https://www.newark.com/ni-now-part-of-emerson/782107-01/replacement-fan-assembly/dp/15AJ5772,0,1081,DIRECT_SHIP,0,False,Active,09-30-2026,Inactive
149055-0R2,https://www.digikey.com/en/products/detail/ni/149055-0R2/16648086,0,391.5,Active,https://www.newark.com/ni-now-part-of-emerson/149055-0r2/test-cable-assembly-trigger-cable/dp/14AJ4614,0,348,DIRECT_SHIP,0,False,Active,09-30-2026,Inactive
782663-02,https://www.digikey.com/en/products/detail/ni/782663-02/16648827,0,10950.75,Active,https://www.newark.com,0,0,,0,False,Active,09-30-2026,Inactive
785256-01,https://www.digikey.com/en/products/detail/ni/785256-01/16647356,0,3370.75,Active,https://www.newark.com/ni-now-part-of-emerson/785256-01/inverter-control-bundle-oem/dp/14AJ6072,0,2480.64,DIRECT_SHIP,0,False,Active,09-30-2026,Inactive
785034-01,https://www.digikey.com/en/products/detail/ni/785034-01/16648346,0,22026.31,Active,https://www.newark.com/ni-now-part-of-emerson/785034-01/astronics-pxie-3352-rubidium-reference/dp/26AK7169,0,15892,DIRECT_SHIP,0,False,Active,09-30-2026,Inactive
780341-01,https://www.digikey.com/en/products/detail/ni/780341-01/16648109,0,17702.08,Active,https://www.newark.com/ni-now-part-of-emerson/780341-01/multifunction-i-o-module-reconfigurable/dp/14AJ5085,0,17702,DIRECT_SHIP,0,False,Active,09-30-2026,Inactive
787358-01,https://www.digikey.com/en/products/detail/ni/787358-01/16648074,5,1166.62,Active,https://www.newark.com,0,0,,5,True,Active,09-30-2026,Active
779104-01,https://www.digikey.com/en/products/detail/ni/779104-01/15219138,0,374.22,Active,https://www.newark.com/ni-now-part-of-emerson/779104-01/d-sub-conn-kit-crio-9934-25-pin/dp/14AJ4799,0,270,DIRECT_SHIP,0,False,Active,09-30-2026,Inactive
778720-01,https://www.digikey.com/en/products/detail/ni/778720-01/18710070,0,113.65,Active,https://www.newark.com/ni-now-part-of-emerson/778720-01/test-cable-assembly-custom-cable/dp/14AJ4721,0,82,DIRECT_SHIP,0,False,Active,09-30-2026,Inactive
779153-01,https://www.digikey.com/en/products/detail/ni/779153-01/16647218,1,25410.38,Active,https://www.newark.com,0,0,,1,True,Active,09-30-2026,Active
788387-35WM,https://www.digikey.com/en/products/detail/ni/788387-35WM/18710059,0,361.05,Discontinued at DigiKey,https://www.newark.com/ni-now-part-of-emerson/788387-35wm/test-software-measurement-studio/dp/95AJ6877,0,366,STOCKED,0,False,Active,09-30-2026,Inactive
782251-01,https://www.digikey.com/en/products/detail/ni/782251-01/12817741,2,3215.25,Active,https://www.newark.com,0,0,,2,True,Active,09-30-2026,Active
785190-02,https://www.digikey.com/en/products/detail/ni/785190-02/15219162,0,3506.58,Active,https://www.newark.com/ni-now-part-of-emerson/785190-02/voltage-module-c-series-ni-9264/dp/14AJ6062,0,2530,DIRECT_SHIP,0,False,Active,09-30-2026,Inactive
785160-01,https://www.digikey.com/en/products/detail/ni/785160-01/16647215,0,33103.22,Active,https://www.newark.com/ni-now-part-of-emerson/785160-01/pxie-5763-flexrio-digitizer-4/dp/37AJ7025,0,23884,DIRECT_SHIP,0,False,Active,09-30-2026,Inactive
786972-01,https://www.digikey.com/en/products/detail/ni/786972-01/16648124,0,787.25,Active,https://www.newark.com/ni-now-part-of-emerson/786972-01/fan-replacement-kit-pxie-1092/dp/15AJ5794,0,568,DIRECT_SHIP,0,False,Active,09-30-2026,Inactive
790657-01,https://www.digikey.com/en/products/detail/ni/790657-01/28173876,2,5850,Active,https://www.newark.com,0,0,,2,True,Active,09-30-2026,Active
777550-01,https://www.digikey.com/en/products/detail/ni/777550-01/16648842,0,844.07333,Active,https://www.newark.com/ni-now-part-of-emerson/777550-01/test-cable-assembly/dp/13AJ3685,0,609,DIRECT_SHIP,0,False,Active,09-30-2026,Inactive
786803-01,https://www.digikey.com/en/products/detail/ni/786803-01/18710045,0,3038.11,Active,https://www.newark.com/ni-now-part-of-emerson/786803-01/emvco-plexiglas-test-bench-3-0/dp/37AJ7489,0,2192,DIRECT_SHIP,0,False,Active,09-30-2026,Inactive
785944-02,https://www.digikey.com/en/products/detail/ni/785944-02/16648144,0,155.23,Active,https://www.newark.com/ni-now-part-of-emerson/785944-02/ip67-gigabit-ethernet-shielded/dp/26AK7176,0,112,DIRECT_SHIP,0,False,Active,09-30-2026,Inactive
152629-01,https://www.digikey.com/en/products/detail/ni/152629-01/18710323,0,533.61,Active,https://www.newark.com/ni-now-part-of-emerson/152629-01/test-cable-assembly-digital-cable/dp/13AJ3221,0,385,DIRECT_SHIP,0,False,Active,09-30-2026,Inactive
783781-01,https://www.digikey.com/en/products/detail/ni/783781-01/18709917,3,74.25,Active,https://www.newark.com,0,0,,3,True,Active,09-30-2026,Active
199254-01,https://www.digikey.com/en/products/detail/ni/199254-01/15219054,0,523.91,Active,https://www.newark.com/ni-now-part-of-emerson/199254-01/test-cable-assembly-multifunction/dp/13AJ3591,0,378,DIRECT_SHIP,0,False,Active,09-30-2026,Inactive
6069-410-103,https://www.digikey.com/en/products/detail/digilent-inc/6069-410-103/23334464,0,2154.08,Active,https://www.newark.com,0,0,,0,False,Active,09-30-2026,Inactive
783376-01,https://www.digikey.com/en/products/detail/ni/783376-01/16647848,5,2496.38,Active,https://www.newark.com,0,0,,5,True,Active,09-30-2026,Active
788149-01,https://www.digikey.com/en/products/detail/ni/788149-01/27259164,0,748.44,Active,https://www.newark.com/ni-now-part-of-emerson/788149-01/test-accessory-rack-mount-accessory/dp/76AK7845,5,550.8,DIRECT_SHIP,5,True,Active,09-30-2026,Active
788448-35WM,https://www.digikey.com/en/products/detail/ni/788448-35WM/18710038,0,1147.48,Discontinued at DigiKey,https://www.newark.com/ni-now-part-of-emerson/788448-35wm/test-software/dp/95AJ6937,0,1162,STOCKED,0,False,Active,09-30-2026,Inactive
780180-01,https://www.digikey.com/en/products/detail/ni/780180-01/15219058,3,3357,Active,https://www.newark.com,0,0,,3,True,Active,09-30-2026,Active
781048-01,https://www.digikey.com/en/products/detail/ni/781048-01/12817831,5,2013.75,Active,https://www.newark.com,0,0,,5,True,Active,09-30-2026,Active
778969-01,https://www.digikey.com/en/products/detail/ni/778969-01/16647737,9,1382.62,Active,https://www.newark.com,0,0,,9,True,Active,09-30-2026,Active
199006-0R35,https://www.digikey.com/en/products/detail/ni/199006-0R35/16647256,2,249.75,Active,https://www.newark.com,0,0,,2,True,Active,09-30-2026,Active
784775-01,https://www.digikey.com/en/products/detail/ni/784775-01/16648184,0,18984.38,Active,https://www.newark.com/ni-emerson/784775-01/controller-compactrio-crio-9039/dp/14AJ5998,0,16875,DIRECT_SHIP,0,False,Active,09-30-2026,Inactive
785714-04,https://www.digikey.com/en/products/detail/ni/785714-04/18710306,0,70.68611,Active,https://www.newark.com/ni-now-part-of-emerson/785714-04/test-cable-assembly-power-cable/dp/14AJ6172,0,51,DIRECT_SHIP,0,False,Active,09-30-2026,Inactive
6069-410-138,https://www.digikey.com/en/products/detail/digilent-inc/6069-410-138/23334396,1,2715.01,Active,https://www.newark.com,0,0,,1,True,Active,09-30-2026,Active
782621-02,https://www.digikey.com/en/products/detail/ni/782621-02/16647346,0,36210.64,Active,https://www.newark.com/ni-now-part-of-emerson/782621-02/pxie-5160-pxi-oscilloscope-500/dp/26AJ4933,0,26126,DIRECT_SHIP,0,False,Active,09-30-2026,Inactive
788400-35,https://www.digikey.com/en/products/detail/ni/788400-35/18710688,0,1618.2,Active,https://www.newark.com/ni-now-part-of-emerson/788400-35/test-software-ultiboard-full-edition/dp/95AJ6893,0,1266,STOCKED,0,False,Active,09-30-2026,Inactive
777859-35,https://www.digikey.com/en/products/detail/ni/777859-35/27259458,0,9403.72,Active,https://www.newark.com/ni-now-part-of-emerson/777859-35/test-software-vision-development/dp/15AJ5402,0,7357,STOCKED,0,False,Active,09-30-2026,Inactive
781328-01,https://www.digikey.com/en/products/detail/ni/781328-01/18709856,0,299.62,Obsolete,https://www.newark.com/ni-now-part-of-emerson/781328-01/eval-kit-mydaq-data-acquisition/dp/14AJ5287,0,282,DIRECT_SHIP,0,False,Active,09-30-2026,Inactive
763061-10,https://www.digikey.com/en/products/detail/ni/763061-10/16648112,0,645.875,Active,https://www.newark.com/ni-now-part-of-emerson/763061-10/test-cable-assembly-gpib-cable/dp/13AJ3621,0,466,DIRECT_SHIP,0,False,Active,09-30-2026,Inactive
784076-0R5,https://www.digikey.com/en/products/detail/ni/784076-0R5/16648135,0,250.87,Active,https://www.newark.com/ni-now-part-of-emerson/784076-0r5/test-cable-assembly-sfp-cable/dp/14AJ5871,0,181,DIRECT_SHIP,0,False,Active,09-30-2026,Inactive
784390-01,https://www.digikey.com/en/products/detail/ni/784390-01/18710616,0,238.39182,Active,https://www.newark.com/ni-now-part-of-emerson/784390-01/pcb-piezotronics-052-cable-30/dp/26AK7162,0,172,DIRECT_SHIP,0,False,Active,09-30-2026,Inactive
781420-34,https://www.digikey.com/en/products/detail/ni/781420-34/16648337,0,8594.59,Active,https://www.newark.com/ni-now-part-of-emerson/781420-34/matrix-module-swb-2834-10mhz/dp/14AJ5327,0,6201,DIRECT_SHIP,0,False,Active,09-30-2026,Inactive
780716-01,https://www.digikey.com/en/products/detail/ni/780716-01/18709779,0,280.12,Active,https://www.newark.com/ni-now-part-of-emerson/780716-01/panel-mounting-kit-crio-902x-ctrl/dp/14AJ5153,0,249,DIRECT_SHIP,0,False,Active,09-30-2026,Inactive
781120-10,https://www.digikey.com/en/products/detail/ni/781120-10/18709841,0,19424.25,Active,https://www.newark.com/ni-now-part-of-emerson/781120-10/voltage-o-p-module-c-series-sbrio/dp/14AJ5235,0,17266,DIRECT_SHIP,0,False,Active,09-30-2026,Inactive
779659-02,https://www.digikey.com/en/products/detail/ni/779659-02/16648579,0,36938.29,Active,https://www.newark.com/ni-now-part-of-emerson/779659-02/oscilloscope-device-pci-5922-6/dp/13AJ3878,0,26651,DIRECT_SHIP,0,False,Active,09-30-2026,Inactive
194881-01,https://www.digikey.com/en/products/detail/ni/194881-01/15218979,0,35.7449,Active,https://www.newark.com/ni-now-part-of-emerson/194881-01/test-support-c-series-module-shell/dp/14AJ7134,0,2579,DIRECT_SHIP,0,False,Active,09-30-2026,Inactive
784333-35,https://www.digikey.com/en/products/detail/ni/784333-35/27259547,0,44659.03,Active,https://www.newark.com/ni-now-part-of-emerson/784333-35/test-software-software-platform/dp/15AJ5429,0,34939,STOCKED,0,False,Active,09-30-2026,Inactive
782385-10,https://www.digikey.com/en/products/detail/ni/782385-10/18710164,0,913.5,Active,https://www.newark.com/ni-now-part-of-emerson/782385-10/tb-tb-2644b-2532b/dp/14AJ5533,0,812,DIRECT_SHIP,0,False,Active,09-30-2026,Inactive
185434-01,https://www.digikey.com/en/products/detail/ni/185434-01/18710549,0,364.52,Active,https://www.newark.com,0,0,,0,False,Active,09-30-2026,Inactive
788371-35WM,https://www.digikey.com/en/products/detail/ni/788371-35WM/18709810,0,2853.12,Discontinued at DigiKey,https://www.newark.com/ni-now-part-of-emerson/788371-35wm/test-software-labview-professional/dp/95AJ6861,0,2750,STOCKED,0,False,Active,09-30-2026,Inactive
788367-35WM,https://www.digikey.com/en/products/detail/ni/788367-35WM/18710135,0,3488.08,Discontinued at DigiKey,https://www.newark.com/ni-now-part-of-emerson/788367-35wm/test-software-veristand-full-usb/dp/95AJ6853,0,3564,STOCKED,0,False,Active,09-30-2026,Inactive
781098-01,https://www.digikey.com/en/products/detail/ni/781098-01/13983272,3,2261.25,Active,https://www.newark.com,0,0,,3,True,Active,09-30-2026,Active
789174-01,https://www.digikey.com,0,0,,https://www.newark.com,0,0,,0,False,Obsolete,09-30-2026,Inactive
781439-01,https://www.digikey.com/en/products/detail/ni/781439-01/12709343,10,3107.25,Active,https://www.newark.com,0,0,,10,True,Active,09-30-2026,Active
784503-35,https://www.digikey.com/en/products/detail/ni/784503-35/15668151,0,715.79,Active,https://www.newark.com/ni-now-part-of-emerson/784503-35/test-software-labview-base/dp/15AJ5430,10,571.2,STOCKED,10,True,Active,09-30-2026,Active
782356-01,https://www.digikey.com/en/products/detail/ni/782356-01/16647914,0,18528.05,Active,https://www.newark.com/ni-now-part-of-emerson/782356-01/mux-sw-module-pxi-2796-40ghz-6ch/dp/14AJ5517,0,13368,DIRECT_SHIP,0,False,Active,09-30-2026,Inactive
157350-05,https://www.digikey.com/en/products/detail/ni/157350-05/18709754,0,1329.17,Active,https://www.newark.com/ni-now-part-of-emerson/157350-05/test-cable-assembly-analog-cable/dp/13AJ3296,0,959,DIRECT_SHIP,0,False,Active,09-30-2026,Inactive
783864-02,https://www.digikey.com/en/products/detail/ni/783864-02/15219139,0,2948.02,Active,https://www.newark.com/ni-now-part-of-emerson/783864-02/temp-module-c-series-ni-9226-400/dp/14AJ5836,0,2127,DIRECT_SHIP,0,False,Active,09-30-2026,Inactive
779566-01,https://www.digikey.com/en/products/detail/ni/779566-01/18710497,0,3298.5,Active,https://www.newark.com/ni-now-part-of-emerson/779566-01/tb-smb-2163/dp/14AJ4895,0,2932,DIRECT_SHIP,0,False,Active,09-30-2026,Inactive
777697-01,https://www.digikey.com/en/products/detail/ni/777697-01/16647437,0,3386.25,Active,https://www.newark.com/ni-now-part-of-emerson/777697-01/mux-matrix-sw-module-pxi-2503/dp/13AJ3697,6,3070.2,DIRECT_SHIP,6,True,Active,09-30-2026,Active
785184-01,https://www.digikey.com/en/products/detail/ni/785184-01/15219187,88,1983.38,Active,https://www.newark.com,0,0,,88,True,Active,09-30-2026,Active
781050-01,https://www.digikey.com/en/products/detail/ni/781050-01/12817804,0,2382.75,Active,https://www.newark.com/ni-now-part-of-emerson/781050-01/multifunction-i-o-device-pcie/dp/14AJ5207,6,2160.36,DIRECT_SHIP,6,True,Active,09-30-2026,Active
190668-05,https://www.digikey.com/en/products/detail/ni/190668-05/18710623,0,1355.51,Active,https://www.newark.com/ni-now-part-of-emerson/190668-05/test-cable-assembly-analog-cable/dp/13AJ3485,0,978,DIRECT_SHIP,0,False,Active,09-30-2026,Inactive
785247-01,https://www.digikey.com/en/products/detail/ni/785247-01/18710490,0,397.12,Active,https://www.newark.com/ni-now-part-of-emerson/785247-01/endcap-panel-mount-pwrtrain-ctrl/dp/14AJ6069,0,353,DIRECT_SHIP,0,False,Active,09-30-2026,Inactive
778032-01,https://www.digikey.com,0,0,,https://www.newark.com/ni-now-part-of-emerson/778032-01/gpib-instrument-control-device/dp/14AJ4695,12,1751.34,DIRECT_SHIP,12,True,Active,09-30-2026,Active
781043-01,https://www.digikey.com/en/products/detail/ni/781043-01/12817771,27,937.12,Active,https://www.newark.com,0,0,,27,True,Active,09-30-2026,Active
789114-01,https://www.digikey.com/en/products/detail/ni/789114-01/26581972,1,898.88,Active,https://www.newark.com,0,0,,1,True,Active,09-30-2026,Active
780469-02,https://www.digikey.com/en/products/detail/ni/780469-02/16647756,0,5193.34,Active,https://www.newark.com/ni-now-part-of-emerson/780469-02/oscilloscope-device-usb-5133-50/dp/14AJ5104,0,3747,DIRECT_SHIP,0,False,Active,09-30-2026,Inactive
190656-02,https://www.digikey.com/en/products/detail/ni/190656-02/15219096,0,202.36,Active,https://www.newark.com/ni-now-part-of-emerson/190656-02/test-cable-assembly-multifunction/dp/13AJ3482,0,146,DIRECT_SHIP,0,False,Active,09-30-2026,Inactive
779970-01,https://www.digikey.com/en/products/detail/ni/779970-01/16648470,1,3712.5,Active,https://www.newark.com,0,0,,1,True,Active,09-30-2026,Active
779725-03,https://www.digikey.com/en/products/detail/ni/779725-03/16647668,1,398.25,Active,https://www.newark.com,0,0,,1,True,Active,09-30-2026,Active
865664-01,https://www.digikey.com/en/products/detail/ni/865664-01/15856508,0,3280.5,Active,https://www.newark.com/ni-now-part-of-emerson/865664-01/soundvibration-measurement-bundle/dp/71AJ8516,0,2974.32,DIRECT_SHIP,0,False,Active,09-30-2026,Inactive
785646-01,https://www.digikey.com/en/products/detail/ni/785646-01/16647626,0,47607.71,Active,https://www.newark.com/ni-now-part-of-emerson/785646-01/pxie-5774-flexrio-digitizer-2/dp/37AJ7129,0,34349,DIRECT_SHIP,0,False,Active,09-30-2026,Inactive
781922-01,https://www.digikey.com/en/products/detail/ni/781922-01/15218923,32,265.5,Active,https://www.newark.com,0,0,,32,True,Active,09-30-2026,Active
790817-01,,,,,,,,,,False,,09-17-2026,Inactive
786004-0R61,https://www.digikey.com/en/products/detail/ni/786004-0R61/18710308,0,184.34,Active,https://www.newark.com/ni-now-part-of-emerson/786004-0r61/rf-cable-mmpx-m-to-mmpx-m-0-610/dp/47AK3147,0,133,DIRECT_SHIP,0,False,Active,09-30-2026,Inactive
786888-01,https://www.digikey.com/en/products/detail/ni/786888-01/16648370,2,35515.12,Active,https://www.newark.com,0,0,,2,True,Active,09-30-2026,Active
778249-35WM,https://www.digikey.com/en/products/detail/ni/778249-35WM/27259501,0,0,Discontinued at DigiKey,https://www.newark.com/ni-now-part-of-emerson/778249-35wm/test-software-labview-professional/dp/14AJ7362,0,9625,STOCKED,0,False,Active,09-30-2026,Inactive
140151-2R4,https://www.digikey.com/en/products/detail/ni/140151-2R4/18710155,0,178.79,Active,https://www.newark.com/ni-now-part-of-emerson/140151-2r4/test-cable-assembly-microphone/dp/13AJ3165,0,129,DIRECT_SHIP,0,False,Active,09-30-2026,Inactive
784976-01,https://www.digikey.com/en/products/detail/ni/784976-01/16647430,0,4921.88,Active,https://www.newark.com/ni-now-part-of-emerson/784976-01/ethernet-interface-module-pxie/dp/14AJ6023,0,4462.5,DIRECT_SHIP,0,False,Active,09-30-2026,Inactive
782767-01,https://www.digikey.com/en/products/detail/ni/782767-01/18710088,1,61.88,Active,https://www.newark.com,0,0,,1,True,Active,09-30-2026,Active
789887-01,https://www.digikey.com/en/products/detail/ni/789887-01/24398477,116,1236.38,Active,https://www.newark.com,0,0,,116,True,Active,09-30-2026,Active
190412-04,https://www.digikey.com/en/products/detail/ni/190412-04/27259351,0,115.04,Active,https://www.newark.com/ni-now-part-of-emerson/190412-04/test-accessory-102mm/dp/87AK1828,0,83,DIRECT_SHIP,0,False,Active,09-30-2026,Inactive
782621-12,https://www.digikey.com/en/products/detail/ni/782621-12/16647460,0,38134.4,Active,https://www.newark.com/ni-now-part-of-emerson/782621-12/pxie-5160-pxi-oscilloscope-with/dp/37AJ6386,0,27514,DIRECT_SHIP,0,False,Active,09-30-2026,Inactive
783411-01,https://www.digikey.com/en/products/detail/ni/783411-01/15218901,2,283.5,Active,https://www.newark.com,0,0,,2,True,Active,09-30-2026,Active
778353-01,https://www.digikey.com/en/products/detail/ni/778353-01/18709720,0,243.93636,Active,https://www.newark.com/ni-now-part-of-emerson/778353-01/rf-terminator-sma-terminator-plug/dp/13AJ3731,0,176,DIRECT_SHIP,0,False,Active,09-30-2026,Inactive
783566-01,https://www.digikey.com/en/products/detail/ni/783566-01/16648696,0,374.22,Active,https://www.newark.com/ni-now-part-of-emerson/783566-01/oscilloscope-test-probe-150mhz/dp/14AJ5757,0,270,DIRECT_SHIP,0,False,Active,09-30-2026,Inactive
182762-02,https://www.digikey.com/en/products/detail/ni/182762-02/16647388,42,217.12,Active,https://www.newark.com,0,0,,42,True,Active,09-30-2026,Active
783816-02,https://www.digikey.com/en/products/detail/ni/783816-02/16648417,0,2664,Active,https://www.newark.com/ni-now-part-of-emerson/783816-02/controller-compactrio-sbrio-9607/dp/13AJ4089,22,2415.36,DIRECT_SHIP,22,True,Active,09-30-2026,Active
195949-01,https://www.digikey.com/en/products/detail/ni/195949-01/16648169,1,632.25,Active,https://www.newark.com,0,0,,1,True,Active,09-30-2026,Active
779967-01,https://www.digikey.com/en/products/detail/ni/779967-01/16647331,0,18685.12,Active,https://www.newark.com/ni-now-part-of-emerson/779967-01/pxi-oscilloscope-pxie-5122-100mhz/dp/14AJ4998,0,16609,DIRECT_SHIP,0,False,Active,09-30-2026,Inactive
782097-02,https://www.digikey.com/en/products/detail/ni/782097-02/16648658,0,24188.47,Active,https://www.newark.com/ni-now-part-of-emerson/782097-02/ni-5772-1-6-gs-s-12-bit-digitizer/dp/37AJ6261,0,17452,DIRECT_SHIP,0,False,Active,09-30-2026,Inactive
778547-35,https://www.digikey.com/en/products/detail/ni/778547-35/18709950,0,815.49,Active,https://www.newark.com/ni-now-part-of-emerson/778547-35/test-software-switch-executive/dp/14AJ7430,0,650.76,STOCKED,0,False,Active,09-30-2026,Inactive
780869-01,https://www.digikey.com/en/products/detail/ni/780869-01/13922145,0,0,Obsolete,https://www.newark.com/ni-emerson/780869-01/extension-board-camera-link-i/dp/14AJ5156,0,584,NO_LONGER_STOCKED,0,False,Obsolete,09-30-2026,Inactive
784178-01,https://www.digikey.com/en/products/detail/ni/784178-01/16648296,0,3778.88,Active,https://www.newark.com/ni-now-part-of-emerson/784178-01/remote-control-module-0-c-55-c/dp/14AJ5893,8,3426.18,DIRECT_SHIP,8,True,Active,09-30-2026,Active
199101-01,https://www.digikey.com/en/products/detail/ni/199101-01/18710011,0,228.69,Active,https://www.newark.com/ni-now-part-of-emerson/199101-01/test-cable-assembly-custom-cable/dp/14AJ7211,0,165,DIRECT_SHIP,0,False,Active,09-30-2026,Inactive
786087-01,https://www.digikey.com/en/products/detail/ni/786087-01/16648785,2,3766.5,Active,https://www.newark.com,0,0,,2,True,Active,09-30-2026,Active
783864-01,https://www.digikey.com/en/products/detail/ni/783864-01/15219181,1,2136.38,Active,https://www.newark.com,0,0,,1,True,Active,09-30-2026,Active
190233-02,https://www.digikey.com/en/products/detail/ni/190233-02/15814654,9,429.75,Active,https://www.newark.com,0,0,,9,True,Active,09-30-2026,Active
786989-01,https://www.digikey.com/en/products/detail/ni/786989-01/15218927,2,283.5,Active,https://www.newark.com,0,0,,2,True,Active,09-30-2026,Active
787487-01,https://www.digikey.com/en/products/detail/ni/787487-01/18710479,0,573.8,Active,https://www.newark.com/ni-now-part-of-emerson/787487-01/test-accessory-rf-cable-sma-m/dp/47AK3187,0,414,DIRECT_SHIP,0,False,Active,09-30-2026,Inactive
865685-01,https://www.digikey.com/en/products/detail/ni/865685-01/15856509,10,3171.32,Active,https://www.newark.com,0,0,,10,True,Active,09-30-2026,Active
340-038,https://www.digikey.com/en/products/detail/digilent-inc/340-038/9916328,163,9,Active,https://www.newark.com,0,0,,163,True,Active,09-30-2026,Active
158293-02,https://www.digikey.com/en/products/detail/ni/158293-02/15219088,0,365.9,Active,https://www.newark.com/ni-now-part-of-emerson/158293-02/test-cable-assembly-display-cable/dp/13AJ3331,0,264,DIRECT_SHIP,0,False,Active,09-30-2026,Inactive
781119-01,https://www.digikey.com/en/products/detail/ni/781119-01/16648886,0,2532.22,Active,https://www.newark.com/ni-now-part-of-emerson/781119-01/voltage-o-p-module-c-series-sbrio/dp/14AJ5232,0,1827,DIRECT_SHIP,0,False,Active,09-30-2026,Inactive
781293-01,https://www.digikey.com/en/products/detail/ni/781293-01/16648371,6,1243.12,Active,https://www.newark.com,0,0,,6,True,Active,09-30-2026,Active
783534-01,https://www.digikey.com/en/products/detail/ni/783534-01/18710228,0,779.62,Active,https://www.newark.com/ni-now-part-of-emerson/783534-01/tb-tb-4339c-front-mount-1-4-bridge/dp/14AJ5745,0,693,DIRECT_SHIP,0,False,Active,09-30-2026,Inactive
780993-02,https://www.digikey.com/en/products/detail/ni/780993-02/16647539,0,34496.15,Active,https://www.newark.com/ni-now-part-of-emerson/780993-02/digital-waveform-instrument-pxie/dp/14AJ5188,0,24889,DIRECT_SHIP,0,False,Active,09-30-2026,Inactive
138953-1R6,https://www.digikey.com/en/products/detail/ni/138953-1R6/27259455,0,336.7975,Active,https://www.newark.com/ni-now-part-of-emerson/138953-1r6/test-cable-assembly-1-6m/dp/87AK1825,0,243,DIRECT_SHIP,0,False,Active,09-30-2026,Inactive
875432-01,https://www.digikey.com,0,0,,https://www.newark.com,0,0,,0,False,Obsolete,09-30-2026,Inactive
789987-35WP,https://www.digikey.com/en/products/detail/ni/789987-35WP/27259208,0,1917.3,Active,https://www.newark.com/ni-now-part-of-emerson/789987-35wp/test-software/dp/21AM0126,0,1500,STOCKED,0,False,Active,09-30-2026,Inactive
782417-01,https://www.digikey.com/en/products/detail/ni/782417-01/18709843,11,766.12,Active,https://www.newark.com,0,0,,11,True,Active,09-30-2026,Active
763064-01,https://www.digikey.com/en/products/detail/ni/763064-01/16647478,1,30.38,Active,https://www.newark.com,0,0,,1,True,Active,09-30-2026,Active
783420-01,https://www.digikey.com/en/products/detail/ni/783420-01/15218992,0,650.035,Active,https://www.newark.com/ni-now-part-of-emerson/783420-01/adapter-60-v-ni-9987/dp/14AJ5721,0,469,DIRECT_SHIP,0,False,Active,09-30-2026,Inactive
6002-410-029,https://www.digikey.com/en/products/detail/digilent-inc/6002-410-029/16970319,25,167,Active,https://www.newark.com,0,0,,25,True,Active,09-30-2026,Active
779526-01,https://www.digikey.com/en/products/detail/ni/779526-01/15219122,4,2955.38,Active,https://www.newark.com,0,0,,4,True,Active,09-30-2026,Active
778802-35,https://www.digikey.com/en/products/detail/ni/778802-35/15668147,0,871,Obsolete,https://www.newark.com/ni-now-part-of-emerson/778802-35/test-software-measurement-studio/dp/15AJ5412,0,1279,STOCKED,0,False,Active,09-30-2026,Inactive
781519-01,https://www.digikey.com/en/products/detail/ni/781519-01/18709943,0,1770.75,Active,https://www.newark.com/ni-now-part-of-emerson/781519-01/tb-smb-2148-8-channel-input/dp/14AJ5361,0,1574,DIRECT_SHIP,0,False,Active,09-30-2026,Inactive
868173-01,https://www.digikey.com/en/products/detail/ni/868173-01/26581968,0,7895.25,Active,https://www.newark.com/ni-now-part-of-emerson/868173-01/test-starter-bundle/dp/22AM2721,0,7018,DIRECT_SHIP,0,False,Active,09-30-2026,Inactive
152870-01,https://www.digikey.com/en/products/detail/ni/152870-01/16647435,0,1085.62,Active,https://www.newark.com/ni-now-part-of-emerson/152870-01/test-cable-assembly-digital-cable/dp/13AJ3224,0,965,DIRECT_SHIP,0,False,Active,09-30-2026,Inactive
781045-01,https://www.digikey.com/en/products/detail/ni/781045-01/12817651,9,1548,Active,https://www.newark.com,0,0,,9,True,Active,09-30-2026,Active
781346-01,https://www.digikey.com/en/products/detail/ni/781346-01/16648134,1,7113.38,Active,https://www.newark.com,0,0,,1,True,Active,09-30-2026,Active
6002-410-046,https://www.digikey.com/en/products/detail/digilent-inc/6002-410-046/28172842,184,1820.01,Active,https://www.newark.com,0,0,,184,True,Active,09-30-2026,Active
185183-01,https://www.digikey.com/en/products/detail/ni/185183-01/18710287,0,405,Active,https://www.newark.com/ni-now-part-of-emerson/185183-01/digital-i-o-device-pci-6503-24/dp/13AJ3432,0,360,DIRECT_SHIP,0,False,Active,09-30-2026,Inactive
780710-01,https://www.digikey.com/en/products/detail/ni/780710-01/18709914,0,22660.88,Active,https://www.newark.com/ni-now-part-of-emerson/780710-01/if-transceiver-flexrio-pxie-5641/dp/14AJ5152,0,20143,NO_LONGER_STOCKED,0,False,Active,09-30-2026,Inactive
780421-01,https://www.digikey.com/en/products/detail/ni/780421-01/16647832,1,6322.5,Active,https://www.newark.com,0,0,,1,True,Active,09-30-2026,Active
785246-01,https://www.digikey.com/en/products/detail/ni/785246-01/18709869,0,397.12,Active,https://www.newark.com/ni-now-part-of-emerson/785246-01/rack-mount-kit/dp/14AJ6068,0,353,DIRECT_SHIP,0,False,Active,09-30-2026,Inactive
784302-01,https://www.digikey.com/en/products/detail/ni/784302-01/15219178,0,174.64,Active,https://www.newark.com/ni-now-part-of-emerson/784302-01/desktop-mounting-kit-14-slot-chassis/dp/14AJ5922,0,126,DIRECT_SHIP,0,False,Active,09-30-2026,Inactive
782400-01,https://www.digikey.com/en/products/detail/ni/782400-01/16647390,0,774.77,Active,https://www.newark.com/ni-now-part-of-emerson/782400-01/digital-module-c-series-sbrio/dp/14AJ5539,0,559,DIRECT_SHIP,0,False,Active,09-30-2026,Inactive
779511-01,https://www.digikey.com/en/products/detail/ni/779511-01/18709733,0,82.12,Active,https://www.newark.com/ni-now-part-of-emerson/779511-01/tb-usb-6008-09-multifunction-i/dp/13AJ3862,0,73,DIRECT_SHIP,0,False,Active,09-30-2026,Inactive
784039-01,https://www.digikey.com/en/products/detail/ni/784039-01/16648241,0,2387.25,Active,https://www.newark.com/ni-now-part-of-emerson/784039-01/software-defined-radio-usrp-2900/dp/27AJ2519,0,2122,DIRECT_SHIP,0,False,Active,09-30-2026,Inactive
783346-01,https://www.digikey.com/en/products/detail/ni/783346-01/16648631,1,1891.12,Active,https://www.newark.com,0,0,,1,True,Active,09-30-2026,Active
132246-01,https://www.digikey.com/en/products/detail/ni/132246-01/18710747,0,1688.62,Active,https://www.newark.com/ni-now-part-of-emerson/132246-01/ecuts-b1-adapter-board/dp/32AK4700,0,1501,DIRECT_SHIP,0,False,Active,09-30-2026,Inactive
782622-15,https://www.digikey.com/en/products/detail/ni/782622-15/16648730,0,55690.87,Active,https://www.newark.com,0,0,,0,False,Active,09-30-2026,Inactive
179194-20,https://www.digikey.com/en/products/detail/ni/179194-20/18710204,0,128.25,Active,https://www.newark.com/ni-now-part-of-emerson/179194-20/test-cable-assembly-gpib-d2-cable/dp/13AJ3355,0,114,DIRECT_SHIP,0,False,Active,09-30-2026,Inactive
785831-0118,https://www.digikey.com/en/products/detail/ni/785831-0118/16648211,0,12300.75,Active,https://www.newark.com/ni-now-part-of-emerson/785831-0118/controller-pxi-pxie-8861/dp/14AJ6207,0,10934,NO_LONGER_STOCKED,0,False,Active,09-30-2026,Inactive
410-323,https://www.digikey.com/en/products/detail/digilent-inc/410-323/5864609,133,21,Active,https://www.newark.com,0,0,,133,True,Active,09-30-2026,Active
182845-02,https://www.digikey.com/en/products/detail/ni/182845-02/16648833,3,82.12,Active,https://www.newark.com,0,0,,3,True,Active,09-30-2026,Active
785067-01,https://www.digikey.com/en/products/detail/ni/785067-01/16818609,6,23429.25,Active,https://www.newark.com,0,0,,6,True,Active,09-30-2026,Active
777720-02,https://www.digikey.com/en/products/detail/ni/777720-02/18710606,0,274.43,Active,https://www.newark.com/ni-now-part-of-emerson/777720-02/test-cable-assembly-multifunction/dp/13AJ1673,0,198,DIRECT_SHIP,0,False,Active,09-30-2026,Inactive
784063-35,https://www.digikey.com/en/products/detail/ni/784063-35/18710170,0,7587.4,Active,https://www.newark.com/ni-now-part-of-emerson/784063-35/test-software/dp/15AJ5428,0,5936,STOCKED,0,False,Active,09-30-2026,Inactive
786467-01,https://www.digikey.com/en/products/detail/ni/786467-01/18709903,0,845.46,Active,https://www.newark.com/ni-now-part-of-emerson/786467-01/test-accessory-rack-mount-accessory/dp/27AJ2565,2,622.2,DIRECT_SHIP,2,True,Active,09-30-2026,Active
779357-01,https://www.digikey.com/en/products/detail/ni/779357-01/13983304,46,1983.38,Active,https://www.newark.com,0,0,,46,True,Active,09-30-2026,Active
875428-01,https://www.digikey.com,0,0,,https://www.newark.com,0,0,,0,False,Obsolete,09-30-2026,Inactive
778948-01,https://www.digikey.com/en/products/detail/ni/778948-01/16818616,26,461.25,Active,https://www.newark.com,0,0,,26,True,Active,09-30-2026,Active
778831-01,https://www.digikey.com/en/products/detail/ni/778831-01/16648769,0,110.88,Active,https://www.newark.com/ni-now-part-of-emerson/778831-01/rf-terminator-mcx-terminator-plug/dp/14AJ4733,0,80,DIRECT_SHIP,0,False,Active,09-30-2026,Inactive
784611-10,https://www.digikey.com/en/products/detail/ni/784611-10/18710381,0,22.5,Active,https://www.newark.com/ni-now-part-of-emerson/784611-10/test-cable-assembly-power-cable/dp/14AJ5965,0,20,DIRECT_SHIP,0,False,Active,09-30-2026,Inactive
780592-01,https://www.digikey.com/en/products/detail/ni/780592-01/16647250,0,2148.75,Active,https://www.newark.com/ni-now-part-of-emerson/780592-01/serial-interface-device-pcie-8431/dp/13AJ3938,5,1948.2,DIRECT_SHIP,5,True,Active,09-30-2026,Active
781081-01,https://www.digikey.com/en/products/detail/ni/781081-01/15219109,1,177.75,Active,https://www.newark.com,0,0,,1,True,Active,09-30-2026,Active
786970-01,https://www.digikey.com/en/products/detail/ni/786970-01/16647941,9,607.5,Active,https://www.newark.com,0,0,,9,True,Active,09-30-2026,Active
159473-01,https://www.digikey.com/en/products/detail/ni/159473-01/15219119,0,2.21767,Active,https://www.newark.com/ni-now-part-of-emerson/159473-01/insul-ring-terminals-crio-ctrl/dp/14AJ7086,0,48,DIRECT_SHIP,0,False,Active,09-30-2026,Inactive
875426-01,https://www.digikey.com,0,0,,https://www.newark.com,0,0,,0,False,Obsolete,09-30-2026,Inactive
778717-66,https://www.digikey.com/en/products/detail/ni/778717-66/18710492,1,819,Active,https://www.newark.com,0,0,,1,True,Active,09-30-2026,Active
786444-01,https://www.digikey.com/en/products/detail/ni/786444-01/16647799,0,9388.76,Active,https://www.newark.com/ni-now-part-of-emerson/786444-01/slsc-12251-fault-insertion-module/dp/47AK3167,0,6774,DIRECT_SHIP,0,False,Active,09-30-2026,Inactive
784389-01,https://www.digikey.com/en/products/detail/ni/784389-01/18710264,0,127.512,Active,https://www.newark.com/ni-now-part-of-emerson/784389-01/pcb-piezotronics-052-cable-10/dp/34AK3813,0,92,DIRECT_SHIP,0,False,Active,09-30-2026,Inactive
6069-410-128,https://www.digikey.com/en/products/detail/digilent-inc/6069-410-128/23334350,1,1469.01,Active,https://www.newark.com,0,0,,1,True,Active,09-30-2026,Active
779732-01,https://www.digikey.com/en/products/detail/ni/779732-01/12817882,6,1321.88,Active,https://www.newark.com,0,0,,6,True,Active,09-30-2026,Active
156391-03,https://www.digikey.com/en/products/detail/ni/156391-03/16648595,0,113.65,Active,https://www.newark.com/ni-now-part-of-emerson/156391-03/test-cable-assembly-usb-cable/dp/13AJ3272,0,82,DIRECT_SHIP,0,False,Active,09-30-2026,Inactive
787297-01,https://www.digikey.com/en/products/detail/ni/787297-01/16647680,2,4824,Active,https://www.newark.com,0,0,,2,True,Active,09-30-2026,Active
158292-01,https://www.digikey.com/en/products/detail/ni/158292-01/18710220,0,166.32,Active,https://www.newark.com/ni-now-part-of-emerson/158292-01/test-cable-assembly-digital-cable/dp/13AJ3329,0,120,DIRECT_SHIP,0,False,Active,09-30-2026,Inactive
782408-10,https://www.digikey.com/en/products/detail/ni/782408-10/18709968,0,1680.75,Active,https://www.newark.com/ni-now-part-of-emerson/782408-10/ni-flexrio-blank-adapter-module/dp/47AK3091,0,1494,DIRECT_SHIP,0,False,Active,09-30-2026,Inactive
779930-3502,https://www.digikey.com/en/products/detail/ni/779930-3502/18710475,0,1624.59,Active,https://www.newark.com,0,0,,0,False,Active,09-30-2026,Inactive
783454-01,https://www.digikey.com/en/products/detail/ni/783454-01/16647905,21,1689.75,Active,https://www.newark.com,0,0,,21,True,Active,09-30-2026,Active
780587-15,https://www.digikey.com/en/products/detail/ni/780587-15/16648238,1,7227,Active,https://www.newark.com,0,0,,1,True,Active,09-30-2026,Active
790687-01,https://www.digikey.com/en/products/detail/ni/790687-01/28173883,2,3373.88,Active,https://www.newark.com,0,0,,2,True,Active,09-30-2026,Active
781511-01,https://www.digikey.com/en/products/detail/ni/781511-01/15218912,5,852.75,Active,https://www.newark.com,0,0,,5,True,Active,09-30-2026,Active
157254-01,https://www.digikey.com/en/products/detail/ni/157254-01/15219050,23,87.75,Active,https://www.newark.com,0,0,,23,True,Active,09-30-2026,Active
240-134,https://www.digikey.com/en/products/detail/digilent-inc/240-134/9916329,1746,12,Active,https://www.newark.com,0,0,,1746,True,Active,09-30-2026,Active
787287-02,https://www.digikey.com/en/products/detail/ni/787287-02/16648832,4,2167.88,Active,https://www.newark.com,0,0,,4,True,Active,09-30-2026,Active
785887-01,https://www.digikey.com/en/products/detail/ni/785887-01/16818591,8,1951.88,Active,https://www.newark.com,0,0,,8,True,Active,09-30-2026,Active
784270-35WM,https://www.digikey.com/en/products/detail/ni/784270-35WM/18710544,0,690.98,Discontinued at DigiKey,https://www.newark.com/ni-now-part-of-emerson/784270-35wm/test-software-diadem-software/dp/24AK6662,0,700,STOCKED,0,False,Active,09-30-2026,Inactive
785207-01,https://www.digikey.com/en/products/detail/ni/785207-01/16648826,0,249.48,Active,https://www.newark.com/ni-now-part-of-emerson/785207-01/slsc-rear-panel-filler-kit-x4/dp/47AK3127,0,180,DIRECT_SHIP,0,False,Active,09-30-2026,Inactive
6002-410-043,https://www.digikey.com/en/products/detail/digilent-inc/6002-410-043/26946428,8,4414.69,Active,https://www.newark.com,0,0,,8,True,Active,09-30-2026,Active
783868-01,https://www.digikey.com/en/products/detail/ni/783868-01/16647752,0,8570.25,Active,https://www.newark.com/ni-now-part-of-emerson/783868-01/analog-i-p-module-pxie-4305-51/dp/12AJ8038,0,7770.36,DIRECT_SHIP,0,False,Active,09-30-2026,Inactive
782385-11,https://www.digikey.com/en/products/detail/ni/782385-11/18710150,0,913.5,Active,https://www.newark.com/ni-now-part-of-emerson/782385-11/tb-tb-2645b-2532b-as-16x16-matrix/dp/14AJ5534,0,812,DIRECT_SHIP,0,False,Active,09-30-2026,Inactive
778823-01,https://www.digikey.com/en/products/detail/ni/778823-01/18710267,0,646.88,Active,https://www.newark.com/ni-now-part-of-emerson/778823-01/tb-tb-2708/dp/14AJ4731,0,575,DIRECT_SHIP,0,False,Active,09-30-2026,Inactive
784977-01,https://www.digikey.com/en/products/detail/ni/784977-01/16648555,0,8655.57,Active,https://www.newark.com/ni-now-part-of-emerson/784977-01/ethernet-interface-module-pxie/dp/13AJ4123,0,6245,DIRECT_SHIP,0,False,Active,09-30-2026,Inactive
781012-03,https://www.digikey.com/en/products/detail/ni/781012-03/16647960,0,51811.45,Active,https://www.newark.com/ni-now-part-of-emerson/781012-03/digital-waveform-instrument-pxie/dp/14AJ5195,0,37382,DIRECT_SHIP,0,False,Active,09-30-2026,Inactive
156390-05,https://www.digikey.com/en/products/detail/ni/156390-05/16648609,0,144.14,Active,https://www.newark.com/ni-now-part-of-emerson/156390-05/test-cable-assembly-usb-cable/dp/13AJ3271,0,104,DIRECT_SHIP,0,False,Active,09-30-2026,Inactive
786006-01,https://www.digikey.com/en/products/detail/ni/786006-01/27259273,0,5678.44,Active,https://www.newark.com/ni-now-part-of-emerson/786006-01/modular-power-supply-1o-p-200/dp/35AJ2170,0,4097,DIRECT_SHIP,0,False,Active,09-30-2026,Inactive
789602-12411,https://www.digikey.com/en/products/detail/ni/789602-12411/27259464,0,313254.02,Active,https://www.newark.com/ni-now-part-of-emerson/789602-12411/pxie-5842-vst-4ghz-analysis-generation/dp/47AM1447,0,226013,DIRECT_SHIP,0,False,Active,09-30-2026,Inactive
785619-01,https://www.digikey.com/en/products/detail/ni/785619-01/16648801,1,12999.38,Active,https://www.newark.com,0,0,,1,True,Active,09-30-2026,Active
6069-410-196,https://www.digikey.com/en/products/detail/digilent-inc/6069-410-196/23334353,0,379,Active,https://www.newark.com/digilent/6069-410-196/i-o-modules-usb-dio96h-50/dp/11AM9273,0,379,DIRECT_SHIP,0,False,Active,09-30-2026,Inactive
786431-01,https://www.digikey.com/en/products/detail/ni/786431-01/15219000,2,79.88,Active,https://www.newark.com,0,0,,2,True,Active,09-30-2026,Active
782622-06,https://www.digikey.com/en/products/detail/ni/782622-06/16648831,0,61381.78,Active,https://www.newark.com/ni-now-part-of-emerson/782622-06/oscilloscope-pxie-5162-1-5ghz/dp/27AJ2449,0,44287,DIRECT_SHIP,0,False,Active,09-30-2026,Inactive
785282-01,https://www.digikey.com/en/products/detail/ni/785282-01/18709930,1,267.75,Active,https://www.newark.com,0,0,,1,True,Active,09-30-2026,Active
875402-01,https://www.digikey.com,0,0,,https://www.newark.com,0,0,,0,False,Obsolete,09-30-2026,Inactive
788352-01,https://www.digikey.com/en/products/detail/ni/788352-01/27259542,0,32548.82,Active,https://www.newark.com/ni-now-part-of-emerson/788352-01/interface-module-fpd-link-pxie/dp/87AK1841,0,23484,DIRECT_SHIP,0,False,Active,09-30-2026,Inactive
867118-04,https://www.digikey.com/en/products/detail/ni/867118-04/18710470,0,7536.38,Active,https://www.newark.com,0,0,,0,False,Active,09-30-2026,Inactive
785597-02,https://www.digikey.com/en/products/detail/ni/785597-02/16647393,0,43146.18,Active,https://www.newark.com/ni-now-part-of-emerson/785597-02/sgnl-gen-flexrio-pxie-5745-w-ao/dp/14AJ6109,0,31130,DIRECT_SHIP,0,False,Active,09-30-2026,Inactive
779696-35,https://www.digikey.com/en/products/detail/ni/779696-35/27259437,0,9169.81,Active,https://www.newark.com/ni-now-part-of-emerson/779696-35/test-software/dp/15AJ5417,0,7174,STOCKED,0,False,Active,09-30-2026,Inactive
786465-01,https://www.digikey.com/en/products/detail/ni/786465-01/18709814,0,23429.25,Active,https://www.newark.com/ni-now-part-of-emerson/786465-01/usrp-n310-non-tpm-zynq-7100-4/dp/27AJ2564,0,20826,DIRECT_SHIP,0,False,Active,09-30-2026,Inactive
787272-01,https://www.digikey.com/en/products/detail/ni/787272-01/16648143,0,37147.5,Active,https://www.newark.com/ni-now-part-of-emerson/787272-01/usrp-software-defined-radio-device/dp/58AJ3728,0,33680.4,DIRECT_SHIP,0,False,Active,09-30-2026,Inactive
6069-410-014,https://www.digikey.com/en/products/detail/digilent-inc/6069-410-014/16072933,81,989,Active,https://www.newark.com,0,0,,81,True,Active,09-30-2026,Active
780009-02,https://www.digikey.com/en/products/detail/ni/780009-02/18710404,0,1060.88,Active,https://www.newark.com/ni-now-part-of-emerson/780009-02/test-cable-assembly-switch-cable/dp/14AJ5017,0,943,DIRECT_SHIP,0,False,Active,09-30-2026,Inactive
785588-02,https://www.digikey.com/en/products/detail/ni/785588-02/16648157,0,48243.89,Active,https://www.newark.com/ni-now-part-of-emerson/785588-02/pcie-5785-flexrio-if-transceiver/dp/47AK3134,0,34808,DIRECT_SHIP,0,False,Active,09-30-2026,Inactive
786177-01,https://www.digikey.com/en/products/detail/ni/786177-01/16648285,0,36.04,Active,https://www.newark.com/ni-now-part-of-emerson/786177-01/plastic-m12-male-plug-for-fielddaq/dp/27AJ4221,0,26,DIRECT_SHIP,0,False,Active,09-30-2026,Inactive
787180-01,https://www.digikey.com/en/products/detail/ni/787180-01/18710092,0,1710.32,Active,https://www.newark.com/ni-now-part-of-emerson/787180-01/usrp-2974-rack-mount/dp/27AJ2579,0,1234,DIRECT_SHIP,0,False,Active,09-30-2026,Inactive
778927-01,https://www.digikey.com/en/products/detail/ni/778927-01/12817747,40,2232.6,Active,https://www.newark.com,0,0,,40,True,Active,09-30-2026,Active
867111-03,https://www.digikey.com/en/products/detail/ni/867111-03/18710595,0,16105.5,Active,https://www.newark.com,0,0,,0,False,Active,09-30-2026,Inactive
785710-01,https://www.digikey.com/en/products/detail/ni/785710-01/18710496,0,63.76,Active,https://www.newark.com/ni-now-part-of-emerson/785710-01/test-cable-assembly-power-cable/dp/14AJ6161,0,46,DIRECT_SHIP,0,False,Active,09-30-2026,Inactive
157350-01,https://www.digikey.com/en/products/detail/ni/157350-01/18709875,2,562.5,Active,https://www.newark.com,0,0,,2,True,Active,09-30-2026,Active
776249-04,https://www.digikey.com/en/products/detail/ni/776249-04/16648231,3,126,Active,https://www.newark.com,0,0,,3,True,Active,09-30-2026,Active
787813-01,https://www.digikey.com/en/products/detail/ni/787813-01/16647409,0,31908.49,Active,https://www.newark.com/ni-now-part-of-emerson/787813-01/signalcraft-sc2215-26-5ghz-pxi/dp/26AK6140,0,23022,DIRECT_SHIP,0,False,Active,09-30-2026,Inactive
789600-18410,https://www.digikey.com/en/products/detail/ni/789600-18410/27259294,0,289568.66,Active,https://www.newark.com/ni-now-part-of-emerson/789600-18410/pxie-5842-vst-4ghz-analysis/dp/47AM1444,0,208924,DIRECT_SHIP,0,False,Active,09-30-2026,Inactive
867013-01,https://www.digikey.com/en/products/detail/ni/867013-01/16675063,0,23001.75,Active,https://www.newark.com/ni-now-part-of-emerson/867013-01/pc-usb-oscilloscope-8-bit-pxie/dp/47AK5807,0,20446,DIRECT_SHIP,0,False,Active,09-30-2026,Inactive
6069-410-189,https://www.digikey.com/en/products/detail/digilent-inc/6069-410-189/23334390,0,579,Active,https://www.newark.com,0,0,,0,False,Active,09-30-2026,Inactive
6069-410-130,https://www.digikey.com/en/products/detail/digilent-inc/6069-410-130/23334370,1,1529.01,Active,https://www.newark.com,0,0,,1,True,Active,09-30-2026,Active
789155-01,https://www.digikey.com/en/products/detail/ni/789155-01/27048749,0,2047.5,Active,https://www.newark.com/ni-now-part-of-emerson/789155-01/usrp-b206mini-i-sdr-device-56/dp/46AM8492,0,1856.4,DIRECT_SHIP,0,False,Active,09-30-2026,Inactive
183045-04,https://www.digikey.com/en/products/detail/ni/183045-04/16648343,2,92.25,Active,https://www.newark.com,0,0,,2,True,Active,09-30-2026,Active
782580-01,https://www.digikey.com/en/products/detail/ni/782580-01/15219146,3,931.5,Active,https://www.newark.com,0,0,,3,True,Active,09-30-2026,Active
786004-01,https://www.digikey.com/en/products/detail/ni/786004-01/18709842,0,213.44,Active,https://www.newark.com/ni-now-part-of-emerson/786004-01/rf-cable-mmpx-m-to-mmpx-m-1-meter/dp/47AK3148,0,154,DIRECT_SHIP,0,False,Active,09-30-2026,Inactive
784502-01,https://www.digikey.com/en/products/detail/ni/784502-01/18710467,0,66.38,Active,https://www.newark.com/ni-now-part-of-emerson/784502-01/test-psu-roborio-system/dp/14AJ5956,0,59,DIRECT_SHIP,0,False,Active,09-30-2026,Inactive
788444-35,https://www.digikey.com/en/products/detail/ni/788444-35/18710481,0,1917.3,Active,https://www.newark.com,0,0,,0,False,Active,09-30-2026,Inactive
788372-35,https://www.digikey.com/en/products/detail/ni/788372-35/18709909,0,3103.47,Active,https://www.newark.com,0,0,,0,False,Active,09-30-2026,Inactive
786349-01,https://www.digikey.com/en/products/detail/ni/786349-01/18710319,0,58.21,Active,https://www.newark.com/ni-now-part-of-emerson/786349-01/test-cable-assembly-power-cable/dp/14AJ6267,0,42,DIRECT_SHIP,0,False,Active,09-30-2026,Inactive
787857-01,https://www.digikey.com/en/products/detail/ni/787857-01/18710721,0,8821.89,Active,https://www.newark.com/ni-now-part-of-emerson/787857-01/test-accessory-8-ch-20v/dp/75AJ3259,0,6365,DIRECT_SHIP,0,False,Active,09-30-2026,Inactive
786978-01,https://www.digikey.com/en/products/detail/ni/786978-01/16818586,2,256,Active,https://www.newark.com,0,0,,2,True,Active,09-30-2026,Active
867013-03,https://www.digikey.com/en/products/detail/ni/867013-03/18710567,0,23001.75,Active,https://www.newark.com/ni-now-part-of-emerson/867013-03/pxie-scp5103-osc-bundle-500mhz/dp/47AM1350,0,20446,DIRECT_SHIP,0,False,Active,09-30-2026,Inactive
779311-01,https://www.digikey.com/en/products/detail/ni/779311-01/18710765,0,92.25,Active,https://www.newark.com/ni-now-part-of-emerson/779311-01/conn-hdi-r-a-100-pin-hdi100/dp/14AJ4841,0,82,DIRECT_SHIP,0,False,Active,09-30-2026,Inactive
781846-01,https://www.digikey.com/en/products/detail/ni/781846-01/16647593,2,311.62,Active,https://www.newark.com,0,0,,2,True,Active,09-30-2026,Active
785634-01,https://www.digikey.com/en/products/detail/ni/785634-01/18710117,3,84.38,Active,https://www.newark.com,0,0,,3,True,Active,09-30-2026,Active
786078-01,https://www.digikey.com/en/products/detail/ni/786078-01/16647404,0,4155.23,Active,https://www.newark.com/ni-now-part-of-emerson/786078-01/nfc-forum-reference-listener-3/dp/37AJ7278,0,2998,DIRECT_SHIP,0,False,Active,09-30-2026,Inactive
779689-01,https://www.digikey.com/en/products/detail/ni/779689-01/12817797,6,70.88,Active,https://www.newark.com,0,0,,6,True,Active,09-30-2026,Active
783951-01,https://www.digikey.com/en/products/detail/ni/783951-01/16647507,0,1020.1,Active,https://www.newark.com/ni-now-part-of-emerson/783951-01/digital-o-p-module-c-series-sbrio/dp/14AJ5857,0,736,DIRECT_SHIP,0,False,Active,09-30-2026,Inactive
188374-0R15,https://www.digikey.com/en/products/detail/ni/188374-0R15/16647757,0,223.15,Active,https://www.newark.com/ni-now-part-of-emerson/188374-0r15/test-cable-assembly-coaxial-cable/dp/13AJ3461,0,161,DIRECT_SHIP,0,False,Active,09-30-2026,Inactive
867120-01,https://www.digikey.com/en/products/detail/ni/867120-01/16916063,0,11373.75,Active,https://www.newark.com/ni-now-part-of-emerson/867120-01/waveform-gen-bundle-pxi-2ch-20mhz/dp/60AK9639,0,10110,DIRECT_SHIP,0,False,Active,09-30-2026,Inactive
6069-410-068,https://www.digikey.com/en/products/detail/digilent-inc/6069-410-068/23334439,0,3406.1,Active,https://www.newark.com,0,0,,0,False,Active,09-30-2026,Inactive
786990-02,https://www.digikey.com/en/products/detail/ni/786990-02/15218958,4,130,Active,https://www.newark.com,0,0,,4,True,Active,09-30-2026,Active
780968-02,https://www.digikey.com/en/products/detail/ni/780968-02/15219145,2,1810.12,Active,https://www.newark.com,0,0,,2,True,Active,09-30-2026,Active
785768-01,https://www.digikey.com/en/products/detail/ni/785768-01/16648800,2,5496.75,Active,https://www.newark.com,0,0,,2,True,Active,09-30-2026,Active
789600-08501,https://www.digikey.com/en/products/detail/ni/789600-08501/27259500,0,105895.94,Active,https://www.newark.com/ni-now-part-of-emerson/789600-08501/vector-sgnl-transceiver-pxie-5842/dp/87AK1877,0,76404,DIRECT_SHIP,0,False,Active,09-30-2026,Inactive
784058-01,https://www.digikey.com/en/products/detail/ni/784058-01/16647843,0,11522.25,Active,https://www.newark.com/ni-now-part-of-emerson/784058-01/chassis-pxie-1084-pxi-system-18/dp/13AJ4105,54,10446.84,DIRECT_SHIP,54,True,Active,09-30-2026,Active
410-212,https://www.digikey.com/en/products/detail/digilent-inc/410-212/4090089,268,16,Active,https://www.newark.com,0,0,,268,True,Active,09-30-2026,Active
783525-01,https://www.digikey.com/en/products/detail/ni/783525-01/18710099,0,9175.32,Active,https://www.newark.com/ni-now-part-of-emerson/783525-01/dev-kit-compactrio-system-on-module/dp/14AJ5740,0,6620,DIRECT_SHIP,0,False,Active,09-30-2026,Inactive
785718-01,https://www.digikey.com/en/products/detail/ni/785718-01/18710197,0,735.97,Active,https://www.newark.com/ni-now-part-of-emerson/785718-01/test-cable-assembly-power-cable/dp/14AJ6176,0,531,DIRECT_SHIP,0,False,Active,09-30-2026,Inactive
410-346-20,https://www.digikey.com/en/products/detail/digilent-inc/410-346-20/6674366,368,386.85,Active,https://www.newark.com,0,0,,368,True,Active,09-30-2026,Active
781449-01,https://www.digikey.com/en/products/detail/ni/781449-01/16648585,0,152.46,Active,https://www.newark.com/ni-now-part-of-emerson/781449-01/test-cable-assembly-coaxial-cable/dp/14AJ5346,0,110,DIRECT_SHIP,0,False,Active,09-30-2026,Inactive
788434-35,https://www.digikey.com/en/products/detail/ni/788434-35/18710528,0,1910.91,Active,https://www.newark.com/ni-now-part-of-emerson/788434-35/test-software-labview-fpga-module/dp/95AJ6914,0,1495,STOCKED,0,False,Active,09-30-2026,Inactive
787902-0R04,https://www.digikey.com/en/products/detail/ni/787902-0R04/18709844,0,139.99,Active,https://www.newark.com/ni-now-part-of-emerson/787902-0r04/rf-cable-mmpx-m-to-mmpx-m-0-040/dp/37AJ7585,0,101,DIRECT_SHIP,0,False,Active,09-30-2026,Inactive
781333-01,https://www.digikey.com/en/products/detail/ni/781333-01/18710333,0,56.25,Obsolete,https://www.newark.com/ni-now-part-of-emerson/781333-01/test-assortments-kit-mydaq-2-connectors/dp/14AJ5289,0,59,DIRECT_SHIP,0,False,Active,09-30-2026,Inactive
785080-01,https://www.digikey.com/en/products/detail/ni/785080-01/15218884,21,90,Active,https://www.newark.com,0,0,,21,True,Active,09-30-2026,Active
781120-01,https://www.digikey.com/en/products/detail/ni/781120-01/16647775,0,2404.71,Active,https://www.newark.com/ni-now-part-of-emerson/781120-01/voltage-o-p-module-c-series-sbrio/dp/14AJ5234,0,1735,DIRECT_SHIP,0,False,Active,09-30-2026,Inactive
785992-01,https://www.digikey.com/en/products/detail/ni/785992-01/15219197,49,75.38,Active,https://www.newark.com,0,0,,49,True,Active,09-30-2026,Active
785994-01,https://www.digikey.com/en/products/detail/ni/785994-01/15219152,52,2521.12,Active,https://www.newark.com,0,0,,52,True,Active,09-30-2026,Active
783131-01,https://www.digikey.com/en/products/detail/ni/783131-01/16648763,0,9171.16,Active,https://www.newark.com/ni-now-part-of-emerson/783131-01/digital-multimeter-device-pxie/dp/14AJ5674,0,6617,DIRECT_SHIP,0,False,Active,09-30-2026,Inactive
784477-01,https://www.digikey.com/en/products/detail/ni/784477-01/16648549,0,83.16,Active,https://www.newark.com/ni-now-part-of-emerson/784477-01/replacement-fuse-set/dp/15AJ5785,0,60,DIRECT_SHIP,0,False,Active,09-30-2026,Inactive
187252-0R5,https://www.digikey.com/en/products/detail/ni/187252-0R5/16648834,10,166.5,Active,https://www.newark.com,0,0,,10,True,Active,09-30-2026,Active
784147-01,https://www.digikey.com/en/products/detail/ni/784147-01/16647844,1,17980.88,Active,https://www.newark.com,0,0,,1,True,Active,09-30-2026,Active
190654-01,https://www.digikey.com/en/products/detail/ni/190654-01/15218859,1,147.38,Active,https://www.newark.com,0,0,,1,True,Active,09-30-2026,Active
779136-02,https://www.digikey.com/en/products/detail/ni/779136-02/15219055,0,763.69,Active,https://www.newark.com/ni-now-part-of-emerson/779136-02/digital-i-p-module-c-series-ni/dp/14AJ4815,8,562.02,DIRECT_SHIP,8,True,Active,09-30-2026,Active
410-249,https://www.digikey.com/en/products/detail/digilent-inc/410-249/3902812,1155,68,Active,https://www.newark.com,0,0,,1155,True,Active,09-30-2026,Active
780895-01,https://www.digikey.com/en/products/detail/ni/780895-01/16647500,0,564.102,Active,https://www.newark.com/ni-now-part-of-emerson/780895-01/rf-torque-screwdriversma-driver/dp/26AK7130,0,407,DIRECT_SHIP,0,False,Active,09-30-2026,Inactive
785989-01,https://www.digikey.com/en/products/detail/ni/785989-01/13983292,1,1570.5,Active,https://www.newark.com,0,0,,1,True,Active,09-30-2026,Active
778833-01,https://www.digikey.com/en/products/detail/ni/778833-01/12817713,8,1526.62,Active,https://www.newark.com,0,0,,8,True,Active,09-30-2026,Active
779799-35WP,https://www.digikey.com/en/products/detail/ni/779799-35WP/27259506,0,1458.43,Active,https://www.newark.com/ni-now-part-of-emerson/779799-35wp/test-software/dp/87AK9558,0,1163.82,STOCKED,0,False,Active,09-30-2026,Inactive
790508-65,https://www.digikey.com,0,0,,https://www.newark.com,0,0,,0,False,Obsolete,09-30-2026,Inactive
782763-01,https://www.digikey.com/en/products/detail/ni/782763-01/18710202,0,40.19,Active,https://www.newark.com/ni-now-part-of-emerson/782763-01/cable-assembly-cat-5e-ethernet/dp/27AJ2460,0,29,DIRECT_SHIP,0,False,Active,09-30-2026,Inactive
790593-01,https://www.digikey.com/en/products/detail/ni/790593-01/27381159,10,2586.38,Active,https://www.newark.com,0,0,,10,True,Active,09-30-2026,Active
240-119,https://www.digikey.com/en/products/detail/digilent-inc/240-119/9445915,110,6,Active,https://www.newark.com,0,0,,110,True,Active,09-30-2026,Active
182846-01,https://www.digikey.com/en/products/detail/ni/182846-01/16648780,0,92.86,Active,https://www.newark.com/ni-now-part-of-emerson/182846-01/test-cable-assembly-serial-cable/dp/13AJ3396,0,67,DIRECT_SHIP,0,False,Active,09-30-2026,Inactive
785707-01,https://www.digikey.com/en/products/detail/ni/785707-01/18710575,0,293.83222,Active,https://www.newark.com/ni-now-part-of-emerson/785707-01/test-cable-assembly-power-cable/dp/14AJ6158,0,212,DIRECT_SHIP,0,False,Active,09-30-2026,Inactive
6069-410-078,https://www.digikey.com/en/products/detail/digilent-inc/6069-410-078/23334454,2,1119.01,Active,https://www.newark.com,0,0,,2,True,Active,09-30-2026,Active
785712-02,https://www.digikey.com/en/products/detail/ni/785712-02/18709883,0,66.53,Active,https://www.newark.com/ni-now-part-of-emerson/785712-02/test-cable-assembly-power-cable/dp/14AJ6165,0,48,DIRECT_SHIP,0,False,Active,09-30-2026,Inactive
784765-01,https://www.digikey.com/en/products/detail/ni/784765-01/16647558,0,8299.37,Active,https://www.newark.com/ni-now-part-of-emerson/784765-01/rmx-4124-1u-dc-power-supply-1500w/dp/50AJ6907,0,5988,DIRECT_SHIP,0,False,Active,09-30-2026,Inactive
867122-02,https://www.digikey.com/en/products/detail/ni/867122-02/16916048,0,27304.88,Active,https://www.newark.com,0,0,,0,False,Active,09-30-2026,Inactive
780587-24,https://www.digikey.com/en/products/detail/ni/780587-24/16648591,3,4168.12,Active,https://www.newark.com,0,0,,3,True,Active,09-30-2026,Active
789600-08210,https://www.digikey.com/en/products/detail/ni/789600-08210/27259422,0,202965.84,Active,https://www.newark.com/ni-now-part-of-emerson/789600-08210/vector-sgnl-transceiver-pxie-5842/dp/87AK1875,0,146440,DIRECT_SHIP,0,False,Active,09-30-2026,Inactive
788927-02,https://www.digikey.com/en/products/detail/ni/788927-02/27259435,0,923.07667,Active,https://www.newark.com/ni-now-part-of-emerson/788927-02/test-cable-assembly-2m/dp/87AK1862,0,666,DIRECT_SHIP,0,False,Active,09-30-2026,Inactive
779370-01,https://www.digikey.com/en/products/detail/ni/779370-01/16647604,1,8131.5,Active,https://www.newark.com,0,0,,1,True,Active,09-30-2026,Active
778836-01,https://www.digikey.com/en/products/detail/ni/778836-01/12817680,1,886.5,Active,https://www.newark.com,0,0,,1,True,Active,09-30-2026,Active
867012-03,https://www.digikey.com/en/products/detail/ni/867012-03/18710350,0,16579.12,Active,https://www.newark.com,0,0,,0,False,Active,09-30-2026,Inactive
6069-410-221,https://www.digikey.com/en/products/detail/digilent-inc/6069-410-221/23334427,0,6854.92,Active,https://www.newark.com/digilent/6069-410-221/dt8874-00t-00r-16v-measurpoint/dp/51AM6821,0,5935,DIRECT_SHIP,0,False,Active,09-30-2026,Inactive
867115-01,https://www.digikey.com/en/products/detail/ni/867115-01/16916077,0,8195.62,Active,https://www.newark.com/ni-now-part-of-emerson/867115-01/bench-digital-multimeter-1-8-msps/dp/60AK9634,0,7285,DIRECT_SHIP,0,False,Active,09-30-2026,Inactive
786433-01,https://www.digikey.com/en/products/detail/ni/786433-01/16648442,0,4338.18,Active,https://www.newark.com/ni-now-part-of-emerson/786433-01/routing-base-module-set-2010/dp/31AK8126,0,3130,DIRECT_SHIP,0,False,Active,09-30-2026,Inactive
6069-410-240,https://www.digikey.com/en/products/detail/digilent-inc/6069-410-240/23334378,0,8395.7,Active,https://www.newark.com,0,0,,0,False,Active,09-30-2026,Inactive
779554-01,https://www.digikey.com/en/products/detail/ni/779554-01/18710666,0,502.88,Active,https://www.newark.com/ni-now-part-of-emerson/779554-01/tb-tb-2709/dp/14AJ4894,0,447,DIRECT_SHIP,0,False,Active,09-30-2026,Inactive
778646-01,https://www.digikey.com/en/products/detail/ni/778646-01/16648672,2,429.75,Active,https://www.newark.com,0,0,,2,True,Active,09-30-2026,Active
183432-02,https://www.digikey.com/en/products/detail/ni/183432-02/12817826,7,416.25,Active,https://www.newark.com,0,0,,7,True,Active,09-30-2026,Active
781420-15,https://www.digikey.com/en/products/detail/ni/781420-15/16647229,0,14411.63,Active,https://www.newark.com/ni-now-part-of-emerson/781420-15/matrix-module-swb-2815-6mhz-reed/dp/14AJ5322,0,10398,DIRECT_SHIP,0,False,Active,09-30-2026,Inactive
781634-01,https://www.digikey.com/en/products/detail/ni/781634-01/18709898,20,473.62,Active,https://www.newark.com,0,0,,20,True,Active,09-30-2026,Active
785186-01,https://www.digikey.com/en/products/detail/ni/785186-01/15218909,40,2136.38,Active,https://www.newark.com,0,0,,40,True,Active,09-30-2026,Active
782984-35WP,https://www.digikey.com/en/products/detail/ni/782984-35WP/27259313,0,6391,Active,https://www.newark.com/ni-now-part-of-emerson/782984-35wp/test-software/dp/21AM0123,0,5000,STOCKED,0,False,Active,09-30-2026,Inactive
763389-01,https://www.digikey.com/en/products/detail/ni/763389-01/16647703,1,184.5,Active,https://www.newark.com,0,0,,1,True,Active,09-30-2026,Active
785280-01,https://www.digikey.com/en/products/detail/ni/785280-01/18710116,0,106.72208,Active,https://www.newark.com/ni-now-part-of-emerson/785280-01/enclosure-accessory-for-usrp-b200mini/dp/27AJ2545,0,77,NO_LONGER_STOCKED,0,False,Active,09-30-2026,Inactive
777878-01,https://www.digikey.com/en/products/detail/ni/777878-01/18710425,0,645.75,Active,https://www.newark.com/ni-now-part-of-emerson/777878-01/tb-tb-2605/dp/13AJ1676,0,574,DIRECT_SHIP,0,False,Active,09-30-2026,Inactive
778679-01,https://www.digikey.com/en/products/detail/ni/778679-01/16647400,1,324,Active,https://www.newark.com,0,0,,1,True,Active,09-30-2026,Active
786999-01,https://www.digikey.com/en/products/detail/ni/786999-01/13983341,2,3641.62,Active,https://www.newark.com,0,0,,2,True,Active,09-30-2026,Active
143558-0R5,https://www.digikey.com/en/products/detail/ni/143558-0R5/15218980,2,105.75,Active,https://www.newark.com,0,0,,2,True,Active,09-30-2026,Active
786529-01,https://www.digikey.com/en/products/detail/ni/786529-01/16647976,0,5419.26,Active,https://www.newark.com/ni-now-part-of-emerson/786529-01/rmx-4003-2-channel-100w-0-80v/dp/80AJ9367,0,3910,DIRECT_SHIP,0,False,Active,09-30-2026,Inactive
132706-01,https://www.digikey.com/en/products/detail/ni/132706-01/18710314,0,41.62,Active,https://www.newark.com/ni-now-part-of-emerson/132706-01/shipping-kit-cable-assy-ecuts/dp/32AK4705,0,37,DIRECT_SHIP,0,False,Active,09-30-2026,Inactive
780927-02,https://www.digikey.com/en/products/detail/ni/780927-02/15218906,2,2846.25,Active,https://www.newark.com,0,0,,2,True,Active,09-30-2026,Active
776801-35WM,https://www.digikey.com/en/products/detail/ni/776801-35WM/27259386,0,0,Discontinued at DigiKey,https://www.newark.com/ni-now-part-of-emerson/776801-35wm/test-software-labwindows-cvi/dp/14AJ7223,0,2749,STOCKED,0,False,Active,09-30-2026,Inactive
790504-01,https://www.digikey.com,0,0,,https://www.newark.com,0,0,,0,False,Obsolete,09-30-2026,Inactive
788401-35,https://www.digikey.com/en/products/detail/ni/788401-35/18710763,0,2404.29,Active,https://www.newark.com/ni-now-part-of-emerson/788401-35/test-software/dp/26AK7196,0,1881,STOCKED,0,False,Active,09-30-2026,Inactive
865662-01,https://www.digikey.com/en/products/detail/ni/865662-01/15856513,3,934.88,Active,https://www.newark.com,0,0,,3,True,Active,09-30-2026,Active
186838-01,https://www.digikey.com/en/products/detail/ni/186838-01/12817696,4,267.75,Active,https://www.newark.com,0,0,,4,True,Active,09-30-2026,Active
782385-07,https://www.digikey.com/en/products/detail/ni/782385-07/18710040,0,913.5,Active,https://www.newark.com/ni-now-part-of-emerson/782385-07/tb-tb-2643b-2532b-as-4x64-matrix/dp/14AJ5530,0,812,DIRECT_SHIP,0,False,Active,09-30-2026,Inactive
786307-01,https://www.digikey.com/en/products/detail/ni/786307-01/16648637,0,2092.86,Active,https://www.newark.com/ni-now-part-of-emerson/786307-01/interface-device-can-usb-8501/dp/14AJ6254,0,1510,DIRECT_SHIP,0,False,Active,09-30-2026,Inactive
783201-01,https://www.digikey.com/en/products/detail/ni/783201-01/16647417,0,12816.34,Active,https://www.newark.com/ni-now-part-of-emerson/783201-01/multifunction-i-o-device-reconfigurable/dp/14AJ5686,0,9247,DIRECT_SHIP,0,False,Active,09-30-2026,Inactive
783702-02,https://www.digikey.com/en/products/detail/ni/783702-02/16647211,4,783,Active,https://www.newark.com,0,0,,4,True,Active,09-30-2026,Active
781673-01,https://www.digikey.com/en/products/detail/ni/781673-01/16647198,1,1650.38,Active,https://www.newark.com,0,0,,1,True,Active,09-30-2026,Active
783000-01,https://www.digikey.com/en/products/detail/ni/783000-01/16648175,0,519.75,Active,https://www.newark.com/ni-now-part-of-emerson/783000-01/relay-module-electromechanical/dp/14AJ5650,0,375,DIRECT_SHIP,0,False,Active,09-30-2026,Inactive
192568-02,https://www.digikey.com/en/products/detail/ni/192568-02/15219008,1,110.25,Active,https://www.newark.com,0,0,,1,True,Active,09-30-2026,Active
781114-01,https://www.digikey.com/en/products/detail/ni/781114-01/16647553,0,1112.96,Active,https://www.newark.com/ni-now-part-of-emerson/781114-01/voltage-i-p-module-c-series-sbrio/dp/14AJ5229,0,803,DIRECT_SHIP,0,False,Active,09-30-2026,Inactive
785550-01,https://www.digikey.com/en/products/detail/ni/785550-01/16647330,1,515.25,Active,https://www.newark.com,0,0,,1,True,Active,09-30-2026,Active
776164-90,https://www.digikey.com/en/products/detail/ni/776164-90/12817843,17,298.12,Active,https://www.newark.com,0,0,,17,True,Active,09-30-2026,Active
783832-01,https://www.digikey.com/en/products/detail/ni/783832-01/16648878,1,7593.75,Active,https://www.newark.com,0,0,,1,True,Active,09-30-2026,Active
785713-0401,https://www.digikey.com/en/products/detail/ni/785713-0401/18710317,0,70.69,Active,https://www.newark.com/ni-now-part-of-emerson/785713-0401/test-cable-assembly-power-cable/dp/14AJ6170,0,51,DIRECT_SHIP,0,False,Active,09-30-2026,Inactive
157867-01,https://www.digikey.com/en/products/detail/ni/157867-01/15218972,0,66.53,Active,https://www.newark.com/ni-now-part-of-emerson/157867-01/test-cable-assembly-multifunction/dp/13AJ3318,0,48,DIRECT_SHIP,0,False,Active,09-30-2026,Inactive
779592-01,https://www.digikey.com/en/products/detail/ni/779592-01/15218930,3,1308.38,Active,https://www.newark.com,0,0,,3,True,Active,09-30-2026,Active
789956-01,https://www.digikey.com,0,0,,https://www.newark.com/ni-now-part-of-emerson/789956-01/usb-cable-type-c-to-type-c-with/dp/52AM0156,0,28,DIRECT_SHIP,0,False,Active,09-30-2026,Inactive
140150-0R46,https://www.digikey.com/en/products/detail/ni/140150-0R46/18710531,0,195.42615,Active,https://www.newark.com/ni-now-part-of-emerson/140150-0r46/test-cable-assembly-microphone/dp/13AJ3160,1,143.82,DIRECT_SHIP,1,True,Active,09-30-2026,Active
782250-01,https://www.digikey.com/en/products/detail/ni/782250-01/12817817,10,1954.12,Active,https://www.newark.com,0,0,,10,True,Active,09-30-2026,Active
780468-02,https://www.digikey.com/en/products/detail/ni/780468-02/16647961,0,4155.23,Active,https://www.newark.com/ni-now-part-of-emerson/780468-02/oscilloscope-device-usb-5132-50/dp/14AJ5102,0,2998,DIRECT_SHIP,0,False,Active,09-30-2026,Inactive
779821-35WM,https://www.digikey.com/en/products/detail/ni/779821-35WM/27259309,0,0,Discontinued at DigiKey,https://www.newark.com/ni-now-part-of-emerson/779821-35wm/test-software-multisim-full-edition/dp/14AJ8616,0,5645,STOCKED,0,False,Active,09-30-2026,Inactive
784145-01,https://www.digikey.com/en/products/detail/ni/784145-01/16647227,1,10276.88,Active,https://www.newark.com,0,0,,1,True,Active,09-30-2026,Active
786999-02,https://www.digikey.com,0,0,,https://www.newark.com/ni-now-part-of-emerson/786999-02/ni-9326-conformal-coated-6-channel/dp/33AK2774,0,3547,DIRECT_SHIP,0,False,Active,09-30-2026,Inactive
787354-01,https://www.digikey.com/en/products/detail/ni/787354-01/16647355,0,23546.75,Active,https://www.newark.com/ni-now-part-of-emerson/787354-01/multifunction-i-o-module-reconfigurable/dp/14AJ6410,2,17328.78,DIRECT_SHIP,2,True,Active,09-30-2026,Active
6069-410-204,https://www.digikey.com/en/products/detail/digilent-inc/6069-410-204/23334354,3,99,Active,https://www.newark.com,0,0,,3,True,Active,09-30-2026,Active
745690-J002,https://www.digikey.com/en/products/detail/ni/745690-J002/16647661,2,70.88,Active,https://www.newark.com,0,0,,2,True,Active,09-30-2026,Active
782352-01,https://www.digikey.com/en/products/detail/ni/782352-01/16647665,2,2796.75,Active,https://www.newark.com,0,0,,2,True,Active,09-30-2026,Active
780011-01,https://www.digikey.com/en/products/detail/ni/780011-01/16647938,7,2625.75,Active,https://www.newark.com,0,0,,7,True,Active,09-30-2026,Active
778572-47,https://www.digikey.com/en/products/detail/ni/778572-47/16648896,0,8103.94,Active,https://www.newark.com/ni-now-part-of-emerson/778572-47/mux-sw-module-pxi-2547-2-7ghz/dp/13AJ3771,0,5847,DIRECT_SHIP,0,False,Active,09-30-2026,Inactive
789600-18201,https://www.digikey.com/en/products/detail/ni/789600-18201/27259330,0,255913.81,Active,https://www.newark.com/ni-now-part-of-emerson/789600-18201/vector-sgnl-transceiver-pxie-5842/dp/87AK1892,0,184642,DIRECT_SHIP,0,False,Active,09-30-2026,Inactive
159471-01,https://www.digikey.com/en/products/detail/ni/159471-01/15218868,0,2.3562,Active,https://www.newark.com/ni-now-part-of-emerson/159471-01/terminal-screws-crio-devices/dp/14AJ7085,0,51,DIRECT_SHIP,0,False,Active,09-30-2026,Inactive
784396-01,https://www.digikey.com/en/products/detail/ni/784396-01/15219167,2,1239.75,Active,https://www.newark.com,0,0,,2,True,Active,09-30-2026,Active
188377-0R3,https://www.digikey.com/en/products/detail/ni/188377-0R3/16648046,1,198,Active,https://www.newark.com,0,0,,1,True,Active,09-30-2026,Active
186380-02,https://www.digikey.com/en/products/detail/ni/186380-02/12817672,0,264,Obsolete,https://www.newark.com/ni-now-part-of-emerson/186380-02/test-cable-assembly-multifunction/dp/13AJ3442,7,320.28,DIRECT_SHIP,7,True,Active,09-30-2026,Active
182762-01,https://www.digikey.com/en/products/detail/ni/182762-01/16647254,23,204.75,Active,https://www.newark.com,0,0,,23,True,Active,09-30-2026,Active
187949-10,https://www.digikey.com/en/products/detail/ni/187949-10/18710582,71,166.5,Active,https://www.newark.com,0,0,,71,True,Active,09-30-2026,Active
6069-410-270,https://www.digikey.com/en/products/detail/digilent-inc/6069-410-270/23334387,1,299,Active,https://www.newark.com,0,0,,1,True,Active,09-30-2026,Active
350-036,https://www.digikey.com/en/products/detail/digilent-inc/350-036/22258337,158,32,Active,https://www.newark.com,0,0,,158,True,Active,09-30-2026,Active
867013-02,https://www.digikey.com/en/products/detail/ni/867013-02/18710736,0,23001.75,Active,https://www.newark.com,0,0,,0,False,Active,09-30-2026,Inactive
157788-01,https://www.digikey.com/en/products/detail/ni/157788-01/18710072,0,56.83,Active,https://www.newark.com/ni-now-part-of-emerson/157788-01/test-cable-assembly-usb-2-0-cable/dp/13AJ3317,0,41,DIRECT_SHIP,0,False,Active,09-30-2026,Inactive
787137-01,https://www.digikey.com/en/products/detail/ni/787137-01/16647918,0,45147.56,Active,https://www.newark.com/ni-now-part-of-emerson/787137-01/chassis-pxie-1086dc-pxi-system/dp/14AJ6392,0,32574,DIRECT_SHIP,0,False,Active,09-30-2026,Inactive
145232-03,https://www.digikey.com/en/products/detail/ni/145232-03/18710668,0,286.88,Active,https://www.newark.com/ni-now-part-of-emerson/145232-03/test-cable-assembly-camera-cable/dp/13AJ3195,0,255,DIRECT_SHIP,0,False,Active,09-30-2026,Inactive
782835-38,https://www.digikey.com/en/products/detail/ni/782835-38/16648405,0,7558.88,Active,https://www.newark.com/ni-now-part-of-emerson/782835-38/matrix-sw-module-pxie-2738-10mhz/dp/14AJ5612,0,6719,DIRECT_SHIP,0,False,Active,09-30-2026,Inactive
785714-06,https://www.digikey.com/en/products/detail/ni/785714-06/18710039,0,66.53,Active,https://www.newark.com/ni-now-part-of-emerson/785714-06/test-cable-assembly-power-cable/dp/14AJ6173,0,48,DIRECT_SHIP,0,False,Active,09-30-2026,Inactive
785921-01,https://www.digikey.com/en/products/detail/ni/785921-01/16648100,0,571.032,Active,https://www.newark.com/ni-now-part-of-emerson/785921-01/expansion-module-compactrio-crio/dp/14AJ6218,0,412,DIRECT_SHIP,0,False,Active,09-30-2026,Inactive
865683-01,https://www.digikey.com/en/products/detail/ni/865683-01/15856511,12,1766.25,Active,https://www.newark.com,0,0,,12,True,Active,09-30-2026,Active
790509-35,https://www.digikey.com/en/products/detail/ni/790509-35/26946730,0,23007.6,Active,https://www.newark.com/ni-now-part-of-emerson/790509-35/systemlink-server-subscription/dp/44AM5333,0,18000,STOCKED,0,False,Active,09-30-2026,Inactive
788386-35,https://www.digikey.com/en/products/detail/ni/788386-35/18710313,0,976.54,Active,https://www.newark.com/ni-now-part-of-emerson/788386-35/test-software-measurement-studio/dp/95AJ6874,0,764,STOCKED,0,False,Active,09-30-2026,Inactive
779038-03,https://www.digikey.com/en/products/detail/ni/779038-03/18710515,4,1213.88,Active,https://www.newark.com,0,0,,4,True,Active,09-30-2026,Active
786343-01,https://www.digikey.com/en/products/detail/ni/786343-01/18709838,0,123.75,Active,https://www.newark.com/ni-now-part-of-emerson/786343-01/support-bracket-for-rmx-412x/dp/80AJ9361,0,110,DIRECT_SHIP,0,False,Active,09-30-2026,Inactive
789953-01,https://www.digikey.com/en/products/detail/ni/789953-01/24398486,5,176.62,Active,https://www.newark.com,0,0,,5,True,Active,09-30-2026,Active
781700-01,https://www.digikey.com/en/products/detail/ni/781700-01/16648661,15,145.12,Active,https://www.newark.com,0,0,,15,True,Active,09-30-2026,Active
785642-01,https://www.digikey.com/en/products/detail/ni/785642-01/18710362,0,1395.7,Active,https://www.newark.com/ni-now-part-of-emerson/785642-01/aux-i-o-conn-block-noise-rejecting/dp/14AJ6134,0,1007,DIRECT_SHIP,0,False,Active,09-30-2026,Inactive
867124-03,https://www.digikey.com/en/products/detail/ni/867124-03/16916057,0,9401.62,Active,https://www.newark.com,0,0,,0,False,Active,09-30-2026,Inactive
138285-1000,https://www.digikey.com/en/products/detail/ni/138285-1000/27259237,0,765.07,Active,https://www.newark.com/ni-now-part-of-emerson/138285-1000/test-accessory-1-85mm-plug-plug/dp/87AK1817,0,552,DIRECT_SHIP,0,False,Active,09-30-2026,Inactive
867124-01,https://www.digikey.com/en/products/detail/ni/867124-01/16916043,0,9401.62,Active,https://www.newark.com/ni-now-part-of-emerson/867124-01/multifunction-i-o-bundle-pxie/dp/60AK9643,0,8357,DIRECT_SHIP,0,False,Active,09-30-2026,Inactive
787419-01,https://www.digikey.com/en/products/detail/ni/787419-01/16648077,0,1758.83,Active,https://www.newark.com/ni-now-part-of-emerson/787419-01/tb-scb-12-flexrio-mod-8-se-dio/dp/14AJ6416,0,1269,DIRECT_SHIP,0,False,Active,09-30-2026,Inactive
6069-410-167,https://www.digikey.com/en/products/detail/digilent-inc/6069-410-167/23334470,4,459,Active,https://www.newark.com,0,0,,4,True,Active,09-30-2026,Active
782072-35WP,https://www.digikey.com/en/products/detail/ni/782072-35WP/27259513,0,6200.55,Active,https://www.newark.com/ni-now-part-of-emerson/782072-35wp/test-software/dp/24AM0148,0,4851,STOCKED,0,False,Active,09-30-2026,Inactive
781131-03,https://www.digikey.com/en/products/detail/ni/781131-03/18710143,0,913.5,Active,https://www.newark.com/ni-now-part-of-emerson/781131-03/tb-tb-2650-2531-as-8x64-matrix/dp/14AJ5238,0,812,DIRECT_SHIP,0,False,Active,09-30-2026,Inactive
784076-03,https://www.digikey.com/en/products/detail/ni/784076-03/16648050,0,417.18667,Active,https://www.newark.com/ni-now-part-of-emerson/784076-03/test-cable-assembly-sfp-cable/dp/14AJ5873,0,301,DIRECT_SHIP,0,False,Active,09-30-2026,Inactive
134731-01,https://www.digikey.com/en/products/detail/ni/134731-01/18709860,0,135.83,Active,https://www.newark.com/ni-now-part-of-emerson/134731-01/ixbf-ixbf-differential-passthrough/dp/47AK3059,0,98,DIRECT_SHIP,0,False,Active,09-30-2026,Inactive
6069-410-005-1,https://www.digikey.com/en/products/detail/digilent-inc/6069-410-005-1/23334447,16,1259.01,Active,https://www.newark.com,0,0,,16,True,Active,09-30-2026,Active
783761-02,https://www.digikey.com/en/products/detail/ni/783761-02/16648127,0,20882.86,Active,https://www.newark.com/ni-now-part-of-emerson/783761-02/ni-pxie-4137-40w-system-smu-with/dp/47AK3104,0,15067,DIRECT_SHIP,0,False,Active,09-30-2026,Inactive
779725-07,https://www.digikey.com/en/products/detail/ni/779725-07/16648647,0,729.04,Active,https://www.newark.com/ni-now-part-of-emerson/779725-07/test-cable-assembly/dp/14AJ4957,0,526,DIRECT_SHIP,0,False,Active,09-30-2026,Inactive
745690-K002,https://www.digikey.com/en/products/detail/ni/745690-K002/16648167,1,70.88,Active,https://www.newark.com,0,0,,1,True,Active,09-30-2026,Active
781420-06,https://www.digikey.com/en/products/detail/ni/781420-06/16647729,3,311.62,Active,https://www.newark.com,0,0,,3,True,Active,09-30-2026,Active
196939-01,https://www.digikey.com/en/products/detail/ni/196939-01/15218981,1,63,Active,https://www.newark.com,0,0,,1,True,Active,09-30-2026,Active
780968-01,https://www.digikey.com/en/products/detail/ni/780968-01/15219093,9,1654.88,Active,https://www.newark.com,0,0,,9,True,Active,09-30-2026,Active
781029-01,https://www.digikey.com/en/products/detail/ni/781029-01/16648330,0,1467.77,Active,https://www.newark.com/ni-now-part-of-emerson/781029-01/voltage-i-p-module-c-series-sbrio/dp/14AJ5201,0,1059,DIRECT_SHIP,0,False,Active,09-30-2026,Inactive
783882-01,https://www.digikey.com/en/products/detail/ni/783882-01/16647403,0,20881.12,Active,https://www.newark.com/ni-now-part-of-emerson/783882-01/chassis-pxie-1095-pxi-system-18/dp/13AJ4098,1,18932.22,DIRECT_SHIP,1,True,Active,09-30-2026,Active
784781-01,https://www.digikey.com/en/products/detail/ni/784781-01/16648281,0,10329.75,Active,https://www.newark.com,0,0,,0,False,Active,09-30-2026,Inactive
783344-01,https://www.digikey.com/en/products/detail/ni/783344-01/18709747,7,208.12,Active,https://www.newark.com,0,0,,7,True,Active,09-30-2026,Active
786877-01,https://www.digikey.com/en/products/detail/ni/786877-01/18709953,0,11803.18,Active,https://www.newark.com/ni-now-part-of-emerson/786877-01/usrp-e320-non-tpm-zynq-7045-2x2/dp/27AK1704,0,8516,DIRECT_SHIP,0,False,Active,09-30-2026,Inactive
783417-01,https://www.digikey.com/en/products/detail/ni/783417-01/15219174,0,304.92,Active,https://www.newark.com/ni-now-part-of-emerson/783417-01/quarter-bridge-adapter-ni-9985d/dp/14AJ5718,0,220,DIRECT_SHIP,0,False,Active,09-30-2026,Inactive
188375-01,https://www.digikey.com/en/products/detail/ni/188375-01/16648719,0,230.07636,Active,https://www.newark.com/ni-now-part-of-emerson/188375-01/test-cable-assembly-coaxial-cable/dp/13AJ3465,0,166,DIRECT_SHIP,0,False,Active,09-30-2026,Inactive
786202-0R61,https://www.digikey.com/en/products/detail/ni/786202-0R61/18710462,0,70.69,Active,https://www.newark.com/ni-now-part-of-emerson/786202-0r61/rf-cable-mmpx-m-to-sma-m-0-610/dp/47AK3163,0,51,DIRECT_SHIP,0,False,Active,09-30-2026,Inactive
779001-01,https://www.digikey.com/en/products/detail/ni/779001-01/15218984,11,885.38,Active,https://www.newark.com,0,0,,11,True,Active,09-30-2026,Active
783393-02,https://www.digikey.com/en/products/detail/ni/783393-02/15218893,0,1266.805,Last Time Buy,https://www.newark.com/ni-now-part-of-emerson/783393-02/digital-i-p-module-c-series-ni/dp/14AJ5709,0,914,DIRECT_SHIP,0,False,Active,09-30-2026,Inactive
787411-01,https://www.digikey.com/en/products/detail/ni/787411-01/18709817,0,3058.9,Active,https://www.newark.com/ni-now-part-of-emerson/787411-01/nozzle-for-denso-robot-test-head/dp/37AJ7549,0,2207,DIRECT_SHIP,0,False,Active,09-30-2026,Inactive
785589-01,https://www.digikey.com/en/products/detail/ni/785589-01/16647264,0,55707.5,Active,https://www.newark.com/ni-now-part-of-emerson/785589-01/if-transceiver-flexrio-pcie-5785/dp/14AJ6106,0,40193,DIRECT_SHIP,0,False,Active,09-30-2026,Inactive
785753-01,https://www.digikey.com/en/products/detail/ni/785753-01/16818608,252,64.12,Active,https://www.newark.com,0,0,,252,True,Active,09-30-2026,Active
783887-01,https://www.digikey.com/en/products/detail/ni/783887-01/16647882,0,3683.99,Active,https://www.newark.com/ni-now-part-of-emerson/783887-01/digital-i-o-adapter-mod-flexrio/dp/14AJ5842,0,2658,DIRECT_SHIP,0,False,Active,09-30-2026,Inactive
787790-01,https://www.digikey.com/en/products/detail/ni/787790-01/16647470,0,1333.12,Active,https://www.newark.com/ni-now-part-of-emerson/787790-01/ni-pcie-8239-4-port-poe-gige-vision/dp/84AJ1122,0,1185,DIRECT_SHIP,0,False,Active,09-30-2026,Inactive
784232-01,https://www.digikey.com/en/products/detail/ni/784232-01/16647493,0,59778.18,Active,https://www.newark.com/ni-now-part-of-emerson/784232-01/high-speed-serial-instrument-pxie/dp/13AJ4112,0,43130,DIRECT_SHIP,0,False,Active,09-30-2026,Inactive
139683-01,https://www.digikey.com,0,0,,https://www.newark.com/ni-now-part-of-emerson/139683-01/bracket-set-industrial-power-supply/dp/51AM2818,0,73,DIRECT_SHIP,0,False,Active,09-30-2026,Inactive
781350-01,https://www.digikey.com/en/products/detail/ni/781350-01/18710488,1,1379.25,Active,https://www.newark.com,0,0,,1,True,Active,09-30-2026,Active
786350-01,https://www.digikey.com/en/products/detail/ni/786350-01/18710715,0,58.21,Active,https://www.newark.com/ni-now-part-of-emerson/786350-01/test-cable-assembly-power-cable/dp/14AJ6268,0,42,DIRECT_SHIP,0,False,Active,09-30-2026,Inactive
782071-35WP,https://www.digikey.com/en/products/detail/ni/782071-35WP/27259561,0,3228.73,Active,https://www.newark.com,0,0,,0,False,Active,09-30-2026,Inactive
157599-02,https://www.digikey.com/en/products/detail/ni/157599-02/12817792,14,342,Active,https://www.newark.com,0,0,,14,True,Active,09-30-2026,Active
785023-09,https://www.digikey.com/en/products/detail/ni/785023-09/16647486,0,41.58,Active,https://www.newark.com/ni-now-part-of-emerson/785023-09/power-cord-for-usrp-rio-korea/dp/27AJ2539,0,30,DIRECT_SHIP,0,False,Active,09-30-2026,Inactive
6069-410-115,https://www.digikey.com/en/products/detail/digilent-inc/6069-410-115/23334429,1,715,Active,https://www.newark.com,0,0,,1,True,Active,09-30-2026,Active
780284-01,https://www.digikey.com/en/products/detail/ni/780284-01/16648097,1,231.75,Active,https://www.newark.com,0,0,,1,True,Active,09-30-2026,Active
183045-02,https://www.digikey.com/en/products/detail/ni/183045-02/12817864,3,77.62,Active,https://www.newark.com,0,0,,3,True,Active,09-30-2026,Active
780993-01,https://www.digikey.com/en/products/detail/ni/780993-01/18710074,0,22712.62,Active,https://www.newark.com/ni-now-part-of-emerson/780993-01/digital-waveform-instrument-pxie/dp/14AJ5187,0,20189,DIRECT_SHIP,0,False,Active,09-30-2026,Inactive
779185-01,https://www.digikey.com/en/products/detail/ni/779185-01/18710401,0,87.31793,Active,https://www.newark.com/ni-now-part-of-emerson/779185-01/test-cable-assembly-custom-cable/dp/14AJ4834,0,63,DIRECT_SHIP,0,False,Active,09-30-2026,Inactive
789996-01,https://www.digikey.com/en/products/detail/ni/789996-01/26581970,4,1461.38,Active,https://www.newark.com,0,0,,4,True,Active,09-30-2026,Active
410-135,https://www.digikey.com/en/products/detail/digilent-inc/410-135/4090175,273,6,Active,https://www.newark.com,0,0,,273,True,Active,09-30-2026,Active
788842-01,https://www.digikey.com/en/products/detail/ni/788842-01/27259695,0,102767.74,Active,https://www.newark.com/ni-now-part-of-emerson/788842-01/vector-sgnl-transceiver-pxie-5841/dp/87AK1857,0,74147,DIRECT_SHIP,0,False,Active,09-30-2026,Inactive
781101-01,https://www.digikey.com/en/products/detail/ni/781101-01/16647877,2,10644.75,Active,https://www.newark.com,0,0,,2,True,Active,09-30-2026,Active
783638-01,https://www.digikey.com/en/products/detail/ni/783638-01/16648029,0,49521.78,Active,https://www.newark.com/ni-now-part-of-emerson/783638-01/high-speed-serial-instrument-pxie/dp/14AJ5774,0,35730,DIRECT_SHIP,0,False,Active,09-30-2026,Inactive
789600-08201,https://www.digikey.com/en/products/detail/ni/789600-08201/27259702,0,193301.26,Active,https://www.newark.com/ni-now-part-of-emerson/789600-08201/vector-sgnl-transceiver-pxie-5842/dp/87AK1874,0,139467,DIRECT_SHIP,0,False,Active,09-30-2026,Inactive
781688-01,https://www.digikey.com/en/products/detail/ni/781688-01/18710148,0,1009.00667,Active,https://www.newark.com/ni-now-part-of-emerson/781688-01/tb-tb-2631b/dp/14AJ5392,1,742.56,DIRECT_SHIP,1,True,Active,09-30-2026,Active
782121-06,https://www.digikey.com/en/products/detail/ni/782121-06/18710387,1,1114.88,Active,https://www.newark.com,0,0,,1,True,Active,09-30-2026,Active
786915-01,https://www.digikey.com/en/products/detail/ni/786915-01/16647977,0,407.48,Active,https://www.newark.com/ni-now-part-of-emerson/786915-01/reed-relay-replacement-kit-ums05/dp/15AJ5793,0,294,DIRECT_SHIP,0,False,Active,09-30-2026,Inactive
790631-01,https://www.digikey.com/en/products/detail/ni/790631-01/28173873,10,8437.5,Active,https://www.newark.com,0,0,,10,True,Active,09-30-2026,Active
785620-02,https://www.digikey.com/en/products/detail/ni/785620-02/16648502,0,17171.15,Active,https://www.newark.com/ni-now-part-of-emerson/785620-02/controller-compactrio-crio-9043/dp/14AJ6121,0,12389,DIRECT_SHIP,0,False,Active,09-30-2026,Inactive
866574-04P,https://www.digikey.com/en/products/detail/ni/866574-04P/27259306,0,10087.31,Active,https://www.newark.com,0,0,,0,False,Active,09-30-2026,Inactive
781326-01,https://www.digikey.com/en/products/detail/ni/781326-01/16648493,0,0,Obsolete,https://www.newark.com/ni-now-part-of-emerson/781326-01/university-kit-mydaq/dp/14AJ5286,0,606,DIRECT_SHIP,0,False,Active,09-30-2026,Inactive
785680-01,https://www.digikey.com/en/products/detail/ni/785680-01/16648431,0,50569.6,Active,https://www.newark.com/ni-now-part-of-emerson/785680-01/source-measure-unit-smu-12-ch/dp/14AJ6147,0,36486,DIRECT_SHIP,0,False,Active,09-30-2026,Inactive
784272-35,https://www.digikey.com/en/products/detail/ni/784272-35/18709947,0,2812.04,Active,https://www.newark.com/ni-now-part-of-emerson/784272-35/test-software-diadem-professional/dp/15AJ1050,0,2200,STOCKED,0,False,Active,09-30-2026,Inactive
151733-0R3,https://www.digikey.com/en/products/detail/ni/151733-0R3/16648756,0,23.56,Active,https://www.newark.com/ni-now-part-of-emerson/151733-0r3/test-cable-assembly-ethernet-cable/dp/13AJ3212,0,17,DIRECT_SHIP,0,False,Active,09-30-2026,Inactive
788383-35,https://www.digikey.com/en/products/detail/ni/788383-35/18709835,0,1004.67,Active,https://www.newark.com/ni-now-part-of-emerson/788383-35/test-software-labwindows-cvi/dp/95AJ6868,0,786,STOCKED,0,False,Active,09-30-2026,Inactive
787296-01,https://www.digikey.com/en/products/detail/ni/787296-01/16647717,2,5047.88,Active,https://www.newark.com,0,0,,2,True,Active,09-30-2026,Active
782949-01,https://www.digikey.com/en/products/detail/ni/782949-01/16648887,1,54,Active,https://www.newark.com,0,0,,1,True,Active,09-30-2026,Active
779821-35,https://www.digikey.com/en/products/detail/ni/779821-35/27259588,0,7215.44,Active,https://www.newark.com/ni-now-part-of-emerson/779821-35/test-software-multisim-full-edition/dp/15AJ5419,0,5645,STOCKED,0,False,Active,09-30-2026,Inactive
6002-310-003,https://www.digikey.com/en/products/detail/digilent-inc/6002-310-003/26946496,3,30,Active,https://www.newark.com,0,0,,3,True,Active,09-30-2026,Active
786196-0R610,https://www.digikey.com/en/products/detail/ni/786196-0R610/18710346,0,79.00188,Active,https://www.newark.com/ni-now-part-of-emerson/786196-0r610/rf-cable-mmpx-m-to-bnc-m-0-610/dp/47AK3154,0,57,DIRECT_SHIP,0,False,Active,09-30-2026,Inactive
785164-01,https://www.digikey.com/en/products/detail/ni/785164-01/16647510,0,39209.94,Active,https://www.newark.com/ni-now-part-of-emerson/785164-01/pxie-5763-flexrio-digitizer-4/dp/47AK3125,0,28290,DIRECT_SHIP,0,False,Active,09-30-2026,Inactive
779168-02,https://www.digikey.com/en/products/detail/ni/779168-02/18710175,0,113.65182,Active,https://www.newark.com/ni-now-part-of-emerson/779168-02/test-cable-assembly-custom-cable/dp/14AJ4821,0,82,DIRECT_SHIP,0,False,Active,09-30-2026,Inactive
865682-01,https://www.digikey.com/en/products/detail/ni/865682-01/15856510,3,2340,Active,https://www.newark.com,0,0,,3,True,Active,09-30-2026,Active
787587-02,https://www.digikey.com/en/products/detail/ni/787587-02/15219204,2,68.62,Active,https://www.newark.com,0,0,,2,True,Active,09-30-2026,Active
783800-01,https://www.digikey.com/en/products/detail/ni/783800-01/13983432,2,4450.5,Active,https://www.newark.com,0,0,,2,True,Active,09-30-2026,Active
783195-01,https://www.digikey.com/en/products/detail/ni/783195-01/16647461,0,273.042,Active,https://www.newark.com/ni-now-part-of-emerson/783195-01/sfp-1-gigabit-ethernet-interface/dp/27AJ2484,0,197,DIRECT_SHIP,0,False,Active,09-30-2026,Inactive
786090-01,https://www.digikey.com/en/products/detail/ni/786090-01/16648538,0,932.78,Active,https://www.newark.com/ni-now-part-of-emerson/786090-01/calibration-coil-1/dp/37AJ7289,0,673,DIRECT_SHIP,0,False,Active,09-30-2026,Inactive
778548-35,https://www.digikey.com/en/products/detail/ni/778548-35/18710154,0,607.14,Active,https://www.newark.com/ni-now-part-of-emerson/778548-35/test-software-switch-executive/dp/14AJ7431,0,475,STOCKED,0,False,Active,09-30-2026,Inactive
781051-01,https://www.digikey.com/en/products/detail/ni/781051-01/12817701,1,3136.5,Active,https://www.newark.com,0,0,,1,True,Active,09-30-2026,Active
783538-01,https://www.digikey.com/en/products/detail/ni/783538-01/18710008,0,262.12,Active,https://www.newark.com/ni-now-part-of-emerson/783538-01/binding-post-adapter/dp/13AJ4068,0,233,DIRECT_SHIP,0,False,Active,09-30-2026,Inactive
868001-04,https://www.digikey.com/en/products/detail/ni/868001-04/27259673,0,91683.9,Active,https://www.newark.com/ni-now-part-of-emerson/868001-04/labview-bundle-usrp-x410/dp/87AK1936,0,66150,DIRECT_SHIP,0,False,Active,09-30-2026,Inactive
788393-35,https://www.digikey.com/en/products/detail/ni/788393-35/18709809,0,1661.66,Active,https://www.newark.com/ni-now-part-of-emerson/788393-35/test-software-requirements-gateway/dp/95AJ6882,0,1300,STOCKED,0,False,Active,09-30-2026,Inactive
866574-08B,https://www.digikey.com/en/products/detail/ni/866574-08B/27259311,0,8458.76,Active,https://www.newark.com/ni-now-part-of-emerson/866574-08b/ni-electronics-power-validation/dp/86AK2076,0,6103,DIRECT_SHIP,0,False,Active,09-30-2026,Inactive
867125-03,https://www.digikey.com/en/products/detail/ni/867125-03/16916069,0,16972.88,Active,https://www.newark.com/ni-now-part-of-emerson/867125-03/multifunction-i-o-module-pxie/dp/87AK1933,0,15087,DIRECT_SHIP,0,False,Active,09-30-2026,Inactive
786776-01,https://www.digikey.com/en/products/detail/ni/786776-01/16647267,1,1534.01,Active,https://www.newark.com,0,0,,1,True,Active,09-30-2026,Active
787009-35,https://www.digikey.com/en/products/detail/ni/787009-35/18709871,0,8829.81,Active,https://www.newark.com/ni-now-part-of-emerson/787009-35/rfmx-noise-figure-debug-deployment/dp/47AK3179,0,6908,STOCKED,0,False,Active,09-30-2026,Inactive
6069-410-089,https://www.digikey.com/en/products/detail/digilent-inc/6069-410-089/23334402,3,339,Active,https://www.newark.com,0,0,,3,True,Active,09-30-2026,Active
868014-01,https://www.digikey.com/en/products/detail/ni/868014-01/16591981,1,6245.12,Active,https://www.newark.com,0,0,,1,True,Active,09-30-2026,Active
784813-01,https://www.digikey.com/en/products/detail/ni/784813-01/16647575,1,7323.75,Active,https://www.newark.com,0,0,,1,True,Active,09-30-2026,Active
156084-03,https://www.digikey.com/en/products/detail/ni/156084-03/18710714,0,285.52,Active,https://www.newark.com/ni-now-part-of-emerson/156084-03/test-cable-assembly-camera-cable/dp/13AJ3249,0,206,DIRECT_SHIP,0,False,Active,09-30-2026,Inactive
780540-01,https://www.digikey.com/en/products/detail/ni/780540-01/16648656,0,332.64,Active,https://www.newark.com/ni-now-part-of-emerson/780540-01/reference-clock-t-connector/dp/47AK3075,0,240,DIRECT_SHIP,0,False,Active,09-30-2026,Inactive
788269-01,https://www.digikey.com/en/products/detail/ni/788269-01/27259523,0,814.97,Active,https://www.newark.com/ni-now-part-of-emerson/788269-01/ts-15100-testscale-analog-input/dp/51AK4437,0,588,DIRECT_SHIP,0,False,Active,09-30-2026,Inactive
157543-500,https://www.digikey.com/en/products/detail/ni/157543-500/18709826,0,1509.75,Active,https://www.newark.com/ni-now-part-of-emerson/157543-500/standoff-7-15mm-chassis-pack-of/dp/14AJ7077,0,1342,DIRECT_SHIP,0,False,Active,09-30-2026,Inactive
199006-01,https://www.digikey.com/en/products/detail/ni/199006-01/12817819,14,255.38,Active,https://www.newark.com,0,0,,14,True,Active,09-30-2026,Active
778572-36,https://www.digikey.com/en/products/detail/ni/778572-36/16648403,2,8799.75,Active,https://www.newark.com,0,0,,2,True,Active,09-30-2026,Active
785174-01,https://www.digikey.com/en/products/detail/ni/785174-01/16648079,1,30305.25,Active,https://www.newark.com,0,0,,1,True,Active,09-30-2026,Active
192568-01,https://www.digikey.com/en/products/detail/ni/192568-01/15218841,3,83.25,Active,https://www.newark.com,0,0,,3,True,Active,09-30-2026,Active
182238-02,https://www.digikey.com/en/products/detail/ni/182238-02/16648123,1,77.62,Active,https://www.newark.com,0,0,,1,True,Active,09-30-2026,Active
6069-410-024,https://www.digikey.com/en/products/detail/digilent-inc/6069-410-024/16970328,98,2319.01,Active,https://www.newark.com,0,0,,98,True,Active,09-30-2026,Active
188374-01,https://www.digikey.com/en/products/detail/ni/188374-01/16647657,2,186.75,Active,https://www.newark.com,0,0,,2,True,Active,09-30-2026,Active
785047-02,https://www.digikey.com/en/products/detail/ni/785047-02/15219120,1,1723.5,Active,https://www.newark.com,0,0,,1,True,Active,09-30-2026,Active
6069-410-077,https://www.digikey.com/en/products/detail/digilent-inc/6069-410-077/23334469,3,1229.01,Obsolete,https://www.newark.com,0,0,,3,True,Obsolete,09-30-2026,Inactive
785157-01,https://www.digikey.com/en/products/detail/ni/785157-01/16648880,1,4617,Active,https://www.newark.com,0,0,,1,True,Active,09-30-2026,Active
785748-35WM,https://www.digikey.com/en/products/detail/ni/785748-35WM/27259259,0,0,Discontinued at DigiKey,https://www.newark.com/ni-now-part-of-emerson/785748-35wm/test-software-flexlogger/dp/15AJ1506,0,2943,STOCKED,0,False,Active,09-30-2026,Inactive
780175-01,https://www.digikey.com/en/products/detail/ni/780175-01/15218842,7,1215,Active,https://www.newark.com,0,0,,7,True,Active,09-30-2026,Active
788350-01,https://www.digikey.com/en/products/detail/ni/788350-01/27259708,0,32548.82,Active,https://www.newark.com/ni-now-part-of-emerson/788350-01/interface-module-fpd-link-pxie/dp/87AK1839,0,23484,DIRECT_SHIP,0,False,Active,09-30-2026,Inactive
790414-01,,,,,,,,,,False,,09-17-2026,Inactive
785927-01,https://www.digikey.com/en/products/detail/ni/785927-01/16647235,1,16351.88,Active,https://www.newark.com,0,0,,1,True,Active,09-30-2026,Active
410-428,https://www.digikey.com/en/products/detail/digilent-inc/410-428/23334411,11,125,Active,https://www.newark.com,0,0,,11,True,Active,09-30-2026,Active
785805-01,https://www.digikey.com/en/products/detail/ni/785805-01/16647809,0,395.01,Active,https://www.newark.com/ni-now-part-of-emerson/785805-01/ballast-plate-for-rmx-10011-19in/dp/47AK3138,0,285,DIRECT_SHIP,0,False,Active,09-30-2026,Inactive
785944-10,https://www.digikey.com/en/products/detail/ni/785944-10/16648395,0,329.87,Active,https://www.newark.com/ni-now-part-of-emerson/785944-10/ip67-gigabit-ethernet-shielded/dp/32AK5510,0,238,DIRECT_SHIP,0,False,Active,09-30-2026,Inactive
781788-01,https://www.digikey.com/en/products/detail/ni/781788-01/18710177,0,18900,Active,https://www.newark.com/ni-now-part-of-emerson/781788-01/multifunction-i-o-device-reconfigurable/dp/14AJ5421,0,16800,DIRECT_SHIP,0,False,Active,09-30-2026,Inactive
781579-01,https://www.digikey.com/en/products/detail/ni/781579-01/16648700,0,4594.59,Active,https://www.newark.com/ni-now-part-of-emerson/781579-01/strain-bridge-i-p-module-c-series/dp/14AJ5362,0,3315,DIRECT_SHIP,0,False,Active,09-30-2026,Inactive
763443-01,https://www.digikey.com/en/products/detail/ni/763443-01/16648874,5,213.75,Active,https://www.newark.com,0,0,,5,True,Active,09-30-2026,Active
147791-05,https://www.digikey.com/en/products/detail/ni/147791-05/18710529,0,88.7,Active,https://www.newark.com/ni-now-part-of-emerson/147791-05/test-cable-assembly-camera-cable/dp/13AJ3199,0,64,DIRECT_SHIP,0,False,Active,09-30-2026,Inactive
867112-01,https://www.digikey.com/en/products/detail/ni/867112-01/16675069,0,17114.33,Active,https://www.newark.com/ni-now-part-of-emerson/867112-01/source-meter-unit-1ch-pxie-4137/dp/47AK5812,0,12348,DIRECT_SHIP,0,False,Active,09-30-2026,Inactive
182766-01,https://www.digikey.com/en/products/detail/ni/182766-01/16648610,7,137.25,Active,https://www.newark.com,0,0,,7,True,Active,09-30-2026,Active
146907-01,https://www.digikey.com/en/products/detail/ni/146907-01/15218855,0,666.665,Active,https://www.newark.com/ni-now-part-of-emerson/146907-01/test-cable-assembly-multifunction/dp/13AJ3197,0,481,DIRECT_SHIP,0,False,Active,09-30-2026,Inactive
781016-01,https://www.digikey.com/en/products/detail/ni/781016-01/15219022,0,6.56067,Active,https://www.newark.com/ni-now-part-of-emerson/781016-01/mini-screwdriver-15-pcs-spring/dp/14AJ5198,0,71,DIRECT_SHIP,0,False,Active,09-30-2026,Inactive
788817-0118,https://www.digikey.com/en/products/detail/ni/788817-0118/27259453,0,13807.33,Active,https://www.newark.com,0,0,,0,False,Active,09-30-2026,Inactive
781100-01,https://www.digikey.com/en/products/detail/ni/781100-01/16647675,0,8013.38,Active,https://www.newark.com/ni-now-part-of-emerson/781100-01/multifunction-i-p-o-p-device-pcie/dp/33AJ1349,1,7265.46,DIRECT_SHIP,1,True,Active,09-30-2026,Active
410-361,https://www.digikey.com/en/products/detail/digilent-inc/410-361/7916813,74,21,Active,https://www.newark.com,0,0,,74,True,Active,09-30-2026,Active
786202-0R152,https://www.digikey.com/en/products/detail/ni/786202-0R152/18710498,0,63.756,Active,https://www.newark.com/ni-now-part-of-emerson/786202-0r152/rf-cable-mmpx-m-to-sma-m-0-152/dp/47AK3161,0,46,DIRECT_SHIP,0,False,Active,09-30-2026,Inactive
783198-01,https://www.digikey.com/en/products/detail/ni/783198-01/18710061,0,106.72208,Active,https://www.newark.com/ni-now-part-of-emerson/783198-01/din-rail-mounting-kit-scb-68-hsdio/dp/14AJ5683,0,77,DIRECT_SHIP,0,False,Active,09-30-2026,Inactive
778289-01,https://www.digikey.com/en/products/detail/ni/778289-01/12817770,1,931.5,Active,https://www.newark.com,0,0,,1,True,Active,09-30-2026,Active
785040-01,https://www.digikey.com/en/products/detail/ni/785040-01/15219051,18,1604.25,Active,https://www.newark.com,0,0,,18,True,Active,09-30-2026,Active
788402-35WM,https://www.digikey.com/en/products/detail/ni/788402-35WM/18710327,0,1177.56,Discontinued at DigiKey,https://www.newark.com/ni-now-part-of-emerson/788402-35wm/test-software/dp/95AJ6895,0,1204.62,STOCKED,0,False,Active,09-30-2026,Inactive
779957-01,https://www.digikey.com/en/products/detail/ni/779957-01/18710579,1,757.12,Active,https://www.newark.com,0,0,,1,True,Active,09-30-2026,Active
191039-01,https://www.digikey.com/en/products/detail/ni/191039-01/18710686,8,848.25,Active,https://www.newark.com,0,0,,8,True,Active,09-30-2026,Active
130123-01,https://www.digikey.com/en/products/detail/ni/130123-01/16648308,0,370.12,Active,https://www.newark.com/molex/1301230171/6000-series-festoon-tow-cables/dp/18P3769,0,123.87,DIRECT_SHIP,0,False,Active,09-30-2026,Inactive
780877-01,https://www.digikey.com/en/products/detail/ni/780877-01/16648578,0,1040.89,Active,https://www.newark.com/ni-now-part-of-emerson/780877-01/temp-i-p-module-c-series-sbrio/dp/14AJ5160,0,751,DIRECT_SHIP,0,False,Active,09-30-2026,Inactive
783701-02,https://www.digikey.com/en/products/detail/ni/783701-02/13922162,1,1041.75,Active,https://www.newark.com,0,0,,1,True,Active,09-30-2026,Active
780936-01,https://www.digikey.com/en/products/detail/ni/780936-01/12817768,0,2128.5,Active,https://www.newark.com/ni-now-part-of-emerson/780936-01/gpib-instrument-control-device/dp/14AJ5176,0,1892,DIRECT_SHIP,0,False,Active,09-30-2026,Inactive
180524-10,https://www.digikey.com/en/products/detail/ni/180524-10/12817839,2,132.75,Active,https://www.newark.com,0,0,,2,True,Active,09-30-2026,Active
781156-01,https://www.digikey.com/en/products/detail/ni/781156-01/15219156,35,2643.75,Active,https://www.newark.com,0,0,,35,True,Active,09-30-2026,Active
300-031,https://www.digikey.com/en/products/detail/digilent-inc/300-031/4840820,106,14,Active,https://www.newark.com,0,0,,106,True,Active,09-30-2026,Active
782385-02,https://www.digikey.com/en/products/detail/ni/782385-02/18710157,0,913.5,Active,https://www.newark.com/ni-now-part-of-emerson/782385-02/tb-tb-2640b-2532b/dp/14AJ5525,0,812,DIRECT_SHIP,0,False,Active,09-30-2026,Inactive
781046-01,https://www.digikey.com/en/products/detail/ni/781046-01/12817837,54,1594.21,Active,https://www.newark.com,0,0,,54,True,Active,09-30-2026,Active
786369-01,https://www.digikey.com/en/products/detail/ni/786369-01/16647317,0,8935.88,Active,https://www.newark.com/ni-now-part-of-emerson/786369-01/controller-compactrio-crio-9041/dp/14AJ6276,0,8101.86,DIRECT_SHIP,0,False,Active,09-30-2026,Inactive
250-059,https://www.digikey.com/en/products/detail/digilent-inc/250-059/4090049,5,5,Active,https://www.newark.com,0,0,,5,True,Active,09-30-2026,Active
184125-01,https://www.digikey.com/en/products/detail/ni/184125-01/16647818,1,38.25,Active,https://www.newark.com,0,0,,1,True,Active,09-30-2026,Active
778044-35WM,https://www.digikey.com/en/products/detail/ni/778044-35WM/27259538,0,0,Discontinued at DigiKey,https://www.newark.com/ni-now-part-of-emerson/778044-35wm/vision-development-module-run/dp/37AJ4969,0,629,STOCKED,0,False,Active,09-30-2026,Inactive
783643-01,https://www.digikey.com/en/products/detail/ni/783643-01/15218974,0,391.5,Active,https://www.newark.com/ni-now-part-of-emerson/783643-01/tb-tb-9212-9212-c-series-mod/dp/14AJ5775,4,354.96,DIRECT_SHIP,4,True,Active,09-30-2026,Active
789986-01,https://www.digikey.com/en/products/detail/ni/789986-01/24398489,10,36,Active,https://www.newark.com,0,0,,10,True,Active,09-30-2026,Active
787044-01,https://www.digikey.com/en/products/detail/ni/787044-01/16647970,1,8553.38,Active,https://www.newark.com,0,0,,1,True,Active,09-30-2026,Active
782774-01,https://www.digikey.com/en/products/detail/ni/782774-01/18710262,1,124.88,Active,https://www.newark.com,0,0,,1,True,Active,09-30-2026,Active
782648-01,https://www.digikey.com/en/products/detail/ni/782648-01/18709791,0,3266.8,Active,https://www.newark.com/ni-emerson/782648-01/smb-2153-32-channel-analog-output/dp/14AJ5592,0,0,NO_LONGER_MANUFACTURED,0,False,Active,09-30-2026,Inactive
779038-01,https://www.digikey.com/en/products/detail/ni/779038-01/18710597,0,1213.88,Active,https://www.newark.com/ni-now-part-of-emerson/779038-01/test-cable-assembly-switch-cable/dp/13AJ3827,0,1100.58,DIRECT_SHIP,0,False,Active,09-30-2026,Inactive
783824-02,https://www.digikey.com/en/products/detail/ni/783824-02/15219124,0,1940.4,Active,https://www.newark.com/ni-now-part-of-emerson/783824-02/soundvibration-module-ni-9230/dp/14AJ5821,0,1400,DIRECT_SHIP,0,False,Active,09-30-2026,Inactive
786674-01,https://www.digikey.com/en/products/detail/ni/786674-01/18710402,0,11.25,Active,https://www.newark.com/ni-now-part-of-emerson/786674-01/single-slot-pxi-card-packaging/dp/14AJ6315,0,10,DIRECT_SHIP,0,False,Active,09-30-2026,Inactive
157268-01,https://www.digikey.com/en/products/detail/ni/157268-01/15218988,61,87.75,Active,https://www.newark.com,0,0,,61,True,Active,09-30-2026,Active
782092-01,https://www.digikey.com/en/products/detail/ni/782092-01/18710109,0,1197.50333,Active,https://www.newark.com/ni-now-part-of-emerson/782092-01/tb-sma-2165/dp/14AJ5468,0,864,DIRECT_SHIP,0,False,Active,09-30-2026,Inactive
187252-01,https://www.digikey.com/en/products/detail/ni/187252-01/12817614,53,186.75,Active,https://www.newark.com,0,0,,53,True,Active,09-30-2026,Active
6002-240-014,https://www.digikey.com/en/products/detail/digilent-inc/6002-240-014/28172829,11,229.29,Active,https://www.newark.com,0,0,,11,True,Active,09-30-2026,Active
780340-01,https://www.digikey.com/en/products/detail/ni/780340-01/16647614,0,20734.56,Active,https://www.newark.com/ni-now-part-of-emerson/780340-01/multifunction-i-o-module-reconfigurable/dp/14AJ5084,0,14960,DIRECT_SHIP,0,False,Active,09-30-2026,Inactive
783533-01,https://www.digikey.com/en/products/detail/ni/783533-01/18710130,1,779.62,Active,https://www.newark.com,0,0,,1,True,Active,09-30-2026,Active
783591-01,https://www.digikey.com/en/products/detail/ni/783591-01/16647438,2,6675.75,Active,https://www.newark.com,0,0,,2,True,Active,09-30-2026,Active
783129-01,https://www.digikey.com/en/products/detail/ni/783129-01/16648866,0,5583.38,Active,https://www.newark.com/ni-now-part-of-emerson/783129-01/digital-multimeter-pxie-4080-1/dp/13AJ4053,14,5062.26,DIRECT_SHIP,14,True,Active,09-30-2026,Active
785198-01,https://www.digikey.com/en/products/detail/ni/785198-01/16647531,0,4016.63,Active,https://www.newark.com/ni-now-part-of-emerson/785198-01/solid-state-driver-upgrade-sata/dp/13AJ4132,0,2898,DIRECT_SHIP,0,False,Active,09-30-2026,Inactive
781290-02,https://www.digikey.com/en/products/detail/ni/781290-02/16648104,0,3127.5,Active,https://www.newark.com/ni-now-part-of-emerson/781290-02/digital-i-o-adapter-mod-flexrio/dp/13AJ3972,4,2835.6,DIRECT_SHIP,4,True,Active,09-30-2026,Active
778801-35WM,https://www.digikey.com/en/products/detail/ni/778801-35WM/27259168,0,0,Discontinued at DigiKey,https://www.newark.com/ni-now-part-of-emerson/778801-35wm/test-software-measurement-studio/dp/14AJ7612,0,2673,STOCKED,0,False,Active,09-30-2026,Inactive
779892-02,https://www.digikey.com/en/products/detail/ni/779892-02/16647685,8,1762.88,Active,https://www.newark.com,0,0,,8,True,Active,09-30-2026,Active
783872-01,https://www.digikey.com/en/products/detail/ni/783872-01/18709724,0,3119.89,Active,https://www.newark.com/ni-now-part-of-emerson/783872-01/tb-rm-4302-pxie-4302-3/dp/14AJ5839,0,2251,DIRECT_SHIP,0,False,Active,09-30-2026,Inactive
867116-04,https://www.digikey.com/en/products/detail/ni/867116-04/18709807,0,10837.12,Active,https://www.newark.com,0,0,,0,False,Active,09-30-2026,Inactive
782975-01,https://www.digikey.com/en/products/detail/ni/782975-01/15218903,0,2073.38,Active,https://www.newark.com/ni-now-part-of-emerson/782975-01/temp-i-p-module-c-series-ni-9212/dp/13AJ4051,46,1879.86,DIRECT_SHIP,46,True,Active,09-30-2026,Active
784225-01,https://www.digikey.com/en/products/detail/ni/784225-01/16647419,1,29233.12,Active,https://www.newark.com,0,0,,1,True,Active,09-30-2026,Active
781366-01,https://www.digikey.com/en/products/detail/ni/781366-01/16647723,1,4065.75,Active,https://www.newark.com,0,0,,1,True,Active,09-30-2026,Active
780181-01,https://www.digikey.com/en/products/detail/ni/780181-01/15218877,13,2521.12,Active,https://www.newark.com,0,0,,13,True,Active,09-30-2026,Active
787553-01,https://www.digikey.com/en/products/detail/ni/787553-01/18710296,0,113.65182,Active,https://www.newark.com/ni-now-part-of-emerson/787553-01/backshell-conn-set-68-pos/dp/14AJ6425,0,82,DIRECT_SHIP,0,False,Active,09-30-2026,Inactive
784807-01,https://www.digikey.com/en/products/detail/ni/784807-01/18710758,0,1136.25,Active,https://www.newark.com/ni-now-part-of-emerson/784807-01/lfh-connector-to-four-mil-std/dp/71AJ6963,0,1030.2,DIRECT_SHIP,0,False,Active,09-30-2026,Inactive
785817-01,https://www.digikey.com/en/products/detail/ni/785817-01/12817695,1,3681,Active,https://www.newark.com,0,0,,1,True,Active,09-30-2026,Active
787587-01,https://www.digikey.com/en/products/detail/ni/787587-01/15218946,2,57,Active,https://www.newark.com,0,0,,2,True,Active,09-30-2026,Active
193128-02,https://www.digikey.com/en/products/detail/ni/193128-02/16648156,0,128.25,Active,https://www.newark.com/ni-now-part-of-emerson/193128-02/test-cable-assembly-can-lin-cable/dp/13AJ3514,2,116.28,DIRECT_SHIP,2,True,Active,09-30-2026,Active
784184-50,https://www.digikey.com/en/products/detail/ni/784184-50/16647663,0,464.31,Active,https://www.newark.com/ni-now-part-of-emerson/784184-50/test-cable-assembly-sfp-cable/dp/14AJ5897,0,335,DIRECT_SHIP,0,False,Active,09-30-2026,Inactive
783803-01,https://www.digikey.com/en/products/detail/ni/783803-01/18709981,0,331.88,Active,https://www.newark.com/ni-now-part-of-emerson/783803-01/adapter-ni-6739-test-measurement/dp/14AJ5810,0,295,DIRECT_SHIP,0,False,Active,09-30-2026,Inactive
783849-01,https://www.digikey.com/en/products/detail/ni/783849-01/16647789,0,11390.62,Active,https://www.newark.com/ni-now-part-of-emerson/783849-01/controller-compactrio-crio-9036/dp/14AJ5829,0,10327.5,DIRECT_SHIP,0,False,Active,09-30-2026,Inactive
784142-01,https://www.digikey.com/en/products/detail/ni/784142-01/15218995,0,227.30364,Active,https://www.newark.com/ni-now-part-of-emerson/784142-01/adapter-60-v-ni-9987f-front-mount/dp/14AJ5886,0,164,DIRECT_SHIP,0,False,Active,09-30-2026,Inactive
786782-01,https://www.digikey.com/en/products/detail/ni/786782-01/15219076,23,1992.38,Active,https://www.newark.com,0,0,,23,True,Active,09-30-2026,Active
787987-00,https://www.digikey.com/en/products/detail/ni/787987-00/27259228,0,13807.33,Active,https://www.newark.com/ni-now-part-of-emerson/787987-00/pxie-8862-2-6-ghz-8-core-i7-controller/dp/21AM9166,0,9962,DIRECT_SHIP,0,False,Active,09-30-2026,Inactive
782384-01,https://www.digikey.com/en/products/detail/ni/782384-01/16647418,4,16148.25,Active,https://www.newark.com,0,0,,4,True,Active,09-30-2026,Active
783629-01,https://www.digikey.com/en/products/detail/ni/783629-01/16648714,0,572.62,Active,https://www.newark.com/ni-now-part-of-emerson/783629-01/oscilloscope-test-probe-sp500x/dp/14AJ5771,0,509,NO_LONGER_MANUFACTURED,0,False,Active,09-30-2026,Inactive
789004-02,https://www.digikey.com/en/products/detail/ni/789004-02/27259617,0,586.12,Active,https://www.newark.com/ni-now-part-of-emerson/789004-02/test-cable-assembly-2m/dp/87AK1866,0,521,DIRECT_SHIP,0,False,Active,09-30-2026,Inactive
780922-01,https://www.digikey.com/en/products/detail/ni/780922-01/16647913,2,1269,Active,https://www.newark.com,0,0,,2,True,Active,09-30-2026,Active
137833-0150,https://www.digikey.com/en/products/detail/ni/137833-0150/27259355,0,221.76,Active,https://www.newark.com/ni-now-part-of-emerson/137833-0150/test-accessory-sma-plug-plug-0/dp/87AK1812,0,160,DIRECT_SHIP,0,False,Active,09-30-2026,Inactive
781398-01,https://www.digikey.com/en/products/detail/ni/781398-01/15219029,0,3841.88,Active,https://www.newark.com/ni-now-part-of-emerson/781398-01/voltage-i-p-module-c-series-ni/dp/14AJ5310,8,3483.3,DIRECT_SHIP,8,True,Active,09-30-2026,Active
790065-01,https://www.digikey.com/en/products/detail/ni/790065-01/26716949,3,5011.88,Active,https://www.newark.com,0,0,,3,True,Active,09-30-2026,Active
786007-01,https://www.digikey.com/en/products/detail/ni/786007-01/16648028,0,5678.44,Active,https://www.newark.com/ni-now-part-of-emerson/786007-01/rmx-4101-2u-dc-power-supply-1/dp/71AJ6960,0,4097,DIRECT_SHIP,0,False,Active,09-30-2026,Inactive
785599-01,https://www.digikey.com/en/products/detail/ni/785599-01/18710344,0,979.90333,Active,https://www.newark.com/ni-now-part-of-emerson/785599-01/rackmount-kit-apc-srt2200rmxli/dp/14AK5354,0,707,DIRECT_SHIP,0,False,Active,09-30-2026,Inactive
785189-01,https://www.digikey.com/en/products/detail/ni/785189-01/15218851,7,2136.38,Active,https://www.newark.com,0,0,,7,True,Active,09-30-2026,Active
781852-01,https://www.digikey.com/en/products/detail/ni/781852-01/18710250,0,393.75,Active,https://www.newark.com/ni-now-part-of-emerson/781852-01/calibration-accessory-cal-4300b/dp/14AJ5428,0,350,DIRECT_SHIP,0,False,Active,09-30-2026,Inactive
6069-410-030,https://www.digikey.com/en/products/detail/digilent-inc/6069-410-030/16970322,32,459,Active,https://www.newark.com,0,0,,32,True,Active,09-30-2026,Active
788279-01,https://www.digikey.com/en/products/detail/ni/788279-01/18710320,0,1406.79,Active,https://www.newark.com/ni-now-part-of-emerson/788279-01/shdb13w6-db13w6-low-noise-dsub/dp/46AK9921,0,1015,DIRECT_SHIP,0,False,Active,09-30-2026,Inactive
786426-01,https://www.digikey.com/en/products/detail/ni/786426-01/16648426,6,4251.38,Active,https://www.newark.com,0,0,,6,True,Active,09-30-2026,Active
410-435,https://www.digikey.com/en/products/detail/digilent-inc/410-435/26598177,49,2100,Active,https://www.newark.com,0,0,,49,True,Active,09-30-2026,Active
785769-01,https://www.digikey.com/en/products/detail/ni/785769-01/16648644,0,12859.31,Active,https://www.newark.com/ni-now-part-of-emerson/785769-01/pxie-5111-pxi-oscilloscope-350/dp/37AJ7154,0,9278,DIRECT_SHIP,0,False,Active,09-30-2026,Inactive
784305-01,https://www.digikey.com/en/products/detail/ni/784305-01/16648171,1,2673,Active,https://www.newark.com,0,0,,1,True,Active,09-30-2026,Active
180524-04,https://www.digikey.com/en/products/detail/ni/180524-04/16648468,0,80.39,Active,https://www.newark.com/ni-now-part-of-emerson/180524-04/test-cable-assembly-ribbon-cable/dp/13AJ3357,0,58,DIRECT_SHIP,0,False,Active,09-30-2026,Inactive
6069-410-055,https://www.digikey.com/en/products/detail/digilent-inc/6069-410-055/16970335,56,209,Active,https://www.newark.com,0,0,,56,True,Active,09-30-2026,Active
6002-410-037,https://www.digikey.com/en/products/detail/digilent-inc/6002-410-037/26946433,2,2678.06,Active,https://www.newark.com,0,0,,2,True,Active,09-30-2026,Active
781030-02,https://www.digikey.com/en/products/detail/ni/781030-02/15218843,2,1243.12,Active,https://www.newark.com,0,0,,2,True,Active,09-30-2026,Active
784522-35WM,https://www.digikey.com/en/products/detail/ni/784522-35WM/18710386,0,1726.4,Discontinued at DigiKey,https://www.newark.com/ni-now-part-of-emerson/784522-35wm/test-software/dp/97AJ8049,0,1731,STOCKED,0,False,Active,09-30-2026,Inactive
781233-02,https://www.digikey.com/en/products/detail/ni/781233-02/18710754,3,38.25,Active,https://www.newark.com,0,0,,3,True,Active,09-30-2026,Active
778572-71,https://www.digikey.com/en/products/detail/ni/778572-71/16648215,0,5452.52,Active,https://www.newark.com/ni-now-part-of-emerson/778572-71/relay-module-pxi-2571-35mhz-spdt/dp/13AJ3784,2,4012.68,DIRECT_SHIP,2,True,Active,09-30-2026,Active
785584-02,https://www.digikey.com/en/products/detail/ni/785584-02/16648294,1,33341.17,Active,https://www.newark.com,0,0,,1,True,Active,09-30-2026,Active
781473-01,https://www.digikey.com/en/products/detail/ni/781473-01/13922204,10,2169,Active,https://www.newark.com,0,0,,10,True,Active,09-30-2026,Active
777812-01,https://www.digikey.com/en/products/detail/ni/777812-01/16648340,0,646.88,Active,https://www.newark.com/ni-now-part-of-emerson/777812-01/i-o-kit-din-panel-desktop-cb-100/dp/13AJ1675,2,586.5,DIRECT_SHIP,2,True,Active,09-30-2026,Active
148864-02,https://www.digikey.com/en/products/detail/ni/148864-02/16648416,0,94.25,Active,https://www.newark.com/ni-now-part-of-emerson/148864-02/test-cable-assembly-trigger-cable/dp/13AJ3203,0,68,DIRECT_SHIP,0,False,Active,09-30-2026,Inactive
778672-01,https://www.digikey.com/en/products/detail/ni/778672-01/15219035,1,340.88,Active,https://www.newark.com,0,0,,1,True,Active,09-30-2026,Active
142947-02,https://www.digikey.com/en/products/detail/ni/142947-02/16648751,0,569.646,Active,https://www.newark.com/ni-now-part-of-emerson/142947-02/test-cable-assembly-low-leakage/dp/13AJ3177,0,411,DIRECT_SHIP,0,False,Active,09-30-2026,Inactive
783739-01,https://www.digikey.com/en/products/detail/ni/783739-01/15218978,22,1267.88,Active,https://www.newark.com,0,0,,22,True,Active,09-30-2026,Active
787856-01,https://www.digikey.com/en/products/detail/ni/787856-01/18710505,0,6077.61,Active,https://www.newark.com/ni-now-part-of-emerson/787856-01/test-accessory-16-ch-20v/dp/75AJ3258,0,4385,DIRECT_SHIP,0,False,Active,09-30-2026,Inactive
786199-0R61,https://www.digikey.com/en/products/detail/ni/786199-0R61/18710646,0,184.33786,Active,https://www.newark.com/ni-now-part-of-emerson/786199-0r61/rf-cable-mmpx-m-to-sma-m-0-610/dp/47AK3158,0,133,DIRECT_SHIP,0,False,Active,09-30-2026,Inactive
778572-34,https://www.digikey.com/en/products/detail/ni/778572-34/16647773,0,13797.63,Active,https://www.newark.com/ni-now-part-of-emerson/778572-34/matrix-sw-module-pxi-2534-2mhz/dp/13AJ3761,0,9955,DIRECT_SHIP,0,False,Active,09-30-2026,Inactive
784001-35,https://www.digikey.com/en/products/detail/ni/784001-35/27259344,0,25759.56,Active,https://www.newark.com/ni-now-part-of-emerson/784001-35/test-software/dp/15AJ0926,0,20153,STOCKED,0,False,Active,09-30-2026,Inactive
789600-12510,https://www.digikey.com/en/products/detail/ni/789600-12510/27259570,0,126066.4,Active,https://www.newark.com/ni-now-part-of-emerson/789600-12510/vector-sgnl-transceiver-pxie-5842/dp/87AK1887,0,90957,DIRECT_SHIP,0,False,Active,09-30-2026,Inactive
789116-01,https://www.digikey.com/en/products/detail/ni/789116-01/26581963,3,448.88,Active,https://www.newark.com,0,0,,3,True,Active,09-30-2026,Active
787038-03,https://www.digikey.com/en/products/detail/ni/787038-03/16648876,0,155.23,Active,https://www.newark.com/ni-now-part-of-emerson/787038-03/test-cable-assembly-fielddaq-cable/dp/14AJ6375,0,112,DIRECT_SHIP,0,False,Active,09-30-2026,Inactive
789600-12101,https://www.digikey.com/en/products/detail/ni/789600-12101/27259543,0,130977,Active,https://www.newark.com/ni-now-part-of-emerson/789600-12101/vector-sgnl-transceiver-pxie-5842/dp/87AK1880,0,121275,DIRECT_SHIP,0,False,Active,09-30-2026,Inactive
783906-01,https://www.digikey.com/en/products/detail/ni/783906-01/15219007,23,393.75,Active,https://www.newark.com,0,0,,23,True,Active,09-30-2026,Active
194611-01,https://www.digikey.com/en/products/detail/ni/194611-01/15218951,0,31.5,Active,https://www.newark.com/ni-now-part-of-emerson/194611-01/conn-kit-ni-9942-4-position-cdaq/dp/13AJ3524,0,28.56,DIRECT_SHIP,0,False,Active,09-30-2026,Inactive
788509-35WM,https://www.digikey.com/en/products/detail/ni/788509-35WM/18710027,0,4144.81,Discontinued at DigiKey,https://www.newark.com/ni-now-part-of-emerson/788509-35wm/test-software-labview-suite/dp/98AJ1163,0,4155,STOCKED,0,False,Active,09-30-2026,Inactive
785941-01,https://www.digikey.com/en/products/detail/ni/785941-01/16647711,0,62.37,Active,https://www.newark.com/ni-now-part-of-emerson/785941-01/field-serviceable-conn-fielddaq/dp/14AJ6222,0,45,DIRECT_SHIP,0,False,Active,09-30-2026,Inactive
777145-01,https://www.digikey.com/en/products/detail/ni/777145-01/12817818,10,200.25,Active,https://www.newark.com,0,0,,10,True,Active,09-30-2026,Active
781151-35,https://www.digikey.com/en/products/detail/ni/781151-35/27259489,0,1746.02,Active,https://www.newark.com/ni-now-part-of-emerson/781151-35/test-software/dp/14AJ9475,0,1366,STOCKED,0,False,Active,09-30-2026,Inactive
780591-01,https://www.digikey.com/en/products/detail/ni/780591-01/16647269,1,2002.5,Active,https://www.newark.com,0,0,,1,True,Active,09-30-2026,Active
786084-01,https://www.digikey.com/en/products/detail/ni/786084-01/16647351,0,6633.4,Active,https://www.newark.com/ni-now-part-of-emerson/786084-01/emvco-pcd-test-antenna/dp/37AJ7284,0,4786,DIRECT_SHIP,0,False,Active,09-30-2026,Inactive
867119-04,https://www.digikey.com/en/products/detail/ni/867119-04/27259317,0,10593.2,Active,https://www.newark.com,0,0,,0,False,Active,09-30-2026,Inactive
875407-01,https://www.digikey.com,0,0,,https://www.newark.com,0,0,,0,False,Obsolete,09-30-2026,Inactive
780688-01,https://www.digikey.com/en/products/detail/ni/780688-01/16647994,0,4358.97,Active,https://www.newark.com/ni-now-part-of-emerson/780688-01/interface-module-can-pxi-8513/dp/14AJ5149,0,3145,DIRECT_SHIP,0,False,Active,09-30-2026,Inactive
787109-15,https://www.digikey.com/en/products/detail/ni/787109-15/16647788,0,206.51385,Active,https://www.newark.com/ni-now-part-of-emerson/787109-15/test-cable-assembly/dp/14AJ6388,0,149,DIRECT_SHIP,0,False,Active,09-30-2026,Inactive
785637-01,https://www.digikey.com/en/products/detail/ni/785637-01/16647214,0,128.898,Active,https://www.newark.com/ni-now-part-of-emerson/785637-01/mounting-plate-for-universal-semikron/dp/47AK3137,0,93,DIRECT_SHIP,0,False,Active,09-30-2026,Inactive
783066-01,https://www.digikey.com/en/products/detail/ni/783066-01/18710131,0,0,Obsolete,https://www.newark.com/ni-now-part-of-emerson/783066-01/test-psu-desktop-myrio-system/dp/14AJ5655,0,41,NO_LONGER_STOCKED,0,False,Obsolete,09-30-2026,Inactive
779410-01,https://www.digikey.com/en/products/detail/ni/779410-01/16647634,2,537,Active,https://www.newark.com,0,0,,2,True,Active,09-30-2026,Active
784121-01,https://www.digikey.com/en/products/detail/ni/784121-01/13922191,0,4519.75,Active,https://www.newark.com/ni-now-part-of-emerson/784121-01/interface-module-vehicle-multiprotocol/dp/14AJ5878,0,3261,DIRECT_SHIP,0,False,Active,09-30-2026,Inactive
187322-02,https://www.digikey.com/en/products/detail/ni/187322-02/12817697,1,1083.38,Active,https://www.newark.com,0,0,,1,True,Active,09-30-2026,Active
182762-0R5,https://www.digikey.com/en/products/detail/ni/182762-0R5/16648062,6,199.12,Active,https://www.newark.com,0,0,,6,True,Active,09-30-2026,Active
785173-01,https://www.digikey.com/en/products/detail/ni/785173-01/16648397,0,31028.38,Active,https://www.newark.com/ni-now-part-of-emerson/785173-01/test-support-coprocessor-module/dp/14AJ6054,0,22387,DIRECT_SHIP,0,False,Active,09-30-2026,Inactive
784076-01,https://www.digikey.com/en/products/detail/ni/784076-01/16648841,0,327.1,Active,https://www.newark.com/ni-now-part-of-emerson/784076-01/test-cable-assembly-sfp-cable/dp/14AJ5872,0,236,DIRECT_SHIP,0,False,Active,09-30-2026,Inactive
143556-02,https://www.digikey.com/en/products/detail/ni/143556-02/16647599,0,109.49,Active,https://www.newark.com/ni-now-part-of-emerson/143556-02/test-cable-assembly/dp/13AJ3190,0,79,DIRECT_SHIP,0,False,Active,09-30-2026,Inactive
868106-04B,https://www.digikey.com/en/products/detail/ni/868106-04B/27259604,0,86550.16,Active,https://www.newark.com/ni-now-part-of-emerson/868106-04b/test-reference-architecture-static/dp/97AK1636,0,62446,DIRECT_SHIP,0,False,Active,09-30-2026,Inactive
782536-01,https://www.digikey.com/en/products/detail/ni/782536-01/12709344,25,675,Active,https://www.newark.com,0,0,,25,True,Active,09-30-2026,Active
783671-01,https://www.digikey.com/en/products/detail/ni/783671-01/18710358,0,164.25,Active,https://www.newark.com/ni-now-part-of-emerson/783671-01/rack-mount-kit-17-inch-tsm/dp/47AK3102,0,146,DIRECT_SHIP,0,False,Active,09-30-2026,Inactive
788371-35,https://www.digikey.com/en/products/detail/ni/788371-35/18709808,0,3515.05,Active,https://www.newark.com/ni-now-part-of-emerson/788371-35/test-software-labview-professional/dp/95AJ6860,0,2750,STOCKED,0,False,Active,09-30-2026,Inactive
787567-01,https://www.digikey.com/en/products/detail/ni/787567-01/16647887,1,13506.75,Active,https://www.newark.com,0,0,,1,True,Active,09-30-2026,Active
867110-01,https://www.digikey.com/en/products/detail/ni/867110-01/16675066,0,17114.33,Active,https://www.newark.com/ni-now-part-of-emerson/867110-01/source-meter-unit-1ch-pxie-4139/dp/47AK5810,0,12348,DIRECT_SHIP,0,False,Active,09-30-2026,Inactive
6069-410-052,https://www.digikey.com/en/products/detail/digilent-inc/6069-410-052/16740070,12,335,Active,https://www.newark.com,0,0,,12,True,Active,09-30-2026,Active
781329-01,https://www.digikey.com/en/products/detail/ni/781329-01/16648027,0,465.3,Obsolete,https://www.newark.com,0,0,,0,False,Obsolete,09-30-2026,Inactive
182419-10,https://www.digikey.com/en/products/detail/ni/182419-10/18710638,0,744.28,Active,https://www.newark.com/ni-now-part-of-emerson/182419-10/test-cable-assembly-multifunction/dp/13AJ3374,0,537,DIRECT_SHIP,0,False,Active,09-30-2026,Inactive
785321-01,https://www.digikey.com/en/products/detail/ni/785321-01/16648853,0,10604.29,Active,https://www.newark.com/ni-now-part-of-emerson/785321-01/rmc-8356-1u-controller/dp/25AJ3557,0,7651,DIRECT_SHIP,0,False,Active,09-30-2026,Inactive
782953-01,https://www.digikey.com/en/products/detail/ni/782953-01/16648721,4,15357.38,Active,https://www.newark.com,0,0,,4,True,Active,09-30-2026,Active
785646-02,https://www.digikey.com/en/products/detail/ni/785646-02/16647564,0,47607.71,Active,https://www.newark.com,0,0,,0,False,Active,09-30-2026,Inactive
782261-01,https://www.digikey.com/en/products/detail/ni/782261-01/12817652,0,7247.25,Active,https://www.newark.com/ni-now-part-of-emerson/782261-01/multifunction-i-o-device-usb-6356/dp/14AJ5495,0,6570.84,DIRECT_SHIP,0,False,Active,09-30-2026,Inactive
781945-01,https://www.digikey.com/en/products/detail/ni/781945-01/16647900,1,2676.38,Active,https://www.newark.com,0,0,,1,True,Active,09-30-2026,Active
788267-01,https://www.digikey.com/en/products/detail/ni/788267-01/27259266,0,351,Active,https://www.newark.com/ni-now-part-of-emerson/788267-01/ts-15000-testscale-in-fixture/dp/71AK4737,0,325,DIRECT_SHIP,0,False,Active,09-30-2026,Inactive
784762-01,https://www.digikey.com/en/products/detail/ni/784762-01/16648335,0,6521.13,Active,https://www.newark.com/ni-now-part-of-emerson/784762-01/rmx-4121-1u-dc-power-supply-750w/dp/70AJ6060,0,4705,DIRECT_SHIP,0,False,Active,09-30-2026,Inactive
868106-08B,https://www.digikey.com/en/products/detail/ni/868106-08B/27259310,0,201949.9,Active,https://www.newark.com/ni-now-part-of-emerson/868106-08b/test-reference-architecture-static/dp/97AK1644,0,145707,DIRECT_SHIP,0,False,Active,09-30-2026,Inactive
410-319-1,https://www.digikey.com/en/products/detail/digilent-inc/410-319-1/9445912,694,314,Active,https://www.newark.com,0,0,,694,True,Active,09-30-2026,Active
788442-35WP,https://www.digikey.com/en/products/detail/ni/788442-35WP/27259555,0,922.86,Active,https://www.newark.com/ni-now-part-of-emerson/788442-35wp/test-software-physical-delivery/dp/13AM5984,0,722,STOCKED,0,False,Active,09-30-2026,Inactive
787027-01,https://www.digikey.com/en/products/detail/ni/787027-01/18709967,0,3954.26,Active,https://www.newark.com/ni-now-part-of-emerson/787027-01/nfc-forum-reference-listener-1/dp/37AJ7518,0,2853,DIRECT_SHIP,0,False,Active,09-30-2026,Inactive
783597-01,https://www.digikey.com/en/products/detail/ni/783597-01/15218864,0,3946.5,Active,https://www.newark.com/ni-now-part-of-emerson/783597-01/chassis-cdaq-9179-compactdaq-system/dp/13AJ4073,21,3578.16,DIRECT_SHIP,21,True,Active,09-30-2026,Active
785503-02,https://www.digikey.com/en/products/detail/ni/785503-02/13983291,0,3984.75,Active,https://www.newark.com/ni-now-part-of-emerson/785503-02/voltage-o-p-module-c-series-ni/dp/14AJ6095,0,2875,DIRECT_SHIP,0,False,Active,09-30-2026,Inactive
781290-03,https://www.digikey.com/en/products/detail/ni/781290-03/16648589,0,3853.08,Active,https://www.newark.com/ni-now-part-of-emerson/781290-03/digital-i-o-adapter-mod-flexrio/dp/14AJ5280,0,2780,DIRECT_SHIP,0,False,Active,09-30-2026,Inactive
187252-0R25,https://www.digikey.com/en/products/detail/ni/187252-0R25/16648307,0,166.5,Active,https://www.newark.com/ni-now-part-of-emerson/187252-0r25/test-cable-assembly-ribbon-cable/dp/13AJ3450,0,148,DIRECT_SHIP,0,False,Active,09-30-2026,Inactive
777844-35,https://www.digikey.com/en/products/detail/ni/777844-35/27259545,0,6688.82,Active,https://www.newark.com,0,0,,0,False,Active,09-30-2026,Inactive
790758-35,https://www.digikey.com,0,0,,https://www.newark.com,0,0,,0,False,Obsolete,09-30-2026,Inactive
786984-01,https://www.digikey.com/en/products/detail/ni/786984-01/16648748,2,216,Active,https://www.newark.com,0,0,,2,True,Active,09-30-2026,Active
180524-05,https://www.digikey.com/en/products/detail/ni/180524-05/12817876,1,90,Active,https://www.newark.com,0,0,,1,True,Active,09-30-2026,Active
790066-01,https://www.digikey.com/en/products/detail/ni/790066-01/26716948,1,5197.5,Active,https://www.newark.com,0,0,,1,True,Active,09-30-2026,Active
782329-01,https://www.digikey.com/en/products/detail/ni/782329-01/18710254,0,122.62,Active,https://www.newark.com/ni-now-part-of-emerson/782329-01/gras-microdot-cable-for-1-4in/dp/53AJ8458,0,109,DIRECT_SHIP,0,False,Active,09-30-2026,Inactive
788302-30,https://www.digikey.com/en/products/detail/ni/788302-30/27259705,0,5663.2,Active,https://www.newark.com/ni-now-part-of-emerson/788302-30/mxi-express-cable-gen-3-x4-fiber/dp/61AK1096,0,4086,DIRECT_SHIP,0,False,Active,09-30-2026,Inactive
783691-01,https://www.digikey.com/en/products/detail/ni/783691-01/16648816,0,33362.41,Active,https://www.newark.com/ni-now-part-of-emerson/783691-01/pxi-oscilloscope-pxie-5170-100mhz/dp/14AJ5783,0,24071,DIRECT_SHIP,0,False,Active,09-30-2026,Inactive
783967-01,https://www.digikey.com/en/products/detail/ni/783967-01/16648648,0,107821.1,Active,https://www.newark.com/ni-now-part-of-emerson/783967-01/vector-sgnl-transceiver-pxie-5820/dp/13AJ4101,0,77793,DIRECT_SHIP,0,False,Active,09-30-2026,Inactive
781148-35,https://www.digikey.com/en/products/detail/ni/781148-35/27259487,0,1854.67,Active,https://www.newark.com/ni-now-part-of-emerson/781148-35/test-software/dp/14AJ9474,0,1451,STOCKED,0,False,Active,09-30-2026,Inactive
789600-18110,https://www.digikey.com/en/products/detail/ni/789600-18110/27259631,0,150624.36,Active,https://www.newark.com/ni-now-part-of-emerson/789600-18110/vector-sgnl-transceiver-pxie-5842/dp/87AK1890,0,139467,DIRECT_SHIP,0,False,Active,09-30-2026,Inactive
867014-04,https://www.digikey.com/en/products/detail/ni/867014-04/18710129,0,29351.25,Active,https://www.newark.com,0,0,,0,False,Active,09-30-2026,Inactive
410-113,https://www.digikey.com/en/products/detail/digilent-inc/410-113/3902804,119,21,Active,https://www.newark.com,0,0,,119,True,Active,09-30-2026,Active
782573-01,https://www.digikey.com/en/products/detail/ni/782573-01/15218970,1,142.88,Active,https://www.newark.com,0,0,,1,True,Active,09-30-2026,Active
138950-1R6,https://www.digikey.com/en/products/detail/ni/138950-1R6/27259549,0,716.62,Active,https://www.newark.com/ni-now-part-of-emerson/138950-1r6/test-cable-assembly-1-6m/dp/87AK1821,0,637,DIRECT_SHIP,0,False,Active,09-30-2026,Inactive
781719-01,https://www.digikey.com/en/products/detail/ni/781719-01/27259530,0,7114.34,Active,https://www.newark.com,0,0,,0,False,Active,09-30-2026,Inactive
779697-02,https://www.digikey.com/en/products/detail/ni/779697-02/16648098,5,470.25,Active,https://www.newark.com,0,0,,5,True,Active,09-30-2026,Active
196375-01,https://www.digikey.com/en/products/detail/ni/196375-01/15219114,13,20.81,Active,https://www.newark.com,0,0,,13,True,Active,09-30-2026,Active
781153-01,https://www.digikey.com/en/products/detail/ni/781153-01/16648336,0,830.21,Active,https://www.newark.com/ni-now-part-of-emerson/781153-01/front-panel-protector-18-slots/dp/14AJ5240,0,599,DIRECT_SHIP,0,False,Active,09-30-2026,Inactive
786991-01,https://www.digikey.com/en/products/detail/ni/786991-01/16647433,0,11973.38,Active,https://www.newark.com/ni-now-part-of-emerson/786991-01/chassis-pxie-1092-pxi-system-9/dp/14AJ6362,0,10855.86,DIRECT_SHIP,0,False,Active,09-30-2026,Inactive
784005-35WM,https://www.digikey.com/en/products/detail/ni/784005-35WM/27259429,0,0,Discontinued at DigiKey,https://www.newark.com,0,0,,0,False,Active,09-30-2026,Inactive
182846-02,https://www.digikey.com/en/products/detail/ni/182846-02/16648276,0,103.95,Active,https://www.newark.com/ni-now-part-of-emerson/182846-02/test-cable-assembly-serial-cable/dp/13AJ3397,0,75,DIRECT_SHIP,0,False,Active,09-30-2026,Inactive
183285-0R2,https://www.digikey.com/en/products/detail/ni/183285-0R2/16648685,0,188.5,Active,https://www.newark.com/ni-now-part-of-emerson/183285-0r2/test-cable-assembly-gpib-cable/dp/13AJ3406,0,136,DIRECT_SHIP,0,False,Active,09-30-2026,Inactive
786347-01,https://www.digikey.com/en/products/detail/ni/786347-01/18709849,0,65.14,Active,https://www.newark.com/ni-now-part-of-emerson/786347-01/test-cable-assembly-power-cable/dp/14AJ6266,0,47,DIRECT_SHIP,0,False,Active,09-30-2026,Inactive
787002-01,https://www.digikey.com/en/products/detail/ni/787002-01/18710417,0,58.21209,Active,https://www.newark.com/ni-now-part-of-emerson/787002-01/safety-thermostat-spare-for-ate/dp/32AK4728,0,42,DIRECT_SHIP,0,False,Active,09-30-2026,Inactive
781099-01,https://www.digikey.com/en/products/detail/ni/781099-01/15219176,3,2751.75,Active,https://www.newark.com,0,0,,3,True,Active,09-30-2026,Active
410-370,https://www.digikey.com/en/products/detail/digilent-inc/410-370/9445909,352,157,Active,https://www.newark.com,0,0,,352,True,Active,09-30-2026,Active
783861-02,https://www.digikey.com/en/products/detail/ni/783861-02/15218916,8,3281.62,Active,https://www.newark.com,0,0,,8,True,Active,09-30-2026,Active
787004-01,https://www.digikey.com/en/products/detail/ni/787004-01/16648043,0,85.932,Active,https://www.newark.com/ni-now-part-of-emerson/787004-01/tb-ni-9989-3-pos/dp/14AJ6366,0,62,DIRECT_SHIP,0,False,Active,09-30-2026,Inactive
783895-01,https://www.digikey.com/en/products/detail/ni/783895-01/15219066,2,5884.49,Discontinued at DigiKey,https://www.newark.com,0,0,,2,True,Active,09-30-2026,Active
185196-01,https://www.digikey.com/en/products/detail/ni/185196-01/16647318,2,694.39,Active,https://www.newark.com,0,0,,2,True,Active,09-30-2026,Active
788843-01,https://www.digikey.com/en/products/detail/ni/788843-01/27259491,0,102767.74,Active,https://www.newark.com/ni-now-part-of-emerson/788843-01/ni-pxie-5841-standalone-analyzer/dp/82AK3880,0,74147,DIRECT_SHIP,0,False,Active,09-30-2026,Inactive
143556-0R3,https://www.digikey.com/en/products/detail/ni/143556-0R3/16647819,0,66.52789,Active,https://www.newark.com/ni-now-part-of-emerson/143556-0r3/test-cable-assembly/dp/13AJ3188,0,48,DIRECT_SHIP,0,False,Active,09-30-2026,Inactive
783959-01,https://www.digikey.com/en/products/detail/ni/783959-01/18710105,0,1377.68,Active,https://www.newark.com/ni-now-part-of-emerson/783959-01/aux-i-o-conn-block-noise-rejecting/dp/14AJ5858,0,994,DIRECT_SHIP,0,False,Active,09-30-2026,Inactive
784122-01,https://www.digikey.com/en/products/detail/ni/784122-01/16647763,1,4123.12,Active,https://www.newark.com,0,0,,1,True,Active,09-30-2026,Active
782781-01,https://www.digikey.com/en/products/detail/ni/782781-01/18710727,1,281.25,Active,https://www.newark.com,0,0,,1,True,Active,09-30-2026,Active
787135-01,https://www.digikey.com/en/products/detail/ni/787135-01/15218849,0,67.91,Active,https://www.newark.com/ni-now-part-of-emerson/787135-01/additional-panel-mnt-nesting-brackets/dp/14AJ6390,0,49,DIRECT_SHIP,0,False,Active,09-30-2026,Inactive
785726-01,https://www.digikey.com/en/products/detail/ni/785726-01/16648512,2,2015,Active,https://www.newark.com,0,0,,2,True,Active,09-30-2026,Active
782621-03,https://www.digikey.com/en/products/detail/ni/782621-03/16647401,0,42877.3,Active,https://www.newark.com/ni-emerson/782621-03/pxie-5160-pxi-oscilloscope-500/dp/27AJ2448,0,30936,DIRECT_SHIP,0,False,Active,09-30-2026,Inactive
785608-02,https://www.digikey.com/en/products/detail/ni/785608-02/16648113,4,148.5,Active,https://www.newark.com,0,0,,4,True,Active,09-30-2026,Active
6069-410-071,https://www.digikey.com/en/products/detail/digilent-inc/6069-410-071/23334389,3,609,Active,https://www.newark.com,0,0,,3,True,Active,09-30-2026,Active
779445-01,https://www.digikey.com/en/products/detail/ni/779445-01/18710010,0,65.25,Active,https://www.newark.com/ni-now-part-of-emerson/779445-01/safety-kit-37-pin-high-voltage/dp/14AJ4874,0,58,DIRECT_SHIP,0,False,Active,09-30-2026,Inactive
778572-20,https://www.digikey.com/en/products/detail/ni/778572-20/16647893,2,4818.38,Active,https://www.newark.com,0,0,,2,True,Active,09-30-2026,Active
6069-410-251,https://www.digikey.com/en/products/detail/digilent-inc/6069-410-251/23334406,0,12179.48,Active,https://www.newark.com,0,0,,0,False,Active,09-30-2026,Inactive
782357-01,https://www.digikey.com/en/products/detail/ni/782357-01/16647586,4,13340.25,Active,https://www.newark.com,0,0,,4,True,Active,09-30-2026,Active
157232-02,https://www.digikey.com/en/products/detail/ni/157232-02/15219158,1,59.62,Active,https://www.newark.com,0,0,,1,True,Active,09-30-2026,Active
785815-01,https://www.digikey.com/en/products/detail/ni/785815-01/12817662,2,3948.75,Active,https://www.newark.com,0,0,,2,True,Active,09-30-2026,Active
788394-35WM,https://www.digikey.com/en/products/detail/ni/788394-35WM/18710629,0,649.48,Discontinued at DigiKey,https://www.newark.com/ni-now-part-of-emerson/788394-35wm/test-software-switch-executive/dp/95AJ6885,0,658,STOCKED,0,False,Active,09-30-2026,Inactive
779313-01,https://www.digikey.com/en/products/detail/ni/779313-01/16647648,1,1590.75,Active,https://www.newark.com,0,0,,1,True,Active,09-30-2026,Active
875424-01,https://www.digikey.com,0,0,,https://www.newark.com,0,0,,0,False,Obsolete,09-30-2026,Inactive
783740-01,https://www.digikey.com/en/products/detail/ni/783740-01/15219019,9,1067.62,Active,https://www.newark.com,0,0,,9,True,Active,09-30-2026,Active
777600-01,https://www.digikey.com/en/products/detail/ni/777600-01/18710547,12,104.62,Active,https://www.newark.com,0,0,,12,True,Active,09-30-2026,Active
779026-01,https://www.digikey.com/en/products/detail/ni/779026-01/12709342,18,848.25,Active,https://www.newark.com,0,0,,18,True,Active,09-30-2026,Active
785188-01,https://www.digikey.com/en/products/detail/ni/785188-01/15219193,6,3769.88,Active,https://www.newark.com,0,0,,6,True,Active,09-30-2026,Active
781659-04,https://www.digikey.com/en/products/detail/ni/781659-04/16647436,0,19567.55,Active,https://www.newark.com/ni-now-part-of-emerson/781659-04/flexrio-digitizer-adapter-module/dp/14AJ5384,0,14118,DIRECT_SHIP,0,False,Active,09-30-2026,Inactive
783703-03,https://www.digikey.com/en/products/detail/ni/783703-03/16647284,0,1857.24,Active,https://www.newark.com/ni-now-part-of-emerson/783703-03/interface-module-vehicle-multiprotocol/dp/14AJ5790,0,1340,DIRECT_SHIP,0,False,Active,09-30-2026,Inactive
185095-01,https://www.digikey.com/en/products/detail/ni/185095-01/16647997,40,393.75,Active,https://www.newark.com,0,0,,40,True,Active,09-30-2026,Active
778476-14,https://www.digikey.com/en/products/detail/ni/778476-14/12817763,2,1534.5,Active,https://www.newark.com,0,0,,2,True,Active,09-30-2026,Active
6069-410-154,https://www.digikey.com/en/products/detail/digilent-inc/6069-410-154/23334380,1,2540.01,Active,https://www.newark.com,0,0,,1,True,Active,09-30-2026,Active
779351-01,https://www.digikey.com/en/products/detail/ni/779351-01/13983274,23,688.5,Active,https://www.newark.com,0,0,,23,True,Active,09-30-2026,Active
785631-01,https://www.digikey.com/en/products/detail/ni/785631-01/16647300,0,41.58,Active,https://www.newark.com/ni-now-part-of-emerson/785631-01/grounding-cable-1m/dp/14AK5357,0,30,DIRECT_SHIP,0,False,Active,09-30-2026,Inactive
785116-01,https://www.digikey.com/en/products/detail/ni/785116-01/16648509,0,19390.14,Active,https://www.newark.com/ni-now-part-of-emerson/785116-01/waveform-gen-pxie-5423-40mhz-16/dp/14AJ6047,0,13990,DIRECT_SHIP,0,False,Active,09-30-2026,Inactive
183285-02,https://www.digikey.com/en/products/detail/ni/183285-02/16648614,46,277.88,Active,https://www.newark.com,0,0,,46,True,Active,09-30-2026,Active
786011-01,https://www.digikey.com/en/products/detail/ni/786011-01/16648489,0,6645.87,Active,https://www.newark.com/ni-now-part-of-emerson/786011-01/rmx-4102-2u-dc-power-supply-1/dp/82AJ0171,0,4795,DIRECT_SHIP,0,False,Active,09-30-2026,Inactive
777101-01,https://www.digikey.com/en/products/detail/ni/777101-01/12817671,11,200.25,Active,https://www.newark.com,0,0,,11,True,Active,09-30-2026,Active
785585-02,https://www.digikey.com/en/products/detail/ni/785585-02/16648242,0,50830.16,Active,https://www.newark.com/ni-now-part-of-emerson/785585-02/pxie-5785-flexrio-if-transceiver/dp/47AK3133,0,36674,DIRECT_SHIP,0,False,Active,09-30-2026,Inactive
789602-18411,https://www.digikey.com/en/products/detail/ni/789602-18411/27259485,0,264335.4,Active,https://www.newark.com/ni-now-part-of-emerson/789602-18411/pxie-5842-vst-4ghz-analysis-generation/dp/47AM1449,0,244755,DIRECT_SHIP,0,False,Active,09-30-2026,Inactive
781256-01,https://www.digikey.com/en/products/detail/ni/781256-01/18710427,0,913.5,Active,https://www.newark.com/ni-now-part-of-emerson/781256-01/test-cable-assembly-switch-cable/dp/14AJ5266,0,812,DIRECT_SHIP,0,False,Active,09-30-2026,Inactive
784136-01,https://www.digikey.com/en/products/detail/ni/784136-01/15218878,0,29.11,Active,https://www.newark.com/ni-now-part-of-emerson/784136-01/split-core-c-series-module-ferrite/dp/14AJ5880,0,21,DIRECT_SHIP,0,False,Active,09-30-2026,Inactive
782602-01,https://www.digikey.com/en/products/detail/ni/782602-01/12817647,104,316.12,Active,https://www.newark.com,0,0,,104,True,Active,09-30-2026,Active
778572-46,https://www.digikey.com/en/products/detail/ni/778572-46/16647671,0,7905.74,Active,https://www.newark.com/ni-emerson/778572-46/mux-sw-module-pxi-2546-2-7ghz/dp/13AJ3770,0,5704,DIRECT_SHIP,0,False,Active,09-30-2026,Inactive
783567-01,https://www.digikey.com/en/products/detail/ni/783567-01/16648844,0,108.11,Active,https://www.newark.com/ni-now-part-of-emerson/783567-01/probe-set-right-angle-red-black/dp/14AJ5758,0,78,DIRECT_SHIP,0,False,Active,09-30-2026,Inactive
781103-01,https://www.digikey.com/en/products/detail/ni/781103-01/13983323,1,12393,Active,https://www.newark.com,0,0,,1,True,Active,09-30-2026,Active
781989-01,https://www.digikey.com/en/products/detail/ni/781989-01/15219179,1,1158.75,Active,https://www.newark.com,0,0,,1,True,Active,09-30-2026,Active
6069-410-192,https://www.digikey.com/en/products/detail/digilent-inc/6069-410-192/23334424,3,689,Active,https://www.newark.com,0,0,,3,True,Active,09-30-2026,Active
781054-01,https://www.digikey.com/en/products/detail/ni/781054-01/16647286,0,15576.75,Active,https://www.newark.com/ni-now-part-of-emerson/781054-01/multifunction-i-o-module-pxie/dp/14AJ5210,0,14122.92,DIRECT_SHIP,0,False,Active,09-30-2026,Inactive
780587-42,https://www.digikey.com/en/products/detail/ni/780587-42/16648496,0,11976.43,Active,https://www.newark.com/ni-now-part-of-emerson/780587-42/relay-module-pxie-2542-6-6ghz/dp/14AJ5129,0,8641,DIRECT_SHIP,0,False,Active,09-30-2026,Inactive
786979-01,https://www.digikey.com/en/products/detail/ni/786979-01/18709745,6,393.75,Active,https://www.newark.com,0,0,,6,True,Active,09-30-2026,Active
786427-01,https://www.digikey.com/en/products/detail/ni/786427-01/16648344,1,6373.12,Active,https://www.newark.com,0,0,,1,True,Active,09-30-2026,Active
789600-26201,https://www.digikey.com/en/products/detail/ni/789600-26201/27259229,0,277344.14,Active,https://www.newark.com/ni-now-part-of-emerson/789600-26201/vector-sgnl-transceiver-pxie-5842/dp/87AK1901,0,200104,DIRECT_SHIP,0,False,Active,09-30-2026,Inactive
783863-03,https://www.digikey.com/en/products/detail/ni/783863-03/18710007,0,2237.62,Active,https://www.newark.com/ni-now-part-of-emerson/783863-03/rtd-analog-i-p-module-ni-9216/dp/14AJ5835,0,1989,DIRECT_SHIP,0,False,Active,09-30-2026,Inactive
779334-01,https://www.digikey.com/en/products/detail/ni/779334-01/15219079,3,963,Active,https://www.newark.com,0,0,,3,True,Active,09-30-2026,Active
780874-01,https://www.digikey.com/en/products/detail/ni/780874-01/16648399,0,3986.14,Active,https://www.newark.com/ni-now-part-of-emerson/780874-01/voltage-i-p-module-c-series-sbrio/dp/14AJ5157,0,2876,DIRECT_SHIP,0,False,Active,09-30-2026,Inactive
867114-01,https://www.digikey.com/en/products/detail/ni/867114-01/16916071,0,5572.12,Active,https://www.newark.com,0,0,,0,False,Active,09-30-2026,Inactive
779105-01,https://www.digikey.com/en/products/detail/ni/779105-01/15218853,45,14.74,Active,https://www.newark.com,0,0,,45,True,Active,09-30-2026,Active
777488-01,https://www.digikey.com/en/products/detail/ni/777488-01/16648017,0,345.11375,Active,https://www.newark.com/ni-now-part-of-emerson/777488-01/current-shunt-200ma/dp/13AJ3681,0,249,DIRECT_SHIP,0,False,Active,09-30-2026,Inactive
788398-35WM,https://www.digikey.com/en/products/detail/ni/788398-35WM/18710364,0,1593.6,Discontinued at DigiKey,https://www.newark.com/ni-now-part-of-emerson/788398-35wm/test-software-multisim-full-edition/dp/95AJ6890,0,1613,STOCKED,0,False,Active,09-30-2026,Inactive
788176-02,https://www.digikey.com/en/products/detail/ni/788176-02/27259667,0,6403.32,Active,https://www.newark.com/ni-now-part-of-emerson/788176-02/test-accessory-20v-25a-300w/dp/87AK1832,0,4620,DIRECT_SHIP,0,False,Active,09-30-2026,Inactive
192795-0R2,https://www.digikey.com/en/products/detail/ni/192795-0R2/18709899,3,203.62,Active,https://www.newark.com,0,0,,3,True,Active,09-30-2026,Active
789884-01,https://www.digikey.com/en/products/detail/ni/789884-01/24398482,8,3936.38,Active,https://www.newark.com,0,0,,8,True,Active,09-30-2026,Active
788421-35,https://www.digikey.com/en/products/detail/ni/788421-35/18710063,0,1106.92,Active,https://www.newark.com/ni-now-part-of-emerson/788421-35/test-software/dp/95AJ6904,0,866,STOCKED,0,False,Active,09-30-2026,Inactive
786091-01,https://www.digikey.com/en/products/detail/ni/786091-01/16648628,1,642,Active,https://www.newark.com,0,0,,1,True,Active,09-30-2026,Active
789600-26410,https://www.digikey.com/en/products/detail/ni/789600-26410/27259239,0,323186.09,Active,https://www.newark.com/ni-now-part-of-emerson/789600-26410/pxie-5842-vst-4ghz-analysis/dp/47AM1445,0,233179,DIRECT_SHIP,0,False,Active,09-30-2026,Inactive
779499-01,https://www.digikey.com/en/products/detail/ni/779499-01/16648620,0,586.28,Active,https://www.newark.com/ni-now-part-of-emerson/779499-01/connectivity-kit-low-leakage/dp/14AJ4882,0,423,DIRECT_SHIP,0,False,Active,09-30-2026,Inactive
199198-01,https://www.digikey.com/en/products/detail/ni/199198-01/16647981,54,174.38,Active,https://www.newark.com,0,0,,54,True,Active,09-30-2026,Active
779491-01,https://www.digikey.com/en/products/detail/ni/779491-01/12817761,30,416.25,Active,https://www.newark.com,0,0,,30,True,Active,09-30-2026,Active
780587-44,https://www.digikey.com/en/products/detail/ni/780587-44/16648459,0,11976.43,Active,https://www.newark.com/ni-now-part-of-emerson/780587-44/mux-sw-module-pxie-2544-6-6ghz/dp/14AJ5131,0,8641,DIRECT_SHIP,0,False,Active,09-30-2026,Inactive
6069-410-137,https://www.digikey.com/en/products/detail/digilent-inc/6069-410-137/16970332,24,845,Active,https://www.newark.com,0,0,,24,True,Active,09-30-2026,Active
778971-01,https://www.digikey.com/en/products/detail/ni/778971-01/16648364,1,1382.62,Active,https://www.newark.com,0,0,,1,True,Active,09-30-2026,Active
786405-11,https://www.digikey.com/en/products/detail/ni/786405-11/16647828,0,29099.07,Active,https://www.newark.com/ni-now-part-of-emerson/786405-11/pxie-5113-pxi-oscilloscope-with/dp/37AJ7403,0,20995,DIRECT_SHIP,0,False,Active,09-30-2026,Inactive
783525-02,https://www.digikey.com/en/products/detail/ni/783525-02/16818599,8,2038.5,Active,https://www.newark.com,0,0,,8,True,Active,09-30-2026,Active
785622-02,https://www.digikey.com/en/products/detail/ni/785622-02/16648284,3,11775.38,Active,https://www.newark.com,0,0,,3,True,Active,09-30-2026,Active
867114-03,https://www.digikey.com/en/products/detail/ni/867114-03/16916079,0,5572.12,Active,https://www.newark.com/ni-now-part-of-emerson/867114-03/bench-digital-multimeter-6-5-digits/dp/87AK1922,0,4953,DIRECT_SHIP,0,False,Active,09-30-2026,Inactive
783870-01,https://www.digikey.com/en/products/detail/ni/783870-01/18709722,5,795.38,Active,https://www.newark.com,0,0,,5,True,Active,09-30-2026,Active
778686-01,https://www.digikey.com/en/products/detail/ni/778686-01/12817791,1,1931.62,Active,https://www.newark.com,0,0,,1,True,Active,09-30-2026,Active
784280-01,https://www.digikey.com/en/products/detail/ni/784280-01/16818582,1,1055.25,Active,https://www.newark.com,0,0,,1,True,Active,09-30-2026,Active
785597-01,https://www.digikey.com/en/products/detail/ni/785597-01/16648068,0,41187.76,Active,https://www.newark.com/ni-now-part-of-emerson/785597-01/sgnl-gen-flexrio-pxie-5745-2ch/dp/14AJ6108,0,29717,DIRECT_SHIP,0,False,Active,09-30-2026,Inactive
787422-01,https://www.digikey.com/en/products/detail/ni/787422-01/18709851,0,187.11,Active,https://www.newark.com/ni-now-part-of-emerson/787422-01/chassis-side-handlefeet-kit/dp/14AJ6417,0,135,DIRECT_SHIP,0,False,Active,09-30-2026,Inactive
780063-01,https://www.digikey.com/en/products/detail/ni/780063-01/16648486,0,8752.59,Active,https://www.newark.com/ni-now-part-of-emerson/780063-01/test-support-synchronization-module/dp/13AJ3912,0,6315,DIRECT_SHIP,0,False,Active,09-30-2026,Inactive
785652-01,https://www.digikey.com/en/products/detail/ni/785652-01/16648677,0,935.55,Active,https://www.newark.com/ni-now-part-of-emerson/785652-01/ram-memory-module-16-gb-2-133/dp/14AJ6136,0,675,DIRECT_SHIP,0,False,Active,09-30-2026,Inactive
194882-01,https://www.digikey.com/en/products/detail/ni/194882-01/15219020,0,19.8198,Active,https://www.newark.com/ni-now-part-of-emerson/194882-01/test-support-c-series-module-shell/dp/14AJ7135,0,1430,DIRECT_SHIP,0,False,Active,09-30-2026,Inactive
745689-K030,https://www.digikey.com/en/products/detail/ni/745689-K030/16648291,0,250.87,Active,https://www.newark.com/ni-now-part-of-emerson/745689-k030/k-type-thermocouple-ext-wire-20/dp/47AK3069,0,181,DIRECT_SHIP,0,False,Active,09-30-2026,Inactive
788722-01,https://www.digikey.com/en/products/detail/ni/788722-01/18710091,0,145.53,Active,https://www.newark.com/ni-now-part-of-emerson/788722-01/power-supply-desktop-12-v-7-a/dp/65AK5843,0,105,DIRECT_SHIP,0,False,Active,09-30-2026,Inactive
779600-01,https://www.digikey.com/en/products/detail/ni/779600-01/15218922,36,838.12,Active,https://www.newark.com,0,0,,36,True,Active,09-30-2026,Active
785525-01,https://www.digikey.com/en/products/detail/ni/785525-01/15219116,0,84.55,Active,https://www.newark.com/ni-now-part-of-emerson/785525-01/strain-reliefprotection-with-connec/dp/22AJ2294,0,61,DIRECT_SHIP,0,False,Active,09-30-2026,Inactive
784138-01,https://www.digikey.com/en/products/detail/ni/784138-01/15219004,0,227.30364,Active,https://www.newark.com/ni-now-part-of-emerson/784138-01/current-shunt-adapter-ni-9983/dp/14AJ5882,0,164,DIRECT_SHIP,0,False,Active,09-30-2026,Inactive
781974-01,https://www.digikey.com/en/products/detail/ni/781974-01/18710434,0,162,Active,https://www.newark.com/ni-now-part-of-emerson/781974-01/screw-terminal-conn-kit-pxie-414x/dp/14AJ5440,0,144,DIRECT_SHIP,0,False,Active,09-30-2026,Inactive
782385-05,https://www.digikey.com/en/products/detail/ni/782385-05/18710626,2,913.5,Active,https://www.newark.com,0,0,,2,True,Active,09-30-2026,Active
777781-25,https://www.digikey.com/en/products/detail/ni/777781-25/16647389,0,1108.8,Active,https://www.newark.com/ni-now-part-of-emerson/777781-25/test-cable-assembly-gpib-cable/dp/14AJ7305,0,800,DIRECT_SHIP,0,False,Active,09-30-2026,Inactive
778649-35,https://www.digikey.com/en/products/detail/ni/778649-35/27259639,0,5281.52,Active,https://www.newark.com/ni-now-part-of-emerson/778649-35/test-software/dp/15AJ5407,0,4132,STOCKED,0,False,Active,09-30-2026,Inactive
778546-35WM,https://www.digikey.com/en/products/detail/ni/778546-35WM/27259490,0,0,Discontinued at DigiKey,https://www.newark.com/ni-now-part-of-emerson/778546-35wm/test-software-switch-executive/dp/14AJ7429,0,2301,STOCKED,0,False,Active,09-30-2026,Inactive
776671-35,https://www.digikey.com/en/products/detail/ni/776671-35/15668142,0,1320,Obsolete,https://www.newark.com/ni-now-part-of-emerson/776671-35/test-software-labview-base-edition/dp/15AJ5391,0,1959,STOCKED,0,False,Active,09-30-2026,Inactive
868106-06B,https://www.digikey.com/en/products/detail/ni/868106-06B/27259379,0,113535.58,Active,https://www.newark.com/ni-now-part-of-emerson/868106-06b/test-reference-architecture-static/dp/97AK1640,0,81916,DIRECT_SHIP,0,False,Active,09-30-2026,Inactive
782630-01,https://www.digikey.com/en/products/detail/ni/782630-01/16647618,2,5995.12,Active,https://www.newark.com,0,0,,2,True,Active,09-30-2026,Active
867114-04,https://www.digikey.com/en/products/detail/ni/867114-04/18709796,0,6864.86,Active,https://www.newark.com,0,0,,0,False,Active,09-30-2026,Inactive
789600-08101,https://www.digikey.com/en/products/detail/ni/789600-08101/27259550,0,150017.87,Active,https://www.newark.com/ni-now-part-of-emerson/789600-08101/vector-sgnl-transceiver-pxie-5842/dp/87AK1871,0,108238,DIRECT_SHIP,0,False,Active,09-30-2026,Inactive
781820-04,https://www.digikey.com/en/products/detail/ni/781820-04/16647456,0,4231.46,Active,https://www.newark.com/ni-now-part-of-emerson/781820-04/test-support-bus-extension-module/dp/14AJ5425,0,3053,DIRECT_SHIP,0,False,Active,09-30-2026,Inactive
780687-02,https://www.digikey.com/en/products/detail/ni/780687-02/16648464,4,4065.75,Active,https://www.newark.com,0,0,,4,True,Active,09-30-2026,Active
192681-1R5,https://www.digikey.com/en/products/detail/ni/192681-1R5/16648197,0,1587.38,Active,https://www.newark.com/ni-now-part-of-emerson/192681-1r5/test-cable-assembly-digital-cable/dp/13AJ3510,0,1411,DIRECT_SHIP,0,False,Active,09-30-2026,Inactive
788397-35WM,https://www.digikey.com/en/products/detail/ni/788397-35WM/18709992,0,911.96,Discontinued at DigiKey,https://www.newark.com/ni-now-part-of-emerson/788397-35wm/test-software-multisim-base-edition/dp/95AJ6888,0,923,STOCKED,0,False,Active,09-30-2026,Inactive
780179-01,https://www.digikey.com/en/products/detail/ni/780179-01/15218990,0,1312.88,Active,https://www.newark.com/ni-now-part-of-emerson/780179-01/digital-module-c-series-ni-9403/dp/13AJ3922,9,1190.34,DIRECT_SHIP,9,True,Active,09-30-2026,Active
134730-01,https://www.digikey.com/en/products/detail/ni/134730-01/18709905,0,386.69429,Active,https://www.newark.com/ni-now-part-of-emerson/134730-01/test-cable-assembly/dp/26AK5427,0,279,DIRECT_SHIP,0,False,Active,09-30-2026,Inactive
783762-01,https://www.digikey.com/en/products/detail/ni/783762-01/16647764,0,14439.38,Active,https://www.newark.com/ni-now-part-of-emerson/783762-01/source-measure-unit-smu-1ch-4/dp/14AJ5801,0,12835,DIRECT_SHIP,0,False,Active,09-30-2026,Inactive
784096-01,https://www.digikey.com/en/products/detail/ni/784096-01/16647193,0,23661.79,Active,https://www.newark.com/ni-now-part-of-emerson/784096-01/ni-pxie-5698-26-5-ghz-preamplifier/dp/37AJ6819,0,17072,DIRECT_SHIP,0,False,Active,09-30-2026,Inactive
781092-02,https://www.digikey.com,0,0,,https://www.newark.com/ni-now-part-of-emerson/781092-02/test-cable-assembly-switch-cable/dp/14AJ5222,0,943,DIRECT_SHIP,0,False,Active,09-30-2026,Inactive
785855-01,https://www.digikey.com/en/products/detail/ni/785855-01/16648047,0,41456.65,Active,https://www.newark.com/ni-now-part-of-emerson/785855-01/astronics-pxie-6943-50mhz-digital/dp/04AK4617,0,29911,DIRECT_SHIP,0,False,Active,09-30-2026,Inactive
867125-02,https://www.digikey.com/en/products/detail/ni/867125-02/16916054,0,16972.88,Active,https://www.newark.com,0,0,,0,False,Active,09-30-2026,Inactive
779372-01,https://www.digikey.com/en/products/detail/ni/779372-01/15218957,13,977.62,Active,https://www.newark.com,0,0,,13,True,Active,09-30-2026,Active
786364-01,https://www.digikey.com/en/products/detail/ni/786364-01/16648820,0,6557.17,Active,https://www.newark.com/ni-now-part-of-emerson/786364-01/starter-kit-2-slot-mechanical/dp/14AJ6273,0,4731,DIRECT_SHIP,0,False,Active,09-30-2026,Inactive
150275-0R5,https://www.digikey.com/en/products/detail/ni/150275-0R5/18710601,0,943.87,Active,https://www.newark.com/ni-now-part-of-emerson/150275-0r5/test-cable-assembly-switch-cable/dp/13AJ3208,0,681,DIRECT_SHIP,0,False,Active,09-30-2026,Inactive
783126-02,https://www.digikey.com/en/products/detail/ni/783126-02/16647249,0,51733.84,Active,https://www.newark.com,0,0,,0,False,Active,09-30-2026,Inactive
784686-01,https://www.digikey.com/en/products/detail/ni/784686-01/16648605,3,30.38,Active,https://www.newark.com,0,0,,3,True,Active,09-30-2026,Active
785523-01,https://www.digikey.com/en/products/detail/ni/785523-01/16647452,0,137.21,Active,https://www.newark.com/ni-now-part-of-emerson/785523-01/spare-cable-manager-24u-qty-1/dp/75AJ3205,0,99,DIRECT_SHIP,0,False,Active,09-30-2026,Inactive
868106-05B,https://www.digikey.com/en/products/detail/ni/868106-05B/27259616,0,86550.16,Active,https://www.newark.com/ni-now-part-of-emerson/868106-05b/test-reference-architecture-static/dp/97AK1638,0,62446,DIRECT_SHIP,0,False,Active,09-30-2026,Inactive
785118-01,https://www.digikey.com/en/products/detail/ni/785118-01/16647622,1,27522,Active,https://www.newark.com,0,0,,1,True,Active,09-30-2026,Active
867015-04,https://www.digikey.com/en/products/detail/ni/867015-04/18710520,0,62189.82,Active,https://www.newark.com,0,0,,0,False,Active,09-30-2026,Inactive
786009-01,https://www.digikey.com/en/products/detail/ni/786009-01/16647810,0,5408.17,Active,https://www.newark.com/ni-now-part-of-emerson/786009-01/rmx-4101-2u-dc-power-supply-1/dp/33AK2870,0,3902,DIRECT_SHIP,0,False,Active,09-30-2026,Inactive
787246-01,https://www.digikey.com/en/products/detail/ni/787246-01/18710057,0,292.44556,Active,https://www.newark.com/ni-now-part-of-emerson/787246-01/replacement-removable-hard-drive/dp/15AJ5795,0,211,DIRECT_SHIP,0,False,Active,09-30-2026,Inactive
132508-08,https://www.digikey.com/en/products/detail/ni/132508-08/18710753,0,5045.04,Active,https://www.newark.com/ni-now-part-of-emerson/132508-08/ecuts-b8-8-multifunction-cable/dp/32AK4703,0,3640,DIRECT_SHIP,0,False,Active,09-30-2026,Inactive
789602-12401,https://www.digikey.com/en/products/detail/ni/789602-12401/27259222,0,264355.94,Active,https://www.newark.com/ni-now-part-of-emerson/789602-12401/pxie-5842-vst-4ghz-generation/dp/47AM1446,0,190733,DIRECT_SHIP,0,False,Active,09-30-2026,Inactive
788308-0R5,https://www.digikey.com/en/products/detail/ni/788308-0R5/27259656,0,27,Active,https://www.newark.com/ni-now-part-of-emerson/788308-0r5/test-cable-assembly-19-69-length/dp/87AK1838,0,25,DIRECT_SHIP,0,False,Active,09-30-2026,Inactive
776784-01,https://www.digikey.com/en/products/detail/ni/776784-01/18709979,0,414.41,Active,https://www.newark.com/ni-now-part-of-emerson/776784-01/test-cable-assembly-multifunction/dp/13AJ3650,0,299,DIRECT_SHIP,0,False,Active,09-30-2026,Inactive
783737-01,https://www.digikey.com/en/products/detail/ni/783737-01/15218890,0,809.425,Last Time Buy,https://www.newark.com/ni-now-part-of-emerson/783737-01/digital-i-p-module-c-series-ni/dp/14AJ5796,0,584,DIRECT_SHIP,0,False,Active,09-30-2026,Inactive
788402-35,https://www.digikey.com/en/products/detail/ni/788402-35/18710458,0,1509.55,Active,https://www.newark.com/ni-now-part-of-emerson/788402-35/test-software/dp/95AJ6894,0,1181,STOCKED,0,False,Active,09-30-2026,Inactive
789602-26411,https://www.digikey.com/en/products/detail/ni/789602-26411/27259199,0,372847.86,Active,https://www.newark.com/ni-now-part-of-emerson/789602-26411/pxie-5842-vst-4ghz-analysis-generation/dp/47AM1451,0,269010,DIRECT_SHIP,0,False,Active,09-30-2026,Inactive
867126-02,https://www.digikey.com/en/products/detail/ni/867126-02/16916073,0,14304.38,Active,https://www.newark.com,0,0,,0,False,Active,09-30-2026,Inactive
784788-01,https://www.digikey.com/en/products/detail/ni/784788-01/15219142,23,765,Active,https://www.newark.com,0,0,,23,True,Active,09-30-2026,Active
190668-03,https://www.digikey.com/en/products/detail/ni/190668-03/18710293,3,853.88,Active,https://www.newark.com,0,0,,3,True,Active,09-30-2026,Active
140303-0R2,https://www.digikey.com/en/products/detail/ni/140303-0R2/18709818,0,485.1,Active,https://www.newark.com/ni-now-part-of-emerson/140303-0r2/test-cable-assembly-infiniband/dp/13AJ3170,0,350,DIRECT_SHIP,0,False,Active,09-30-2026,Inactive
140150-2R4,https://www.digikey.com/en/products/detail/ni/140150-2R4/18710580,0,188.5,Active,https://www.newark.com/ni-now-part-of-emerson/140150-2r4/test-cable-assembly-microphone/dp/13AJ3162,0,136,DIRECT_SHIP,0,False,Active,09-30-2026,Inactive
780308-01,https://www.digikey.com/en/products/detail/ni/780308-01/18710741,0,163.54813,Active,https://www.newark.com/ni-now-part-of-emerson/780308-01/test-psu-cable/dp/13AJ1690,0,118,DIRECT_SHIP,0,False,Active,09-30-2026,Inactive
782726-01,https://www.digikey.com/en/products/detail/ni/782726-01/18710437,0,1386,Active,https://www.newark.com/ni-now-part-of-emerson/782726-01/test-support-c-series-module-shell/dp/14AJ5603,0,1232,DIRECT_SHIP,0,False,Active,09-30-2026,Inactive
780587-47,https://www.digikey.com/en/products/detail/ni/780587-47/16648153,2,6841.12,Active,https://www.newark.com,0,0,,2,True,Active,09-30-2026,Active
788448-35,https://www.digikey.com/en/products/detail/ni/788448-35/18710610,0,1485.27,Active,https://www.newark.com/ni-now-part-of-emerson/788448-35/test-software/dp/95AJ6936,0,1162,STOCKED,0,False,Active,09-30-2026,Inactive
6069-410-241,https://www.digikey.com/en/products/detail/digilent-inc/6069-410-241/23334393,0,12179.48,Active,https://www.newark.com,0,0,,0,False,Active,09-30-2026,Inactive
410-417,https://www.digikey.com/en/products/detail/digilent-inc/410-417/22258469,42,749,Active,https://www.newark.com,0,0,,42,True,Active,09-30-2026,Active
790661-01,https://www.digikey.com/en/products/detail/ni/790661-01/28173886,0,0,Obsolete,https://www.newark.com/ni-now-part-of-emerson/790661-01/pxie-8862-pxi-ctrl-2-6ghz-512gb/dp/52AM0130,0,7140,DIRECT_SHIP,0,False,Active,09-30-2026,Inactive
784794-35WM,https://www.digikey.com/en/products/detail/ni/784794-35WM/18710292,0,9863.51,Discontinued at DigiKey,https://www.newark.com/ni-now-part-of-emerson/784794-35wm/ni-software-platform-bundle-subscriptio/dp/26AK7167,0,9983,STOCKED,0,False,Active,09-30-2026,Inactive
782981-01,https://www.digikey.com/en/products/detail/ni/782981-01/16648712,20,2685.38,Active,https://www.newark.com,0,0,,20,True,Active,09-30-2026,Active
867115-04,https://www.digikey.com/en/products/detail/ni/867115-04/18709920,0,8195.62,Active,https://www.newark.com,0,0,,0,False,Active,09-30-2026,Inactive
779205-01,https://www.digikey.com/en/products/detail/ni/779205-01/12817739,840,217.12,Active,https://www.newark.com,0,0,,840,True,Active,09-30-2026,Active
779799-35,https://www.digikey.com/en/products/detail/ni/779799-35/18709934,0,1458.43,Active,https://www.newark.com/ni-now-part-of-emerson/779799-35/test-software/dp/14AJ8593,0,1141,STOCKED,0,False,Active,09-30-2026,Inactive
783074-01,https://www.digikey.com/en/products/detail/ni/783074-01/16818613,3,178.88,Active,https://www.newark.com,0,0,,3,True,Active,09-30-2026,Active
782106-01,https://www.digikey.com/en/products/detail/ni/782106-01/18710397,0,5575.5,Active,https://www.newark.com/ni-now-part-of-emerson/782106-01/test-psu-replacement/dp/15AJ5771,0,4956,DIRECT_SHIP,0,False,Active,09-30-2026,Inactive
778643-01,https://www.digikey.com/en/products/detail/ni/778643-01/18709785,1,523.12,Active,https://www.newark.com,0,0,,1,True,Active,09-30-2026,Active
157232-01,https://www.digikey.com/en/products/detail/ni/157232-01/15218943,1,43.88,Active,https://www.newark.com,0,0,,1,True,Active,09-30-2026,Active
6069-410-028,https://www.digikey.com/en/products/detail/digilent-inc/6069-410-028/16984417,14,489,Active,https://www.newark.com,0,0,,14,True,Active,09-30-2026,Active
182805-050,https://www.digikey.com/en/products/detail/ni/182805-050/16648155,0,1233.54,Active,https://www.newark.com/ni-now-part-of-emerson/182805-050/test-cable-assembly-fiber-optic/dp/13AJ3389,0,890,DIRECT_SHIP,0,False,Active,09-30-2026,Inactive
785685-05,https://www.digikey.com/en/products/detail/ni/785685-05/16648476,0,1158.7,Active,https://www.newark.com/ni-now-part-of-emerson/785685-05/test-cable-assembly-sfp-cable/dp/14AJ6152,0,836,DIRECT_SHIP,0,False,Active,09-30-2026,Inactive
781151-35WP,https://www.digikey.com/en/products/detail/ni/781151-35WP/27259701,0,1746.02,Active,https://www.newark.com/ni-now-part-of-emerson/781151-35wp/test-software/dp/24AM0145,0,1366,STOCKED,0,False,Active,09-30-2026,Inactive
788271-01,https://www.digikey.com/en/products/detail/ni/788271-01/27259474,0,587.66,Active,https://www.newark.com/ni-now-part-of-emerson/788271-01/ts-15120-testscale-digital-input/dp/79AK6136,0,424,DIRECT_SHIP,0,False,Active,09-30-2026,Inactive
788711-01,https://www.digikey.com/en/products/detail/ni/788711-01/27259495,0,32548.82,Active,https://www.newark.com/ni-now-part-of-emerson/788711-01/interface-module-fpd-link-pxie/dp/87AK1846,0,23484,DIRECT_SHIP,0,False,Active,09-30-2026,Inactive
782015-02,https://www.digikey.com/en/products/detail/ni/782015-02/16648031,1,384.75,Active,https://www.newark.com,0,0,,1,True,Active,09-30-2026,Active
788369-35WM,https://www.digikey.com/en/products/detail/ni/788369-35WM/18710543,0,1726.4,Discontinued at DigiKey,https://www.newark.com/ni-now-part-of-emerson/788369-35wm/test-software-labview-full-edition/dp/95AJ6857,0,1731,STOCKED,0,False,Active,09-30-2026,Inactive
790058-35WM,https://www.digikey.com/en/products/detail/ni/790058-35WM/27259671,0,0,Discontinued at DigiKey,https://www.newark.com/ni-now-part-of-emerson/790058-35wm/test-software-labview-suite-software/dp/20AM8678,0,14833.86,STOCKED,0,False,Active,09-30-2026,Inactive
781028-01,https://www.digikey.com/en/products/detail/ni/781028-01/16648290,0,3530.14,Active,https://www.newark.com/ni-now-part-of-emerson/781028-01/strain-bridge-i-p-module-c-series/dp/14AJ5200,0,2547,DIRECT_SHIP,0,False,Active,09-30-2026,Inactive
875438-01,https://www.digikey.com,0,0,,https://www.newark.com,0,0,,0,False,Obsolete,09-30-2026,Inactive
182498-01,https://www.digikey.com/en/products/detail/ni/182498-01/18710503,0,281.35778,Active,https://www.newark.com/ni-now-part-of-emerson/182498-01/test-cable-assembly-ribbon-cable/dp/13AJ3377,0,203,DIRECT_SHIP,0,False,Active,09-30-2026,Inactive
778848-35WP,https://www.digikey.com/en/products/detail/ni/778848-35WP/27259251,0,2640.76,Active,https://www.newark.com/ni-now-part-of-emerson/778848-35wp/test-software-analog-waveform/dp/24AM0218,0,2066,STOCKED,0,False,Active,09-30-2026,Inactive
782071-35,https://www.digikey.com/en/products/detail/ni/782071-35/27259267,0,3228.73,Active,https://www.newark.com/ni-now-part-of-emerson/782071-35/test-software/dp/14AJ9952,0,2526,STOCKED,0,False,Active,09-30-2026,Inactive
6069-410-070,https://www.digikey.com/en/products/detail/digilent-inc/6069-410-070/23334434,1,285,Active,https://www.newark.com,0,0,,1,True,Active,09-30-2026,Active
867014-03,https://www.digikey.com/en/products/detail/ni/867014-03/18710301,0,29351.25,Active,https://www.newark.com/ni-now-part-of-emerson/867014-03/pxie-scp5104-osc-bundle-100mhz/dp/47AM1351,0,26090,DIRECT_SHIP,0,False,Active,09-30-2026,Inactive
785996-01,https://www.digikey.com/en/products/detail/ni/785996-01/15219166,17,3781.12,Active,https://www.newark.com,0,0,,17,True,Active,09-30-2026,Active
778242-01,https://www.digikey.com/en/products/detail/ni/778242-01/18710748,1,502.88,Active,https://www.newark.com,0,0,,1,True,Active,09-30-2026,Active
867117-04,https://www.digikey.com/en/products/detail/ni/867117-04/18709946,0,9284.81,Active,https://www.newark.com,0,0,,0,False,Active,09-30-2026,Inactive
786218-01,https://www.digikey.com/en/products/detail/ni/786218-01/15219186,0,73.46,Active,https://www.newark.com/ni-now-part-of-emerson/786218-01/sd-slot-cover-crio-904x-device/dp/14AJ6250,0,53,DIRECT_SHIP,0,False,Active,09-30-2026,Inactive
180524-20,https://www.digikey.com/en/products/detail/ni/180524-20/16648214,3,132.75,Active,https://www.newark.com,0,0,,3,True,Active,09-30-2026,Active
781639-01,https://www.digikey.com/en/products/detail/ni/781639-01/16647363,27,1669.5,Active,https://www.newark.com,0,0,,27,True,Active,09-30-2026,Active
785023-03,https://www.digikey.com/en/products/detail/ni/785023-03/16647859,0,40.19,Active,https://www.newark.com/ni-now-part-of-emerson/785023-03/power-cord-for-usrp-rio-australia/dp/27AJ2535,0,29,DIRECT_SHIP,0,False,Active,09-30-2026,Inactive
763634-01,https://www.digikey.com/en/products/detail/ni/763634-01/16648056,3,54,Active,https://www.newark.com,0,0,,3,True,Active,09-30-2026,Active
TNT4882-BQF66,https://www.digikey.com/en/products/detail/ni/TNT4882-BQF66/16647302,1,3145.5,Active,https://www.newark.com,0,0,,1,True,Active,09-30-2026,Active
784486-01,https://www.digikey.com/en/products/detail/ni/784486-01/15219164,0,391.5,Active,https://www.newark.com/ni-now-part-of-emerson/784486-01/tb-tb-9212-isothermal/dp/14AJ5955,0,354.96,DIRECT_SHIP,0,False,Active,09-30-2026,Inactive
785549-03,https://www.digikey.com/en/products/detail/ni/785549-03/16647187,0,620.928,Active,https://www.newark.com/ni-now-part-of-emerson/785549-03/test-cable-assembly/dp/14AJ6097,0,448,DIRECT_SHIP,0,False,Active,09-30-2026,Inactive
868019-01,https://www.digikey.com/en/products/detail/ni/868019-01/16591976,0,7346.25,Active,https://www.newark.com/ni-now-part-of-emerson/868019-01/strainload-measurement-bundle/dp/33AK6570,0,6660.6,DIRECT_SHIP,0,False,Active,09-30-2026,Inactive
781209-01,https://www.digikey.com/en/products/detail/ni/781209-01/16647802,3,3020.09,Active,https://www.newark.com,0,0,,3,True,Active,09-30-2026,Active
782510-01,https://www.digikey.com/en/products/detail/ni/782510-01/16648562,0,32593.18,Active,https://www.newark.com/ni-now-part-of-emerson/782510-01/rf-adapter-mod-flexrio-ni-5791/dp/14AJ5562,0,23516,DIRECT_SHIP,0,False,Active,09-30-2026,Inactive
867011-02,https://www.digikey.com/en/products/detail/ni/867011-02/18710594,0,9069.75,Active,https://www.newark.com,0,0,,0,False,Active,09-30-2026,Inactive
780587-46,https://www.digikey.com/en/products/detail/ni/780587-46/16648248,0,7710.32,Active,https://www.newark.com/ni-now-part-of-emerson/780587-46/mux-sw-module-pxie-2746-2-7ghz/dp/14AJ5132,0,5563,DIRECT_SHIP,0,False,Active,09-30-2026,Inactive
782263-01,https://www.digikey.com/en/products/detail/ni/782263-01/12817783,0,10014.75,Active,https://www.newark.com/ni-now-part-of-emerson/782263-01/multifunction-i-o-device-usb-6366/dp/14AJ5497,0,8902,DIRECT_SHIP,0,False,Active,09-30-2026,Inactive
782857-01,https://www.digikey.com/en/products/detail/ni/782857-01/16648747,1,5121,Active,https://www.newark.com,0,0,,1,True,Active,09-30-2026,Active
867112-04,https://www.digikey.com/en/products/detail/ni/867112-04/18710682,0,17114.33,Active,https://www.newark.com,0,0,,0,False,Active,09-30-2026,Inactive
781290-01,https://www.digikey.com/en/products/detail/ni/781290-01/16647982,5,3000.38,Active,https://www.newark.com,0,0,,5,True,Active,09-30-2026,Active
152166-0R5,https://www.digikey.com/en/products/detail/ni/152166-0R5/16647230,0,87.32,Active,https://www.newark.com/ni-now-part-of-emerson/152166-0r5/test-cable-assembly-usb-cable/dp/13AJ3218,0,63,DIRECT_SHIP,0,False,Active,09-30-2026,Inactive
783311-01,https://www.digikey.com/en/products/detail/ni/783311-01/15218977,0,2592,Active,https://www.newark.com/ni-now-part-of-emerson/783311-01/voltage-i-p-module-c-series-ni/dp/14AJ5693,0,2350.08,DIRECT_SHIP,0,False,Active,09-30-2026,Inactive
787180-02,https://www.digikey.com/en/products/detail/ni/787180-02/18710643,0,827.44,Active,https://www.newark.com/ni-now-part-of-emerson/787180-02/usrp-2974usrp-rio-rack-mount/dp/27AJ2580,0,597,DIRECT_SHIP,0,False,Active,09-30-2026,Inactive
789380-01,https://www.digikey.com/en/products/detail/ni/789380-01/27259568,0,11814.26,Active,https://www.newark.com/ni-now-part-of-emerson/789380-01/interface-module-fpd-link-arinc/dp/87AK1868,0,8524,DIRECT_SHIP,0,False,Active,09-30-2026,Inactive
780590-35WM,https://www.digikey.com/en/products/detail/ni/780590-35WM/27259378,0,0,Discontinued at DigiKey,https://www.newark.com/ni-now-part-of-emerson/780590-35wm/test-software-veristand-full/dp/14AJ9155,0,12474,STOCKED,0,False,Active,09-30-2026,Inactive
785045-01,https://www.digikey.com/en/products/detail/ni/785045-01/15219185,24,865.12,Active,https://www.newark.com,0,0,,24,True,Active,09-30-2026,Active
784958-01,https://www.digikey.com/en/products/detail/ni/784958-01/18709987,0,717.75,Active,https://www.newark.com/ni-now-part-of-emerson/784958-01/calibration-accessory-cal-4309/dp/14AJ6013,0,638,DIRECT_SHIP,0,False,Active,09-30-2026,Inactive
784484-01,https://www.digikey.com/en/products/detail/ni/784484-01/18710477,0,110.25,Active,https://www.newark.com/ni-now-part-of-emerson/784484-01/screw-terminal-conn-kit-pxie-4135/dp/14AJ5954,0,98,DIRECT_SHIP,0,False,Active,09-30-2026,Inactive
788355-01,https://www.digikey.com/en/products/detail/ni/788355-01/27259196,0,18498.94,Active,https://www.newark.com/ni-now-part-of-emerson/788355-01/interface-module-gmsl-pxie-1489/dp/87AK1842,0,13347,DIRECT_SHIP,0,False,Active,09-30-2026,Inactive
763061-03,https://www.digikey.com/en/products/detail/ni/763061-03/16647289,3,259.88,Active,https://www.newark.com,0,0,,3,True,Active,09-30-2026,Active
785889-01,https://www.digikey.com/en/products/detail/ni/785889-01/18710047,8,1690.88,Active,https://www.newark.com,0,0,,8,True,Active,09-30-2026,Active
779138-01,https://www.digikey.com/en/products/detail/ni/779138-01/15219118,6,1333.12,Active,https://www.newark.com,0,0,,6,True,Active,09-30-2026,Active
183432-10,https://www.digikey.com/en/products/detail/ni/183432-10/18710068,0,863.48,Active,https://www.newark.com/ni-now-part-of-emerson/183432-10/test-cable-assembly-digital-cable/dp/13AJ3412,0,623,DIRECT_SHIP,0,False,Active,09-30-2026,Inactive
6069-410-123,https://www.digikey.com/en/products/detail/digilent-inc/6069-410-123/23334340,6,975,Active,https://www.newark.com,0,0,,6,True,Active,09-30-2026,Active
783774-01,https://www.digikey.com/en/products/detail/ni/783774-01/16647658,0,2389.5,Active,https://www.newark.com/ni-now-part-of-emerson/783774-01/test-accessory-ubx-40-daughterbrd/dp/27AJ2507,7,2166.48,DIRECT_SHIP,7,True,Active,09-30-2026,Active
784794-35,https://www.digikey.com/en/products/detail/ni/784794-35/18710501,0,12760.27,Active,https://www.newark.com/ni-now-part-of-emerson/784794-35/test-software-software-platform/dp/15AJ1239,0,9983,STOCKED,0,False,Active,09-30-2026,Inactive
784278-01,https://www.digikey.com/en/products/detail/ni/784278-01/16648179,1,17242.88,Active,https://www.newark.com,0,0,,1,True,Active,09-30-2026,Active
786528-01,https://www.digikey.com/en/products/detail/ni/786528-01/18710153,0,4763.68,Active,https://www.newark.com/ni-now-part-of-emerson/786528-01/rmx-4002-four-slot-mainframe-for/dp/47AK3169,0,3437,DIRECT_SHIP,0,False,Active,09-30-2026,Inactive
785647-12,https://www.digikey.com/en/products/detail/ni/785647-12/27259260,0,50045.69,Active,https://www.newark.com/ni-now-part-of-emerson/785647-12/digitizer-module-pxie-5774-1-6ghz/dp/87AK1829,0,36108,DIRECT_SHIP,0,False,Active,09-30-2026,Inactive
781819-01,https://www.digikey.com/en/products/detail/ni/781819-01/16647292,2,2205,Active,https://www.newark.com,0,0,,2,True,Active,09-30-2026,Active
789997-01,https://www.digikey.com/en/products/detail/ni/789997-01/26581969,2,2023.88,Active,https://www.newark.com,0,0,,2,True,Active,09-30-2026,Active
784819-01,https://www.digikey.com/en/products/detail/ni/784819-01/15219200,1,87.75,Active,https://www.newark.com,0,0,,1,True,Active,09-30-2026,Active
783950-01,https://www.digikey.com/en/products/detail/ni/783950-01/16647747,0,993.76333,Active,https://www.newark.com/ni-now-part-of-emerson/783950-01/digital-module-c-series-sbrio/dp/14AJ5856,0,717,DIRECT_SHIP,0,False,Active,09-30-2026,Inactive
782122-01,https://www.digikey.com/en/products/detail/ni/782122-01/16648779,4,860.62,Active,https://www.newark.com,0,0,,4,True,Active,09-30-2026,Active
785068-01,https://www.digikey.com/en/products/detail/ni/785068-01/16648669,0,6037.42,Active,https://www.newark.com/ni-now-part-of-emerson/785068-01/ac-lvdt-i-p-module-pxie-4340-25/dp/14AJ6041,0,4443.12,DIRECT_SHIP,0,False,Active,09-30-2026,Inactive
783867-01,https://www.digikey.com/en/products/detail/ni/783867-01/16647947,1,5387.62,Active,https://www.newark.com,0,0,,1,True,Active,09-30-2026,Active
782691-01,https://www.digikey.com/en/products/detail/ni/782691-01/16648446,0,0,Obsolete,https://www.newark.com/ni-now-part-of-emerson/782691-01/student-embedded-device-myrio/dp/14AJ5593,0,673,NO_LONGER_STOCKED,0,False,Obsolete,09-30-2026,Inactive
782109-01,https://www.digikey.com/en/products/detail/ni/782109-01/16648577,0,0,Discontinued at DigiKey,https://www.newark.com/ni-emerson/782109-01/test-support-synchronization-module/dp/14AJ5470,0,4983,DIRECT_SHIP,0,False,Active,09-30-2026,Inactive
193132-01,https://www.digikey.com/en/products/detail/ni/193132-01/12817706,14,848.25,Active,https://www.newark.com,0,0,,14,True,Active,09-30-2026,Active
786004-0R152,https://www.digikey.com/en/products/detail/ni/786004-0R152/18710136,0,166.32,Active,https://www.newark.com/ni-now-part-of-emerson/786004-0r152/rf-cable-mmpx-m-to-mmpx-m-0-152/dp/47AK3145,0,120,DIRECT_SHIP,0,False,Active,09-30-2026,Inactive
786993-01,https://www.digikey.com/en/products/detail/ni/786993-01/16647217,0,878.62,Active,https://www.newark.com/ni-now-part-of-emerson/786993-01/expansion-module-compactrio-crio/dp/14AJ6363,5,796.62,DIRECT_SHIP,5,True,Active,09-30-2026,Active
784782-01,https://www.digikey.com/en/products/detail/ni/784782-01/16647447,2,5811.75,Active,https://www.newark.com,0,0,,2,True,Active,09-30-2026,Active
785832-01,https://www.digikey.com/en/products/detail/ni/785832-01/16647707,0,188387.89,Active,https://www.newark.com/ni-now-part-of-emerson/785832-01/vector-sgnl-transceiver-pxie-5841/dp/14AJ6208,0,135922,DIRECT_SHIP,0,False,Active,09-30-2026,Inactive
778592-01,https://www.digikey.com/en/products/detail/ni/778592-01/16818603,1,1118.25,Active,https://www.newark.com,0,0,,1,True,Active,09-30-2026,Active
778475-01,https://www.digikey.com/en/products/detail/ni/778475-01/12817755,42,420.75,Active,https://www.newark.com,0,0,,42,True,Active,09-30-2026,Active
781233-01,https://www.digikey.com/en/products/detail/ni/781233-01/18710029,1,23.62,Active,https://www.newark.com,0,0,,1,True,Active,09-30-2026,Active
789001-02,https://www.digikey.com/en/products/detail/ni/789001-02/27259250,0,482.32833,Active,https://www.newark.com/ni-now-part-of-emerson/789001-02/test-cable-assembly-2m/dp/87AK1863,0,348,DIRECT_SHIP,0,False,Active,09-30-2026,Inactive
782769-01,https://www.digikey.com/en/products/detail/ni/782769-01/18710675,0,61.88,Active,https://www.newark.com/ni-now-part-of-emerson/782769-01/cable-assembly-sma-m-to-sma-f/dp/27AJ2462,0,55,DIRECT_SHIP,0,False,Active,09-30-2026,Inactive
783525-03,https://www.digikey.com/en/products/detail/ni/783525-03/16648317,0,2776.16,Active,https://www.newark.com/ni-now-part-of-emerson/783525-03/dev-kit-oem-cc/dp/14AJ5742,0,2003,DIRECT_SHIP,0,False,Active,09-30-2026,Inactive
780702-01,https://www.digikey.com/en/products/detail/ni/780702-01/18709908,67,23.62,Active,https://www.newark.com,0,0,,67,True,Active,09-30-2026,Active
779168-01,https://www.digikey.com/en/products/detail/ni/779168-01/18710244,1,311.62,Active,https://www.newark.com,0,0,,1,True,Active,09-30-2026,Active
781012-01,https://www.digikey.com/en/products/detail/ni/781012-01/18710203,0,27198,Active,https://www.newark.com/ni-now-part-of-emerson/781012-01/digital-waveform-instrument-pxie/dp/14AJ5193,0,24176,DIRECT_SHIP,0,False,Active,09-30-2026,Inactive
781154-35WP,https://www.digikey.com/en/products/detail/ni/781154-35WP/27259584,0,2129.48,Active,https://www.newark.com/ni-now-part-of-emerson/781154-35wp/test-software/dp/87AK9561,0,1666,STOCKED,0,False,Active,09-30-2026,Inactive
184125-02,https://www.digikey.com/en/products/detail/ni/184125-02/16648829,1,61.88,Active,https://www.newark.com,0,0,,1,True,Active,09-30-2026,Active
782980-01,https://www.digikey.com/en/products/detail/ni/782980-01/16647727,1,1644.75,Active,https://www.newark.com,0,0,,1,True,Active,09-30-2026,Active
782609-01,https://www.digikey.com/en/products/detail/ni/782609-01/12817731,0,1018.12,Active,https://www.newark.com/ni-now-part-of-emerson/782609-01/multifunction-i-o-device-usb-6003/dp/14AJ5584,0,905,DIRECT_SHIP,0,False,Active,09-30-2026,Inactive
781334-01,https://www.digikey.com/en/products/detail/ni/781334-01/18710239,0,92.82,Obsolete,https://www.newark.com/ni-now-part-of-emerson/781334-01/test-assortments-kit-mydaq/dp/14AJ5290,0,92,DIRECT_SHIP,0,False,Active,09-30-2026,Inactive
782022-01,https://www.digikey.com/en/products/detail/ni/782022-01/18710242,0,257.8,Active,https://www.newark.com/ni-now-part-of-emerson/782022-01/test-cable-assembly-camera-cable/dp/14AJ5457,0,186,DIRECT_SHIP,0,False,Active,09-30-2026,Inactive
777145-02,https://www.digikey.com/en/products/detail/ni/777145-02/12817900,80,255.38,Active,https://www.newark.com,0,0,,80,True,Active,09-30-2026,Active
186838-0R5,https://www.digikey.com/en/products/detail/ni/186838-0R5/18710561,0,314.62,Active,https://www.newark.com/ni-now-part-of-emerson/186838-0r5/test-cable-assembly-multifunction/dp/13AJ3445,0,227,DIRECT_SHIP,0,False,Active,09-30-2026,Inactive
188375-0R3,https://www.digikey.com/en/products/detail/ni/188375-0R3/16648606,0,230.08,Active,https://www.newark.com/ni-now-part-of-emerson/188375-0r3/test-cable-assembly-coaxial-cable/dp/13AJ3464,0,166,DIRECT_SHIP,0,False,Active,09-30-2026,Inactive
785636-01,https://www.digikey.com/en/products/detail/ni/785636-01/16647872,0,2370.06,Active,https://www.newark.com/ni-now-part-of-emerson/785636-01/universal-semikron-interface-board/dp/47AK3136,0,1710,DIRECT_SHIP,0,False,Active,09-30-2026,Inactive
784787-01,https://www.digikey.com/en/products/detail/ni/784787-01/16647725,0,2510.05,Active,https://www.newark.com/wurth-elektronik/784787012/inductor-aec-q200-1-2uh-shld-4/dp/85AH8553,0,2.94,DIRECT_SHIP,0,False,Active,09-30-2026,Inactive
6069-410-172,https://www.digikey.com/en/products/detail/digilent-inc/6069-410-172/23334451,1,1119.01,Active,https://www.newark.com,0,0,,1,True,Active,09-30-2026,Active
786165-01,https://www.digikey.com/en/products/detail/ni/786165-01/27259165,0,44045.69,Active,https://www.newark.com/ni-now-part-of-emerson/786165-01/flexrio-digitizer-pcie-5763-225mhz/dp/24AM0155,0,31779,DIRECT_SHIP,0,False,Active,09-30-2026,Inactive
787043-01,https://www.digikey.com/en/products/detail/ni/787043-01/16648333,1,6415.88,Active,https://www.newark.com,0,0,,1,True,Active,09-30-2026,Active
779851-35,https://www.digikey.com/en/products/detail/ni/779851-35/18709983,0,4156.71,Active,https://www.newark.com/ni-now-part-of-emerson/779851-35/test-software-teststand/dp/14AJ8618,10,3252,STOCKED,10,True,Active,09-30-2026,Active
784815-01,https://www.digikey.com/en/products/detail/ni/784815-01/16648154,0,3358.28,Active,https://www.newark.com/ni-now-part-of-emerson/784815-01/pcb-triaxial-accelerometer-1000mv/dp/26AK7168,0,2423,DIRECT_SHIP,0,False,Active,09-30-2026,Inactive
199745-05,https://www.digikey.com/en/products/detail/ni/199745-05/16648722,1,334.12,Active,https://www.newark.com,0,0,,1,True,Active,09-30-2026,Active
778572-45,https://www.digikey.com/en/products/detail/ni/778572-45/16647391,0,5325.01,Active,https://www.newark.com/ni-now-part-of-emerson/778572-45/mux-sw-module-pxi-2545-2-7ghz/dp/13AJ3769,0,3842,DIRECT_SHIP,0,False,Active,09-30-2026,Inactive
783450-01,https://www.digikey.com/en/products/detail/ni/783450-01/16647506,0,7666.88,Active,https://www.newark.com/ni-now-part-of-emerson/783450-01/controller-compactrio-crio-9030/dp/14AJ5725,0,6815,DIRECT_SHIP,0,False,Active,09-30-2026,Inactive
784804-01,https://www.digikey.com/en/products/detail/ni/784804-01/16647221,0,26640.31,Active,https://www.newark.com/ni-now-part-of-emerson/784804-01/ballard-arinc429-32-channel/dp/50AJ9750,0,19221,DIRECT_SHIP,0,False,Active,09-30-2026,Inactive
782758-01,https://www.digikey.com/en/products/detail/ni/782758-01/16647686,0,365.42,Obsolete,https://www.newark.com/ni-now-part-of-emerson/782758-01/dbsrx2-usrp-daughterboard-800/dp/27AJ2456,0,360,DIRECT_SHIP,0,False,Active,09-30-2026,Inactive
779785-02,https://www.digikey.com/en/products/detail/ni/779785-02/15219044,0,4395.01,Active,https://www.newark.com/ni-now-part-of-emerson/779785-02/voltage-module-c-series-ni-9229/dp/14AJ4981,0,3171,DIRECT_SHIP,0,False,Active,09-30-2026,Inactive
782427-01,https://www.digikey.com/en/products/detail/ni/782427-01/18709819,1,1253.25,Active,https://www.newark.com,0,0,,1,True,Active,09-30-2026,Active
784416-01,https://www.digikey.com/en/products/detail/ni/784416-01/16818589,0,1804.5,Active,https://www.newark.com/ni-now-part-of-emerson/784416-01/software-defined-radio-usrp-b200mini/dp/27AJ2528,0,1604,NO_LONGER_STOCKED,0,False,Active,09-30-2026,Inactive
782582-01,https://www.digikey.com/en/products/detail/ni/782582-01/15218962,0,77.62,Active,https://www.newark.com/ni-now-part-of-emerson/782582-01/tb-ni-9980-10-position-c-series/dp/14AJ5575,0,56,DIRECT_SHIP,0,False,Active,09-30-2026,Inactive
781011-02,https://www.digikey.com/en/products/detail/ni/781011-02/16648535,0,24722.08,Active,https://www.newark.com/ni-now-part-of-emerson/781011-02/digital-waveform-instrument-pxie/dp/13AJ3951,0,17837,DIRECT_SHIP,0,False,Active,09-30-2026,Inactive
787298-02,https://www.digikey.com/en/products/detail/ni/787298-02/16648030,0,6184.33,Active,https://www.newark.com/ni-now-part-of-emerson/787298-02/sbrio-9629-1-91-ghz-quad-core/dp/23AJ5292,0,4462,DIRECT_SHIP,0,False,Active,09-30-2026,Inactive
784685-01,https://www.digikey.com/en/products/detail/ni/784685-01/16648726,3,66.53,Active,https://www.newark.com,0,0,,3,True,Active,09-30-2026,Active
789600-12201,https://www.digikey.com/en/products/detail/ni/789600-12201/27259591,0,170270.64,Active,https://www.newark.com/ni-now-part-of-emerson/789600-12201/vector-sgnl-transceiver-pxie-5842/dp/87AK1883,0,157658,DIRECT_SHIP,0,False,Active,09-30-2026,Inactive
781516-01,https://www.digikey.com/en/products/detail/ni/781516-01/18710103,0,2246.705,Active,https://www.newark.com/ni-now-part-of-emerson/781516-01/tb-smb-2145-16-channel/dp/13AJ3997,0,1621,DIRECT_SHIP,0,False,Active,09-30-2026,Inactive
778835-01,https://www.digikey.com/en/products/detail/ni/778835-01/12817688,8,886.5,Active,https://www.newark.com,0,0,,8,True,Active,09-30-2026,Active
152641-01,https://www.digikey.com/en/products/detail/ni/152641-01/18710012,0,265.5,Active,https://www.newark.com/ni-now-part-of-emerson/152641-01/rf-cable-sma-m-to-sma-m-pxie-5668/dp/47AK3064,0,236,DIRECT_SHIP,0,False,Active,09-30-2026,Inactive
786982-01,https://www.digikey.com/en/products/detail/ni/786982-01/16648432,0,168814.8,Active,https://www.newark.com/ni-now-part-of-emerson/786982-01/vector-sgnl-transceiver-pxie-5841/dp/14AJ6353,0,121800,DIRECT_SHIP,0,False,Active,09-30-2026,Inactive
786172-02,https://www.digikey.com/en/products/detail/ni/786172-02/18710539,0,79.88,Active,https://www.newark.com/ni-now-part-of-emerson/786172-02/ip67-power-l-code-m12-female-to/dp/26AK7177,0,71,DIRECT_SHIP,0,False,Active,09-30-2026,Inactive
788816-0118,https://www.digikey.com/en/products/detail/ni/788816-0118/27259637,0,10884.26,Active,https://www.newark.com,0,0,,0,False,Active,09-30-2026,Inactive
783818-02,https://www.digikey.com/en/products/detail/ni/783818-02/16647248,1,4083.75,Active,https://www.newark.com,0,0,,1,True,Active,09-30-2026,Active
782264-01,https://www.digikey.com/en/products/detail/ni/782264-01/12817683,5,8582.62,Active,https://www.newark.com,0,0,,5,True,Active,09-30-2026,Active
779891-02,https://www.digikey.com/en/products/detail/ni/779891-02/16648094,11,1474.88,Active,https://www.newark.com,0,0,,11,True,Active,09-30-2026,Active
784180-01,https://www.digikey.com/en/products/detail/ni/784180-01/16647630,0,7180.87,Active,https://www.newark.com/ni-now-part-of-emerson/784180-01/remote-control-module-pxie-8399/dp/14AJ5895,0,5284.62,DIRECT_SHIP,0,False,Active,09-30-2026,Inactive
779892-01,https://www.digikey.com/en/products/detail/ni/779892-01/18710408,1,1949.62,Active,https://www.newark.com,0,0,,1,True,Active,09-30-2026,Active
784307-01,https://www.digikey.com/en/products/detail/ni/784307-01/16647497,0,11399.85,Active,https://www.newark.com/ni-now-part-of-emerson/784307-01/sw-device-cps-8910-pci-express/dp/14AJ5924,0,8225,DIRECT_SHIP,0,False,Active,09-30-2026,Inactive
783173-01,https://www.digikey.com/en/products/detail/ni/783173-01/16648865,5,2642.62,Active,https://www.newark.com,0,0,,5,True,Active,09-30-2026,Active
199006-0R5,https://www.digikey.com/en/products/detail/ni/199006-0R5/16647477,2,255.38,Active,https://www.newark.com,0,0,,2,True,Active,09-30-2026,Active
6069-410-054,https://www.digikey.com/en/products/detail/digilent-inc/6069-410-054/16740071,12,519,Active,https://www.newark.com,0,0,,12,True,Active,09-30-2026,Active
867112-02,https://www.digikey.com/en/products/detail/ni/867112-02/18710444,0,17114.33,Active,https://www.newark.com,0,0,,0,False,Active,09-30-2026,Inactive
867120-03,https://www.digikey.com/en/products/detail/ni/867120-03/16916058,0,11373.75,Active,https://www.newark.com/ni-now-part-of-emerson/867120-03/waveform-gen-bundle-pxie-awg5102/dp/87AK1928,0,10110,DIRECT_SHIP,0,False,Active,09-30-2026,Inactive
780270-01,https://www.digikey.com/en/products/detail/ni/780270-01/18710235,3,913.5,Active,https://www.newark.com,0,0,,3,True,Active,09-30-2026,Active
780166-01,https://www.digikey.com/en/products/detail/ni/780166-01/16647201,0,7273.73,Active,https://www.newark.com/ni-now-part-of-emerson/780166-01/amp-differential-pxi-5900/dp/14AJ5054,0,5248,DIRECT_SHIP,0,False,Active,09-30-2026,Inactive
194096-01,https://www.digikey.com/en/products/detail/ni/194096-01/18710370,0,190.12,Active,https://www.newark.com/ni-now-part-of-emerson/194096-01/test-cable-assembly-digital-cable/dp/14AJ7128,0,169,DIRECT_SHIP,0,False,Active,09-30-2026,Inactive
782909-01,https://www.digikey.com/en/products/detail/ni/782909-01/16648767,1,51.75,Active,https://www.newark.com,0,0,,1,True,Active,09-30-2026,Active
789002-02,https://www.digikey.com/en/products/detail/ni/789002-02/27259472,0,841.3,Active,https://www.newark.com/ni-now-part-of-emerson/789002-02/test-cable-assembly-2m/dp/87AK1864,0,607,DIRECT_SHIP,0,False,Active,09-30-2026,Inactive
6069-410-110,https://www.digikey.com/en/products/detail/digilent-inc/6069-410-110/23334450,1,289,Active,https://www.newark.com,0,0,,1,True,Active,09-30-2026,Active
187539-01,https://www.digikey.com/en/products/detail/ni/187539-01/16648736,0,274.428,Active,https://www.newark.com/ni-now-part-of-emerson/187539-01/m-2-5-screwlock-for-oem/dp/57AK7530,0,198,DIRECT_SHIP,0,False,Active,09-30-2026,Inactive
867122-03,https://www.digikey.com/en/products/detail/ni/867122-03/16916050,0,27304.88,Active,https://www.newark.com/ni-now-part-of-emerson/867122-03/waveform-gen-bundle-pxie-1209/dp/87AK1930,0,24271,DIRECT_SHIP,0,False,Active,09-30-2026,Inactive
148299-01,https://www.digikey.com/en/products/detail/ni/148299-01/27259426,0,645.75,Active,https://www.newark.com/ni-now-part-of-emerson/148299-01/sp8m-sp8f-30a-rms-cable-1m/dp/02AM5900,0,574,DIRECT_SHIP,0,False,Active,09-30-2026,Inactive
778572-97,https://www.digikey.com/en/products/detail/ni/778572-97/16647240,0,11284.81,Active,https://www.newark.com/ni-now-part-of-emerson/778572-97/mux-sw-module-pxi-2597-26-5ghz/dp/13AJ3793,0,8142,DIRECT_SHIP,0,False,Active,09-30-2026,Inactive
778800-35,https://www.digikey.com/en/products/detail/ni/778800-35/15668184,0,3921,Obsolete,https://www.newark.com/ni-now-part-of-emerson/778800-35/test-software-measurement-studio/dp/15AJ5410,0,5763,STOCKED,0,False,Active,09-30-2026,Inactive
TNT5002-AQF24,https://www.digikey.com/en/products/detail/ni/TNT5002-AQF24/16647589,1,1699.88,Active,https://www.newark.com,0,0,,1,True,Active,09-30-2026,Active
779137-01,https://www.digikey.com/en/products/detail/ni/779137-01/15219084,6,231.75,Active,https://www.newark.com,0,0,,6,True,Active,09-30-2026,Active
782385-12,https://www.digikey.com/en/products/detail/ni/782385-12/18710706,0,1096.32667,Active,https://www.newark.com/ni-now-part-of-emerson/782385-12/tb-tb-2645b-2532b/dp/14AJ5535,0,791,DIRECT_SHIP,0,False,Active,09-30-2026,Inactive
6069-410-000-OEM,https://www.digikey.com/en/products/detail/digilent-inc/6069-410-000-OEM/23334344,1,99,Active,https://www.newark.com,0,0,,1,True,Active,09-30-2026,Active
781421-10,https://www.digikey.com/en/products/detail/ni/781421-10/16648765,1,7700.62,Active,https://www.newark.com,0,0,,1,True,Active,09-30-2026,Active
783535-01,https://www.digikey.com/en/products/detail/ni/783535-01/18710221,0,4772,Active,https://www.newark.com/ni-now-part-of-emerson/783535-01/tb-rm-4339-rackmount-situ-calibration/dp/13AJ4066,0,3443,DIRECT_SHIP,0,False,Active,09-30-2026,Inactive
784271-35WM,https://www.digikey.com/en/products/detail/ni/784271-35WM/18710578,0,1459.76,Discontinued at DigiKey,https://www.newark.com/ni-now-part-of-emerson/784271-35wm/test-software-diadem-software/dp/24AK6663,0,1507.56,STOCKED,0,False,Active,09-30-2026,Inactive
786783-01,https://www.digikey.com/en/products/detail/ni/786783-01/15219030,4,1992.38,Active,https://www.newark.com,0,0,,4,True,Active,09-30-2026,Active
787642-01,https://www.digikey.com/en/products/detail/ni/787642-01/16647504,0,52.67,Active,https://www.newark.com/ni-now-part-of-emerson/787642-01/test-cable-assembly-power-cable/dp/14AJ6433,0,38,DIRECT_SHIP,0,False,Active,09-30-2026,Inactive
781063-01,https://www.digikey.com/en/products/detail/ni/781063-01/16647367,0,4049.89,Active,https://www.newark.com/ni-now-part-of-emerson/781063-01/interface-device-devicenet-pxi/dp/14AJ5216,0,2922,DIRECT_SHIP,0,False,Active,09-30-2026,Inactive
789988-35WP,https://www.digikey.com/en/products/detail/ni/789988-35WP/27259672,0,6710.55,Active,https://www.newark.com/ni-now-part-of-emerson/789988-35wp/test-software/dp/21AM0127,0,5250,STOCKED,0,False,Active,09-30-2026,Inactive
868063-04,https://www.digikey.com/en/products/detail/ni/868063-04/27259598,0,35683.96,Active,https://www.newark.com/ni-now-part-of-emerson/868063-04/usrp-n310-oai-bundle-for-5g6g/dp/87AK1943,0,25746,DIRECT_SHIP,0,False,Active,09-30-2026,Inactive
310-054,https://www.digikey.com/en/products/detail/digilent-inc/310-054/4428836,2,6,Active,https://www.newark.com,0,0,,2,True,Active,09-30-2026,Active
782750-01,https://www.digikey.com/en/products/detail/ni/782750-01/16648341,0,208.12,Active,https://www.newark.com/ni-now-part-of-emerson/782750-01/test-accessory-daughterbrd/dp/27AJ2452,3,188.7,DIRECT_SHIP,3,True,Active,09-30-2026,Active
785206-01,https://www.digikey.com/en/products/detail/ni/785206-01/16648091,0,249.48,Active,https://www.newark.com/ni-now-part-of-emerson/785206-01/slsc-front-panel-filler-kit-x4/dp/47AK3126,0,180,DIRECT_SHIP,0,False,Active,09-30-2026,Inactive
136691-0400,https://www.digikey.com/en/products/detail/ni/136691-0400/27259438,0,214.83,Active,https://www.newark.com/ni-now-part-of-emerson/136691-0400/test-accessory-sma-plug-plug-0/dp/87AK1804,0,155,DIRECT_SHIP,0,False,Active,09-30-2026,Inactive
785748-3501,https://www.digikey.com/en/products/detail/ni/785748-3501/15668180,0,1074.97,Active,https://www.newark.com/ni-now-part-of-emerson/785748-3501/test-software-flexlogger/dp/15AJ5433,0,841,STOCKED,0,False,Active,09-30-2026,Inactive
199006-0R25,https://www.digikey.com/en/products/detail/ni/199006-0R25/16647371,2,222,Active,https://www.newark.com,0,0,,2,True,Active,09-30-2026,Active
785682-100,https://www.digikey.com/en/products/detail/ni/785682-100/18710522,0,735.965,Active,https://www.newark.com/ni-now-part-of-emerson/785682-100/test-cable-assembly-sfp-cable/dp/14AJ6151,0,531,DIRECT_SHIP,0,False,Active,09-30-2026,Inactive
783588-01,https://www.digikey.com/en/products/detail/ni/783588-01/16647526,0,25961.62,Active,https://www.newark.com/ni-emerson/783588-01/chassis-pxie-1085-pxi-system-18/dp/13AJ4071,0,23538.54,DIRECT_SHIP,0,False,Active,09-30-2026,Inactive
240-005,https://www.digikey.com/en/products/detail/digilent-inc/240-005/4090088,12,6,Active,https://www.newark.com,0,0,,12,True,Active,09-30-2026,Active
778572-27,https://www.digikey.com/en/products/detail/ni/778572-27/16648771,3,3852,Active,https://www.newark.com,0,0,,3,True,Active,09-30-2026,Active
782957-01,https://www.digikey.com/en/products/detail/ni/782957-01/18710017,0,4651.88,Active,https://www.newark.com/ni-now-part-of-emerson/782957-01/psu-pxie-4113-programmable/dp/14AJ5642,0,4135,DIRECT_SHIP,0,False,Active,09-30-2026,Inactive
6069-410-133,https://www.digikey.com/en/products/detail/digilent-inc/6069-410-133/23334445,3,345,Active,https://www.newark.com,0,0,,3,True,Active,09-30-2026,Active
786665-01,https://www.digikey.com,0,0,,https://www.newark.com/ni-now-part-of-emerson/786665-01/emv-test-picc-3-antenna-for-emv/dp/37AJ7434,0,4685,DIRECT_SHIP,0,False,Active,09-30-2026,Inactive
782051-01,https://www.digikey.com/en/products/detail/ni/782051-01/16647226,0,383.92143,Active,https://www.newark.com/ni-now-part-of-emerson/782051-01/signal-relay-pxiscxi-switch-modules/dp/15AJ5770,0,277,DIRECT_SHIP,0,False,Active,09-30-2026,Inactive
784841-01,https://www.digikey.com/en/products/detail/ni/784841-01/16648742,0,1510.74,Active,https://www.newark.com/ni-now-part-of-emerson/784841-01/1u-fan-kit-for-rmx-10011-19in/dp/47AK3122,0,1090,DIRECT_SHIP,0,False,Active,09-30-2026,Inactive
157867-02,https://www.digikey.com/en/products/detail/ni/157867-02/15219065,0,97.02,Active,https://www.newark.com/ni-now-part-of-emerson/157867-02/test-cable-assembly-multifunction/dp/13AJ3319,0,70,DIRECT_SHIP,0,False,Active,09-30-2026,Inactive
781013-01,https://www.digikey.com/en/products/detail/ni/781013-01/16647716,1,949.5,Active,https://www.newark.com,0,0,,1,True,Active,09-30-2026,Active
143556-01,https://www.digikey.com/en/products/detail/ni/143556-01/16648396,0,85.93,Active,https://www.newark.com/ni-now-part-of-emerson/143556-01/test-cable-assembly/dp/13AJ3189,1,63.24,DIRECT_SHIP,1,True,Active,09-30-2026,Active
784774-01,https://www.digikey.com/en/products/detail/ni/784774-01/16648450,0,8861.62,Active,https://www.newark.com,0,0,,0,False,Active,09-30-2026,Inactive
240-110,https://www.digikey.com/en/products/detail/digilent-inc/240-110/4090167,288,5,Active,https://www.newark.com,0,0,,288,True,Active,09-30-2026,Active
153901-02,https://www.digikey.com/en/products/detail/ni/153901-02/16647312,5,207,Active,https://www.newark.com,0,0,,5,True,Active,09-30-2026,Active
194738-01,https://www.digikey.com/en/products/detail/ni/194738-01/15219148,6,128.25,Active,https://www.newark.com,0,0,,6,True,Active,09-30-2026,Active
786424-01,https://www.digikey.com/en/products/detail/ni/786424-01/16648277,10,2765.25,Active,https://www.newark.com,0,0,,10,True,Active,09-30-2026,Active
784091-01,https://www.digikey.com/en/products/detail/ni/784091-01/18709762,0,429.75,Active,https://www.newark.com/ni-now-part-of-emerson/784091-01/test-cable-assembly-digital-cable/dp/14AJ5876,0,389.64,DIRECT_SHIP,0,False,Active,09-30-2026,Inactive
781476-01,https://www.digikey.com/en/products/detail/ni/781476-01/16647197,0,27790.69,Active,https://www.newark.com/ni-now-part-of-emerson/781476-01/multifunction-i-o-module-pxie/dp/14AJ5352,0,20051,DIRECT_SHIP,0,False,Active,09-30-2026,Inactive
784365-01,https://www.digikey.com/en/products/detail/ni/784365-01/18710003,0,170.478,Active,https://www.newark.com/ni-now-part-of-emerson/784365-01/panel-mounting-kit-793xr-flexrio/dp/14AJ5935,0,123,DIRECT_SHIP,0,False,Active,09-30-2026,Inactive
786418-01,https://www.digikey.com/en/products/detail/ni/786418-01/18710591,0,42.75,Active,https://www.newark.com/ni-now-part-of-emerson/786418-01/test-cable-assembly-power-cable/dp/14AJ6285,0,38,DIRECT_SHIP,0,False,Active,09-30-2026,Inactive
784776-01,https://www.digikey.com/en/products/detail/ni/784776-01/16647980,0,70701.25,Active,https://www.newark.com/ni-now-part-of-emerson/784776-01/rf-sgnl-gen-pxie-5654-10ghz-am/dp/14AJ5999,0,51011,DIRECT_SHIP,0,False,Active,09-30-2026,Inactive
785713-02,https://www.digikey.com/en/products/detail/ni/785713-02/18709832,0,63.76,Active,https://www.newark.com/ni-now-part-of-emerson/785713-02/test-cable-assembly-power-cable/dp/14AJ6168,0,46,DIRECT_SHIP,0,False,Active,09-30-2026,Inactive
789999-03,https://www.digikey.com/en/products/detail/ni/789999-03/27259539,0,16769.16,Active,https://www.newark.com/ni-now-part-of-emerson/789999-03/pxie-8881-pxi-ctrl-3ghz-500gb/dp/47AM1455,0,15527,DIRECT_SHIP,0,False,Active,09-30-2026,Inactive
780575-01,https://www.digikey.com/en/products/detail/ni/780575-01/12817635,0,1379.25,Active,https://www.newark.com/ni-now-part-of-emerson/780575-01/gpib-instrument-control-device/dp/13AJ3932,19,1250.52,DIRECT_SHIP,19,True,Active,09-30-2026,Active
790686-01,https://www.digikey.com/en/products/detail/ni/790686-01/28173882,3,2811.38,Active,https://www.newark.com,0,0,,3,True,Active,09-30-2026,Active
310-021-3,https://www.digikey.com/en/products/detail/digilent-inc/310-021-3/26598179,9,15,Active,https://www.newark.com,0,0,,9,True,Active,09-30-2026,Active
786432-01,https://www.digikey.com/en/products/detail/ni/786432-01/15219005,3,72,Active,https://www.newark.com,0,0,,3,True,Active,09-30-2026,Active
782835-37,https://www.digikey.com/en/products/detail/ni/782835-37/16648320,1,7558.88,Active,https://www.newark.com,0,0,,1,True,Active,09-30-2026,Active
782644-01,https://www.digikey.com/en/products/detail/ni/782644-01/18709912,0,66.38,Active,https://www.newark.com/ni-now-part-of-emerson/782644-01/sensor-conn-kit/dp/14AJ5590,0,59,DIRECT_SHIP,0,False,Active,09-30-2026,Inactive
192344-02,https://www.digikey.com/en/products/detail/ni/192344-02/16648280,0,2600.14,Active,https://www.newark.com/ni-now-part-of-emerson/192344-02/test-cable-assembly-lvds-cable/dp/13AJ3505,0,1876,DIRECT_SHIP,0,False,Active,09-30-2026,Inactive
782768-01,https://www.digikey.com/en/products/detail/ni/782768-01/18710628,0,57.38,Active,https://www.newark.com/ni-now-part-of-emerson/782768-01/adapter-sma-f-to-bnc-m/dp/65AJ5200,0,51,DIRECT_SHIP,0,False,Active,09-30-2026,Inactive
785168-01,https://www.digikey.com/en/products/detail/ni/785168-01/16648363,0,49754.63,Active,https://www.newark.com/ni-now-part-of-emerson/785168-01/pxie-5764-flexrio-digitizer-4/dp/37AJ7037,0,35898,DIRECT_SHIP,0,False,Active,09-30-2026,Inactive
185095-02,https://www.digikey.com/en/products/detail/ni/185095-02/12817867,28,439.88,Active,https://www.newark.com,0,0,,28,True,Active,09-30-2026,Active
779779-01,https://www.digikey.com/en/products/detail/ni/779779-01/12817815,9,1379.25,Active,https://www.newark.com,0,0,,9,True,Active,09-30-2026,Active
786461-01,https://www.digikey.com/en/products/detail/ni/786461-01/18709911,0,39.38,Active,https://www.newark.com/ni-now-part-of-emerson/786461-01/pxi-data-acquisition-mod-standoff/dp/14AJ6297,0,35,DIRECT_SHIP,0,False,Active,09-30-2026,Inactive
781331-01,https://www.digikey.com/en/products/detail/ni/781331-01/16647508,0,0,Obsolete,https://www.newark.com/ni-now-part-of-emerson/781331-01/reseller-kit-mydaq/dp/14AJ5288,0,10802,DIRECT_SHIP,0,False,Active,09-30-2026,Inactive
786010-01,https://www.digikey.com/en/products/detail/ni/786010-01/27259565,0,6489.25,Active,https://www.newark.com/ni-now-part-of-emerson/786010-01/rmx-4102-2u-dc-power-supply-1/dp/83AK1665,0,4682,DIRECT_SHIP,0,False,Active,09-30-2026,Inactive
781441-01,https://www.digikey.com/en/products/detail/ni/781441-01/12817785,3,3975.18,Active,https://www.newark.com,0,0,,3,True,Active,09-30-2026,Active
787101-35,https://www.digikey.com/en/products/detail/ni/787101-35/27259182,0,21607.97,Active,https://www.newark.com/ni-now-part-of-emerson/787101-35/test-software-vision-software/dp/15AJ1761,0,16905,STOCKED,0,False,Active,09-30-2026,Inactive
763388-01,https://www.digikey.com/en/products/detail/ni/763388-01/16647891,1,184.5,Active,https://www.newark.com,0,0,,1,True,Active,09-30-2026,Active
6069-410-085,https://www.digikey.com/en/products/detail/digilent-inc/6069-410-085/23334398,0,1229.01,Active,https://www.newark.com,0,0,,0,False,Active,09-30-2026,Inactive
866576-03C,https://www.digikey.com/en/products/detail/ni/866576-03C/27259359,0,9790.7,Active,https://www.newark.com/ni-now-part-of-emerson/866576-03c/vehicle-temp-bundle-4-slot-c-series/dp/87AK1915,0,7064,DIRECT_SHIP,0,False,Active,09-30-2026,Inactive
778807-35,https://www.digikey.com/en/products/detail/ni/778807-35/15668172,0,3642.66,Obsolete,https://www.newark.com/ni-now-part-of-emerson/778807-35/test-software-diadem-advanced/dp/15AJ5414,0,5172,STOCKED,0,False,Active,09-30-2026,Inactive
763390-01,https://www.digikey.com/en/products/detail/ni/763390-01/16647684,0,218.99,Active,https://www.newark.com/ni-now-part-of-emerson/763390-01/test-cable-assembly-coaxial-cable/dp/13AJ3631,0,158,DIRECT_SHIP,0,False,Active,09-30-2026,Inactive
783169-01,https://www.digikey.com/en/products/detail/ni/783169-01/16648766,1,5064.75,Active,https://www.newark.com,0,0,,1,True,Active,09-30-2026,Active
782690-01,https://www.digikey.com/en/products/detail/ni/782690-01/16648463,0,0,Obsolete,https://www.newark.com,0,0,,0,False,Obsolete,09-30-2026,Inactive
787568-01,https://www.digikey.com/en/products/detail/ni/787568-01/18710231,3,57.38,Active,https://www.newark.com,0,0,,3,True,Active,09-30-2026,Active
789600-18511,https://www.digikey.com/en/products/detail/ni/789600-18511/27259622,0,202965.84,Active,https://www.newark.com/ni-now-part-of-emerson/789600-18511/vector-sgnl-transceiver-pxie-5842/dp/87AK1897,0,146440,DIRECT_SHIP,0,False,Active,09-30-2026,Inactive
784333-35WM,https://www.digikey.com/en/products/detail/ni/784333-35WM/27259342,0,0,Discontinued at DigiKey,https://www.newark.com/ni-now-part-of-emerson/784333-35wm/test-software-software-platform/dp/15AJ1077,0,34939,STOCKED,0,False,Active,09-30-2026,Inactive
786324-01,https://www.digikey.com/en/products/detail/ni/786324-01/16648505,0,1110.18667,Active,https://www.newark.com/ni-now-part-of-emerson/786324-01/fan-replacement-kit-pxie-1095/dp/15AJ5790,2,817.02,DIRECT_SHIP,2,True,Active,09-30-2026,Active
865605-01,https://www.digikey.com/en/products/detail/ni/865605-01/16647422,0,0,Obsolete,https://www.newark.com/ni-now-part-of-emerson/865605-01/mydaqiworx-bioinstrumentation/dp/47AK3200,0,2187,DIRECT_SHIP,0,False,Active,09-30-2026,Inactive
779373-02,https://www.digikey.com/en/products/detail/ni/779373-02/15219151,2,1643.62,Active,https://www.newark.com,0,0,,2,True,Active,09-30-2026,Active
6069-410-136,https://www.digikey.com/en/products/detail/digilent-inc/6069-410-136/23334460,3,3179.02,Active,https://www.newark.com,0,0,,3,True,Active,09-30-2026,Active
784399-01,https://www.digikey.com/en/products/detail/ni/784399-01/15219001,7,3089.25,Active,https://www.newark.com,0,0,,7,True,Active,09-30-2026,Active
785481-01,https://www.digikey.com/en/products/detail/ni/785481-01/18710439,0,174.636,Active,https://www.newark.com/ni-now-part-of-emerson/785481-01/rf-cable-mmpx-m-to-mmpx-m-0-122/dp/47AK3132,0,126,DIRECT_SHIP,0,False,Active,09-30-2026,Inactive
789600-18210,https://www.digikey.com/en/products/detail/ni/789600-18210/27259360,0,243726.71,Active,https://www.newark.com/ni-now-part-of-emerson/789600-18210/vector-sgnl-transceiver-pxie-5842/dp/87AK1893,0,175849,DIRECT_SHIP,0,False,Active,09-30-2026,Inactive
193132-02,https://www.digikey.com/en/products/detail/ni/193132-02/12817714,7,578.25,Active,https://www.newark.com,0,0,,7,True,Active,09-30-2026,Active
194612-10,https://www.digikey.com/en/products/detail/ni/194612-10/15219129,27,61.88,Active,https://www.newark.com,0,0,,27,True,Active,09-30-2026,Active
785624-01,https://www.digikey.com/en/products/detail/ni/785624-01/16648216,3,6501.38,Active,https://www.newark.com,0,0,,3,True,Active,09-30-2026,Active
785047-01,https://www.digikey.com/en/products/detail/ni/785047-01/15218940,3,1498.5,Active,https://www.newark.com,0,0,,3,True,Active,09-30-2026,Active
183045-01,https://www.digikey.com/en/products/detail/ni/183045-01/12817699,7,66.38,Active,https://www.newark.com,0,0,,7,True,Active,09-30-2026,Active
788670-01,https://www.digikey.com/en/products/detail/ni/788670-01/27259372,0,44672.17,Active,https://www.newark.com/ni-now-part-of-emerson/788670-01/software-defined-radio-usrp-x440/dp/80AK8525,0,32231,DIRECT_SHIP,0,False,Active,09-30-2026,Inactive
786370-01,https://www.digikey.com/en/products/detail/ni/786370-01/16647631,0,10095.75,Active,https://www.newark.com/ni-now-part-of-emerson/786370-01/controller-compactrio-crio-9046/dp/14AJ6277,0,9153.48,DIRECT_SHIP,0,False,Active,09-30-2026,Inactive
782353-01,https://www.digikey.com/en/products/detail/ni/782353-01/16647822,0,10316,Active,https://www.newark.com/ni-now-part-of-emerson/782353-01/counter-timer-module-pxie-6614/dp/13AJ4018,0,7443,DIRECT_SHIP,0,False,Active,09-30-2026,Inactive
778975-01,https://www.digikey.com/en/products/detail/ni/778975-01/16648784,0,6141.37,Active,https://www.newark.com/ni-now-part-of-emerson/778975-01/counter-timer-module-pxi-6624/dp/14AJ4764,0,4431,DIRECT_SHIP,0,False,Active,09-30-2026,Inactive
779593-01,https://www.digikey.com/en/products/detail/ni/779593-01/15218891,10,2521.12,Active,https://www.newark.com,0,0,,10,True,Active,09-30-2026,Active
782954-01,https://www.digikey.com/en/products/detail/ni/782954-01/16648877,3,19578.38,Active,https://www.newark.com,0,0,,3,True,Active,09-30-2026,Active
785486-01,https://www.digikey.com/en/products/detail/ni/785486-01/16647924,3,213.75,Active,https://www.newark.com,0,0,,3,True,Active,09-30-2026,Active
410-310,https://www.digikey.com/en/products/detail/digilent-inc/410-310/5125352,1029,37,Active,https://www.newark.com,0,0,,1029,True,Active,09-30-2026,Active
783625-01,https://www.digikey.com/en/products/detail/ni/783625-01/16648411,0,27344.25,Active,https://www.newark.com/ni-now-part-of-emerson/783625-01/fpga-module-flexrio-pxie-7976/dp/14AJ5770,0,24306,DIRECT_SHIP,0,False,Active,09-30-2026,Inactive
780587-43,https://www.digikey.com/en/products/detail/ni/780587-43/16648198,0,11976.43,Active,https://www.newark.com/ni-now-part-of-emerson/780587-43/mux-sw-module-pxie-2543-6-6ghz/dp/14AJ5130,0,8641,DIRECT_SHIP,0,False,Active,09-30-2026,Inactive
6002-240-013,https://www.digikey.com/en/products/detail/digilent-inc/6002-240-013/18154814,148,194.04,Active,https://www.newark.com,0,0,,148,True,Active,09-30-2026,Active
781068-01,https://www.digikey.com/en/products/detail/ni/781068-01/15218935,0,1685.25,Active,https://www.newark.com/ni-now-part-of-emerson/781068-01/voltage-current-module-c-series/dp/13AJ3960,0,1527.96,DIRECT_SHIP,0,False,Active,09-30-2026,Inactive
6069-240-008,https://www.digikey.com/en/products/detail/digilent-inc/6069-240-008/23334457,0,39,Active,https://www.newark.com,0,0,,0,False,Active,09-30-2026,Inactive
785598-02,https://www.digikey.com/en/products/detail/ni/785598-02/16647450,0,45294.48,Active,https://www.newark.com/ni-now-part-of-emerson/785598-02/sgnl-gen-flexrio-pxie-5745-w-ao/dp/14AJ6111,0,32680,DIRECT_SHIP,0,False,Active,09-30-2026,Inactive
786196-01,https://www.digikey.com/en/products/detail/ni/786196-01/18710046,0,88.7,Active,https://www.newark.com/ni-now-part-of-emerson/786196-01/rf-cable-mmpx-m-to-bnc-m-1-0-meter/dp/47AK3155,0,64,DIRECT_SHIP,0,False,Active,09-30-2026,Inactive
866576-04,https://www.digikey.com/en/products/detail/ni/866576-04/27259644,0,10725.48,Active,https://www.newark.com/ni-now-part-of-emerson/866576-04/vehicle-strainload-bundle/dp/87AK1916,0,9931,DIRECT_SHIP,0,False,Active,09-30-2026,Inactive
785623-01,https://www.digikey.com/en/products/detail/ni/785623-01/16648170,0,7581.38,Active,https://www.newark.com/ni-now-part-of-emerson/785623-01/controller-compactrio-crio-9045/dp/13AJ4141,3,6873.78,DIRECT_SHIP,3,True,Active,09-30-2026,Active
410-378,https://www.digikey.com/en/products/detail/digilent-inc/410-378/9445908,160,27,Active,https://www.newark.com,0,0,,160,True,Active,09-30-2026,Active
786796-01,https://www.digikey.com/en/products/detail/ni/786796-01/15218973,0,230.08,Active,https://www.newark.com/ni-now-part-of-emerson/786796-01/panel-mounting-kit/dp/14AJ6333,0,166,DIRECT_SHIP,0,False,Active,09-30-2026,Inactive
188377-01,https://www.digikey.com/en/products/detail/ni/188377-01/16647971,5,186.75,Active,https://www.newark.com,0,0,,5,True,Active,09-30-2026,Active
763000-01,https://www.digikey.com/en/products/detail/ni/763000-01/16648377,24,30.38,Active,https://www.newark.com,0,0,,24,True,Active,09-30-2026,Active
782999-01,https://www.digikey.com/en/products/detail/ni/782999-01/15219169,31,393.75,Active,https://www.newark.com,0,0,,31,True,Active,09-30-2026,Active
780695-01,https://www.digikey.com/en/products/detail/ni/780695-01/16648466,2,3136.5,Active,https://www.newark.com,0,0,,2,True,Active,09-30-2026,Active
785890-01,https://www.digikey.com/en/products/detail/ni/785890-01/18709938,0,813.58,Active,https://www.newark.com/ni-now-part-of-emerson/785890-01/rio-mezzanine-card-sbrio-9698/dp/14AJ6216,0,587,DIRECT_SHIP,0,False,Active,09-30-2026,Inactive
788204-01,https://www.digikey.com/en/products/detail/ni/788204-01/18710602,0,496.18833,Active,https://www.newark.com/ni-now-part-of-emerson/788204-01/usrp-x4xx-power-supply-100-240vac/dp/47AK3196,0,358,DIRECT_SHIP,0,False,Active,09-30-2026,Inactive
783087-01,https://www.digikey.com/en/products/detail/ni/783087-01/16647189,0,9991.12,Active,https://www.newark.com/ni-now-part-of-emerson/783087-01/soundvibration-module-pxie-4464/dp/14AJ5659,0,9769.1,DIRECT_SHIP,0,False,Active,09-30-2026,Inactive
785650-01,https://www.digikey.com/en/products/detail/ni/785650-01/16647361,0,55227.94,Active,https://www.newark.com/ni-now-part-of-emerson/785650-01/pcie-5774-flexrio-digitizer-2/dp/37AJ7139,0,39847,DIRECT_SHIP,0,False,Active,09-30-2026,Inactive
787525-01,https://www.digikey.com/en/products/detail/ni/787525-01/18710021,4,423,Active,https://www.newark.com,0,0,,4,True,Active,09-30-2026,Active
778572-66,https://www.digikey.com/en/products/detail/ni/778572-66/16648485,5,3127.5,Active,https://www.newark.com,0,0,,5,True,Active,09-30-2026,Active
778056-03,https://www.digikey.com/en/products/detail/ni/778056-03/16648461,0,1003.46333,Active,https://www.newark.com/ni-now-part-of-emerson/778056-03/calibration-hardware-adapter-for/dp/47AK3071,0,724,DIRECT_SHIP,0,False,Active,09-30-2026,Inactive
778572-10,https://www.digikey.com/en/products/detail/ni/778572-10/16647423,0,9146.21,Active,https://www.newark.com/ni-now-part-of-emerson/778572-10/sgnl-insertion-sw-module-pxi-2510/dp/13AJ3751,0,6599,DIRECT_SHIP,0,False,Active,09-30-2026,Inactive
780683-01,https://www.digikey.com/en/products/detail/ni/780683-01/16647959,1,3082.5,Active,https://www.newark.com,0,0,,1,True,Active,09-30-2026,Active
6069-410-064,https://www.digikey.com/en/products/detail/digilent-inc/6069-410-064/16970325,62,809,Active,https://www.newark.com,0,0,,62,True,Active,09-30-2026,Active
783802-01,https://www.digikey.com/en/products/detail/ni/783802-01/18710433,0,324.32375,Active,https://www.newark.com/ni-now-part-of-emerson/783802-01/adapter-ni-6738-test-measurement/dp/14AJ5809,0,234,DIRECT_SHIP,0,False,Active,09-30-2026,Inactive
785710-02,https://www.digikey.com/en/products/detail/ni/785710-02/18709994,0,70.69,Active,https://www.newark.com/ni-now-part-of-emerson/785710-02/test-cable-assembly-power-cable/dp/14AJ6162,0,51,DIRECT_SHIP,0,False,Active,09-30-2026,Inactive
198159-01,https://www.digikey.com/en/products/detail/ni/198159-01/15218963,45,31.5,Active,https://www.newark.com,0,0,,45,True,Active,09-30-2026,Active
784840-01,https://www.digikey.com/en/products/detail/ni/784840-01/16647986,0,2353.43,Active,https://www.newark.com/ni-now-part-of-emerson/784840-01/fan-top-kit-for-rmx-10011-19in/dp/47AK3121,0,1698,DIRECT_SHIP,0,False,Active,09-30-2026,Inactive
783809-02,https://www.digikey.com/en/products/detail/ni/783809-02/18710540,0,246.71,Active,https://www.newark.com/ni-now-part-of-emerson/783809-02/test-cable-assembly-coaxial-cable/dp/14AJ5812,0,178,DIRECT_SHIP,0,False,Active,09-30-2026,Inactive
782385-06,https://www.digikey.com/en/products/detail/ni/782385-06/18710456,0,913.5,Active,https://www.newark.com/ni-now-part-of-emerson/782385-06/tb-tb-2642b-2532b/dp/14AJ5529,0,812,DIRECT_SHIP,0,False,Active,09-30-2026,Inactive
786455-01,https://www.digikey.com/en/products/detail/ni/786455-01/13983429,1,10935,Active,https://www.newark.com,0,0,,1,True,Active,09-30-2026,Active
780174-01,https://www.digikey.com/en/products/detail/ni/780174-01/15219141,2,1481.62,Active,https://www.newark.com,0,0,,2,True,Active,09-30-2026,Active
781044-01,https://www.digikey.com/en/products/detail/ni/781044-01/12817720,31,1112.62,Active,https://www.newark.com,0,0,,31,True,Active,09-30-2026,Active
138285-0150,https://www.digikey.com/en/products/detail/ni/138285-0150/27259649,0,948.02,Active,https://www.newark.com/ni-now-part-of-emerson/138285-0150/test-accessory-1-85mm-plug-plug/dp/87AK1816,0,684,DIRECT_SHIP,0,False,Active,09-30-2026,Inactive
788600-01,https://www.digikey.com/en/products/detail/ni/788600-01/27259623,2,1847.54,Active,https://www.newark.com,0,0,,2,True,Active,09-30-2026,Active
786503-01,https://www.digikey.com/en/products/detail/ni/786503-01/16818592,4,26681.62,Active,https://www.newark.com,0,0,,4,True,Active,09-30-2026,Active
198588-01,https://www.digikey.com/en/products/detail/ni/198588-01/18710316,0,516.98,Active,https://www.newark.com/ni-now-part-of-emerson/198588-01/test-cable-assembly-custom-cable/dp/14AJ7210,0,373,DIRECT_SHIP,0,False,Active,09-30-2026,Inactive
780338-01,https://www.digikey.com/en/products/detail/ni/780338-01/16647279,1,12289.5,Active,https://www.newark.com,0,0,,1,True,Active,09-30-2026,Active
780339-01,https://www.digikey.com/en/products/detail/ni/780339-01/16647856,0,16431.03,Active,https://www.newark.com/ni-now-part-of-emerson/780339-01/multifunction-i-o-module-reconfigurable/dp/14AJ5083,0,11855,DIRECT_SHIP,0,False,Active,09-30-2026,Inactive
784001-35WM,https://www.digikey.com/en/products/detail/ni/784001-35WM/27259660,0,0,Discontinued at DigiKey,https://www.newark.com/ni-now-part-of-emerson/784001-35wm/test-software/dp/15AJ0927,0,20153,STOCKED,0,False,Active,09-30-2026,Inactive
240-052,https://www.digikey.com/en/products/detail/digilent-inc/240-052/4090099,53,21,Active,https://www.newark.com,0,0,,53,True,Active,09-30-2026,Active
778044-35,https://www.digikey.com/en/products/detail/ni/778044-35/18710132,0,803.99,Active,https://www.newark.com/ni-now-part-of-emerson/778044-35/test-software-vision-development/dp/14AJ7349,0,629,STOCKED,0,False,Active,09-30-2026,Inactive
787882-01,https://www.digikey.com/en/products/detail/ni/787882-01/16842317,1,9099,Active,https://www.newark.com,0,0,,1,True,Active,09-30-2026,Active
778572-84,https://www.digikey.com/en/products/detail/ni/778572-84/16647943,2,4689,Active,https://www.newark.com,0,0,,2,True,Active,09-30-2026,Active
158534-02,https://www.digikey.com/en/products/detail/ni/158534-02/15219203,3,118,Active,https://www.newark.com,0,0,,3,True,Active,09-30-2026,Active
240-057,https://www.digikey.com/en/products/detail/digilent-inc/240-057/9445917,115,21,Active,https://www.newark.com,0,0,,115,True,Active,09-30-2026,Active
776164-02,https://www.digikey.com/en/products/detail/ni/776164-02/18710207,6,349.88,Active,https://www.newark.com,0,0,,6,True,Active,09-30-2026,Active
778810-35,https://www.digikey.com/en/products/detail/ni/778810-35/15668178,0,7700.02,Active,https://www.newark.com/ni-now-part-of-emerson/778810-35/test-software-diadem/dp/15AJ5415,0,7700,STOCKED,0,False,Active,09-30-2026,Inactive
866574-02P,https://www.digikey.com/en/products/detail/ni/866574-02P/27259697,0,18245.3,Active,https://www.newark.com/ni-now-part-of-emerson/866574-02p/ni-electronics-power-validation/dp/86AK2073,0,13164,DIRECT_SHIP,0,False,Active,09-30-2026,Inactive
182845-01,https://www.digikey.com/en/products/detail/ni/182845-01/16648061,78,74.25,Active,https://www.newark.com,0,0,,78,True,Active,09-30-2026,Active
785954-01,https://www.digikey.com/en/products/detail/ni/785954-01/16647362,0,44.35,Active,https://www.newark.com,0,0,,0,False,Active,09-30-2026,Inactive
780879-02,https://www.digikey.com/en/products/detail/ni/780879-02/18710326,0,1710,Active,https://www.newark.com/ni-now-part-of-emerson/780879-02/serial-interface-module-sbrio/dp/14AJ5164,0,1520,DIRECT_SHIP,0,False,Active,09-30-2026,Inactive
779956-01,https://www.digikey.com/en/products/detail/ni/779956-01/18710142,0,604.12,Active,https://www.newark.com/ni-now-part-of-emerson/779956-01/test-cable-assembly-switch-cable/dp/13AJ3900,0,537,DIRECT_SHIP,0,False,Active,09-30-2026,Inactive
788899-01,https://www.digikey.com/en/products/detail/ni/788899-01/27259693,0,1941.785,Active,https://www.newark.com/ni-now-part-of-emerson/788899-01/16-gb-ddr4-3200-so-dimm-ram-for/dp/70AK5205,0,1429.02,DIRECT_SHIP,0,False,Active,09-30-2026,Inactive
781623-01,https://www.digikey.com/en/products/detail/ni/781623-01/16648383,0,178.79429,Active,https://www.newark.com/ni-now-part-of-emerson/781623-01/chassis-fan-replacement-kit/dp/15AJ5761,1,131.58,DIRECT_SHIP,1,True,Active,09-30-2026,Active
6069-410-205,https://www.digikey.com/en/products/detail/digilent-inc/6069-410-205/23334332,1,99,Active,https://www.newark.com,0,0,,1,True,Active,09-30-2026,Active
784226-01,https://www.digikey.com/en/products/detail/ni/784226-01/16647439,0,42275.77,Active,https://www.newark.com/ni-now-part-of-emerson/784226-01/pxi-oscilloscope-pxie-5172-100mhz/dp/14AJ5905,0,30502,DIRECT_SHIP,0,False,Active,09-30-2026,Inactive
786199-02,https://www.digikey.com/en/products/detail/ni/786199-02/18710399,0,383.92,Active,https://www.newark.com/ni-now-part-of-emerson/786199-02/rf-cable-mmpx-m-to-sma-m-2-meter/dp/47AK3160,0,277,DIRECT_SHIP,0,False,Active,09-30-2026,Inactive
784306-01,https://www.digikey.com/en/products/detail/ni/784306-01/16648108,7,4674.38,Active,https://www.newark.com,0,0,,7,True,Active,09-30-2026,Active
780271-01,https://www.digikey.com/en/products/detail/ni/780271-01/18710056,0,1125.43333,Active,https://www.newark.com/ni-now-part-of-emerson/780271-01/tb-tb-2637/dp/14AJ5073,0,812,DIRECT_SHIP,0,False,Active,09-30-2026,Inactive
781348-01,https://www.digikey.com/en/products/detail/ni/781348-01/16648871,3,5045.62,Active,https://www.newark.com,0,0,,3,True,Active,09-30-2026,Active
782271-01,https://www.digikey.com/en/products/detail/ni/782271-01/16648392,1,193.5,Active,https://www.newark.com,0,0,,1,True,Active,09-30-2026,Active
788264-01,https://www.digikey.com/en/products/detail/ni/788264-01/18710356,0,3188.25,Active,https://www.newark.com/ni-now-part-of-emerson/788264-01/pcie-gen3-interface-kit-for-ettus/dp/25AK8143,0,2834,DIRECT_SHIP,0,False,Active,09-30-2026,Inactive
780046-02,https://www.digikey.com/en/products/detail/ni/780046-02/18709870,0,119.25,Active,https://www.newark.com/ni-now-part-of-emerson/780046-02/test-psu-usb-data-acquisition/dp/14AJ5020,0,106,DIRECT_SHIP,0,False,Active,09-30-2026,Inactive
785944-01,https://www.digikey.com/en/products/detail/ni/785944-01/16648541,0,120.38,Active,https://www.newark.com/ni-now-part-of-emerson/785944-01/ip67-gigabit-ethernet-shielded/dp/25AK9173,0,107,DIRECT_SHIP,0,False,Active,09-30-2026,Inactive
783773-11,https://www.digikey.com,0,0,,https://www.newark.com,0,0,,0,False,Obsolete,09-30-2026,Inactive
785712-01,https://www.digikey.com/en/products/detail/ni/785712-01/18709717,0,63.76,Active,https://www.newark.com/ni-now-part-of-emerson/785712-01/test-cable-assembly-power-cable/dp/14AJ6164,0,46,DIRECT_SHIP,0,False,Active,09-30-2026,Inactive
868002-03,https://www.digikey.com/en/products/detail/ni/868002-03/27259211,0,49739.38,Active,https://www.newark.com/ni-now-part-of-emerson/868002-03/usrp-x410-labview-bundle-for-6g/dp/65AK0405,0,35887,DIRECT_SHIP,0,False,Active,09-30-2026,Inactive
138950-01,https://www.digikey.com/en/products/detail/ni/138950-01/27259596,0,802.495,Active,https://www.newark.com/ni-now-part-of-emerson/138950-01/test-cable-assembly-1m/dp/87AK1820,0,579,DIRECT_SHIP,0,False,Active,09-30-2026,Inactive
783982-01,https://www.digikey.com/en/products/detail/ni/783982-01/16647999,0,494.80167,Active,https://www.newark.com/ni-now-part-of-emerson/783982-01/optical-transceiver-sfp-850-nm/dp/14AJ5863,0,357,DIRECT_SHIP,0,False,Active,09-30-2026,Inactive
783690-01,https://www.digikey.com/en/products/detail/ni/783690-01/16648105,0,23356.87,Active,https://www.newark.com/ni-now-part-of-emerson/783690-01/pxi-oscilloscope-pxie-5170-100mhz/dp/14AJ5782,0,16852,DIRECT_SHIP,0,False,Active,09-30-2026,Inactive
789126-01,https://www.digikey.com/en/products/detail/ni/789126-01/27259597,1,2409.75,Active,https://www.newark.com,0,0,,1,True,Active,09-30-2026,Active
787057-01,https://www.digikey.com/en/products/detail/ni/787057-01/16647609,0,77.62,Active,https://www.newark.com/ni-now-part-of-emerson/787057-01/test-cable-assembly/dp/14AJ6382,0,56,DIRECT_SHIP,0,False,Active,09-30-2026,Inactive
789156-01,https://www.digikey.com/en/products/detail/ni/789156-01/27047761,10,1798.88,Active,https://www.newark.com,0,0,,10,True,Active,09-30-2026,Active
6069-410-164,https://www.digikey.com/en/products/detail/digilent-inc/6069-410-164/23334355,1,249,Active,https://www.newark.com,0,0,,1,True,Active,09-30-2026,Active
789864-01,https://www.digikey.com,0,0,,https://www.newark.com,0,0,,0,False,Obsolete,09-30-2026,Inactive
785896-01,https://www.digikey.com/en/products/detail/ni/785896-01/16647457,0,250.866,Active,https://www.newark.com/ni-emerson/785896-01/rti-12305-for-hd44-connector/dp/47AK3139,0,181,DIRECT_SHIP,0,False,Active,09-30-2026,Inactive
410-263,https://www.digikey.com/en/products/detail/digilent-inc/410-263/4840860,69,21,Active,https://www.newark.com,0,0,,69,True,Active,09-30-2026,Active
787108-01,https://www.digikey.com/en/products/detail/ni/787108-01/16647212,0,79,Active,https://www.newark.com/ni-now-part-of-emerson/787108-01/test-cable-assembly/dp/14AJ6386,0,57,DIRECT_SHIP,0,False,Active,09-30-2026,Inactive
781099-02,https://www.digikey.com/en/products/detail/ni/781099-02/15219207,0,3009.38,Active,https://www.newark.com/ni-now-part-of-emerson/781099-02/current-i-p-module-c-series-ni/dp/14AJ5227,0,2728.5,DIRECT_SHIP,0,False,Active,09-30-2026,Inactive
787038-0R3,https://www.digikey.com/en/products/detail/ni/787038-0R3/16647776,0,108.11,Active,https://www.newark.com/ni-now-part-of-emerson/787038-0r3/test-cable-assembly-fielddaq-cable/dp/14AJ6373,0,78,DIRECT_SHIP,0,False,Active,09-30-2026,Inactive
784522-35,https://www.digikey.com/en/products/detail/ni/784522-35/15668164,0,2212.56,Active,https://www.newark.com/ni-now-part-of-emerson/784522-35/test-software/dp/15AJ1159,10,1731,STOCKED,10,True,Active,09-30-2026,Active
785717-01,https://www.digikey.com/en/products/detail/ni/785717-01/18710184,0,647.26,Active,https://www.newark.com/ni-now-part-of-emerson/785717-01/test-cable-assembly-power-cable/dp/14AJ6175,0,467,DIRECT_SHIP,0,False,Active,09-30-2026,Inactive
783522-35WM,https://www.digikey.com/en/products/detail/ni/783522-35WM/27259577,0,0,Discontinued at DigiKey,https://www.newark.com/ni-now-part-of-emerson/783522-35wm/test-software/dp/15AJ0545,0,8343,STOCKED,0,False,Active,09-30-2026,Inactive
788431-35,https://www.digikey.com/en/products/detail/ni/788431-35/18710990,0,1855.95,Active,https://www.newark.com/ni-now-part-of-emerson/788431-35/test-software/dp/95AJ6911,0,1452,STOCKED,0,False,Active,09-30-2026,Inactive
781425-01,https://www.digikey.com/en/products/detail/ni/781425-01/15218960,85,616.5,Active,https://www.newark.com,0,0,,85,True,Active,09-30-2026,Active
786666-01,https://www.digikey.com/en/products/detail/ni/786666-01/18710648,0,5541.23,Active,https://www.newark.com/ni-now-part-of-emerson/786666-01/iso-10376-6-cal-coil-1-antenna/dp/37AJ7435,0,3998,DIRECT_SHIP,0,False,Active,09-30-2026,Inactive
778644-02,https://www.digikey.com/en/products/detail/ni/778644-02/18710286,0,523.12,Active,https://www.newark.com/ni-now-part-of-emerson/778644-02/rack-mount-kit-rear-pxi-1045/dp/13AJ3799,7,474.3,DIRECT_SHIP,7,True,Active,09-30-2026,Active
788167-33,https://www.digikey.com/en/products/detail/ni/788167-33/18710446,0,12727.12,Active,https://www.newark.com/ni-now-part-of-emerson/788167-33/pxie-8862-2-6-ghz-8-core-i7-controller/dp/83AK3809,0,11313,DIRECT_SHIP,0,False,Active,09-30-2026,Inactive
784141-01,https://www.digikey.com/en/products/detail/ni/784141-01/15218905,0,227.30364,Active,https://www.newark.com/ni-now-part-of-emerson/784141-01/half-bridge-adapter-ni-9986/dp/14AJ5885,0,164,DIRECT_SHIP,0,False,Active,09-30-2026,Inactive
782426-01,https://www.digikey.com/en/products/detail/ni/782426-01/18709861,0,150.75,Active,https://www.newark.com/ni-now-part-of-emerson/782426-01/test-cable-assembly-switch-cable/dp/14AJ5544,0,134,DIRECT_SHIP,0,False,Active,09-30-2026,Inactive
790660-01,https://www.digikey.com/en/products/detail/ni/790660-01/28173889,0,0,Obsolete,https://www.newark.com/ni-now-part-of-emerson/790660-01/pxie-8862-pxi-ctrl-2-6ghz-512gb/dp/52AM0128,0,6936,DIRECT_SHIP,0,False,Active,09-30-2026,Inactive
132249-01,https://www.digikey.com/en/products/detail/ni/132249-01/18710656,0,1648.12,Active,https://www.newark.com/ni-now-part-of-emerson/132249-01/ecuts-b2-adapter-board/dp/32AK4701,0,1465,DIRECT_SHIP,0,False,Active,09-30-2026,Inactive
788441-35,https://www.digikey.com/en/products/detail/ni/788441-35/18710989,0,1910.91,Active,https://www.newark.com/ni-now-part-of-emerson/788441-35/test-software/dp/95AJ6924,0,1495,STOCKED,0,False,Active,09-30-2026,Inactive
784140-01,https://www.digikey.com/en/products/detail/ni/784140-01/15219188,0,227.3,Active,https://www.newark.com/ni-now-part-of-emerson/784140-01/quarter-bridge-adapter-ni-9985f/dp/14AJ5884,0,164,DIRECT_SHIP,0,False,Active,09-30-2026,Inactive
875437-01,https://www.digikey.com,0,0,,https://www.newark.com,0,0,,0,False,Obsolete,09-30-2026,Inactive
779897-35,https://www.digikey.com,0,0,,https://www.newark.com,0,0,,0,False,Obsolete,09-30-2026,Inactive
785995-01,https://www.digikey.com/en/products/detail/ni/785995-01/15218894,0,4002.75,Active,https://www.newark.com/ni-now-part-of-emerson/785995-01/strain-bridge-i-p-module-c-series/dp/14AJ6243,11,3629.16,DIRECT_SHIP,11,True,Active,09-30-2026,Active
784364-02,https://www.digikey.com/en/products/detail/ni/784364-02/16647344,1,13232.25,Active,https://www.newark.com,0,0,,1,True,Active,09-30-2026,Active
778472-01,https://www.digikey.com/en/products/detail/ni/778472-01/12817813,18,420.75,Active,https://www.newark.com,0,0,,18,True,Active,09-30-2026,Active
192017-02,https://www.digikey.com/en/products/detail/ni/192017-02/16647867,24,140.62,Active,https://www.newark.com,0,0,,24,True,Active,09-30-2026,Active
782253-01,https://www.digikey.com/en/products/detail/ni/782253-01/12817675,2,4304.25,Active,https://www.newark.com,0,0,,2,True,Active,09-30-2026,Active
779955-01,https://www.digikey.com/en/products/detail/ni/779955-01/18710652,0,452.25,Active,https://www.newark.com/ni-now-part-of-emerson/779955-01/test-cable-assembly-switch-cable/dp/14AJ4993,0,402,DIRECT_SHIP,0,False,Active,09-30-2026,Inactive
157543-020,https://www.digikey.com/en/products/detail/ni/157543-020/18709882,0,88.88,Active,https://www.newark.com/ni-now-part-of-emerson/157543-020/standoff-7-15mm-chassis-pack-of/dp/14AJ7076,0,79,DIRECT_SHIP,0,False,Active,09-30-2026,Inactive
410-349,https://www.digikey.com/en/products/detail/digilent-inc/410-349/7244987,71,50,Active,https://www.newark.com,0,0,,71,True,Active,09-30-2026,Active
785115-01,https://www.digikey.com/en/products/detail/ni/785115-01/16648563,0,10474.88,Active,https://www.newark.com/ni-now-part-of-emerson/785115-01/waveform-gen-pxie-5423-40mhz-16/dp/14AJ6046,0,9311,DIRECT_SHIP,0,False,Active,09-30-2026,Inactive
790658-0118,https://www.digikey.com/en/products/detail/ni/790658-0118/28173881,0,7207.2,Active,https://www.newark.com/ni-now-part-of-emerson/790658-0118/controller-pxie-8842-512-gb-6/dp/52AM0126,0,5200,DIRECT_SHIP,0,False,Active,09-30-2026,Inactive
6002-410-040,https://www.digikey.com/en/products/detail/digilent-inc/6002-410-040/26946459,3,247,Active,https://www.newark.com,0,0,,3,True,Active,09-30-2026,Active
787289-02,https://www.digikey.com/en/products/detail/ni/787289-02/16648160,0,3818.25,Active,https://www.newark.com/ni-now-part-of-emerson/787289-02/sbrio-9609-1-91-ghz-quad-core/dp/38AJ3160,0,3394,DIRECT_SHIP,0,False,Active,09-30-2026,Inactive
784170-01,https://www.digikey.com/en/products/detail/ni/784170-01/16648898,0,3542.62,Active,https://www.newark.com/ni-now-part-of-emerson/784170-01/pcb-triaxial-accelerometer-100mv/dp/54AJ8787,0,2556,DIRECT_SHIP,0,False,Active,09-30-2026,Inactive
790064-01,https://www.digikey.com/en/products/detail/ni/790064-01/26716947,0,5011.88,Active,https://www.newark.com/ni-now-part-of-emerson/790064-01/temp-i-p-device-fd-11614-16ch/dp/26AM6815,0,4544.1,DIRECT_SHIP,0,False,Active,09-30-2026,Inactive
778476-54,https://www.digikey.com/en/products/detail/ni/778476-54/16647203,0,1614.69,Active,https://www.newark.com/ni-now-part-of-emerson/778476-54/serial-interface-device-usb-485/dp/13AJ3744,0,1165,DIRECT_SHIP,0,False,Active,09-30-2026,Inactive
137446-01,https://www.digikey.com/en/products/detail/ni/137446-01/18710181,0,882.88,Active,https://www.newark.com/ni-now-part-of-emerson/137446-01/test-accessory-3-5mm-plug-plug/dp/87AK1810,0,637,DIRECT_SHIP,0,False,Active,09-30-2026,Inactive
783780-01,https://www.digikey.com/en/products/detail/ni/783780-01/18709739,4,74.25,Active,https://www.newark.com,0,0,,4,True,Active,09-30-2026,Active
782358-01,https://www.digikey.com/en/products/detail/ni/782358-01/16647296,0,13858.61,Active,https://www.newark.com/ni-now-part-of-emerson/782358-01/transfer-sw-module-pxi-2798-40ghz/dp/14AJ5519,0,9999,DIRECT_SHIP,0,False,Active,09-30-2026,Inactive
6069-310-022,https://www.digikey.com/en/products/detail/digilent-inc/6069-310-022/23334404,0,35.8,Active,https://www.newark.com,0,0,,0,False,Active,09-30-2026,Inactive
785586-01,https://www.digikey.com/en/products/detail/ni/785586-01/16647574,0,60400.49,Active,https://www.newark.com/ni-now-part-of-emerson/785586-01/if-transceiver-flexrio-pxie-5785/dp/14AJ6105,0,43579,DIRECT_SHIP,0,False,Active,09-30-2026,Inactive
410-068,https://www.digikey.com/en/products/detail/digilent-inc/410-068/3902803,476,16,Active,https://www.newark.com,0,0,,476,True,Active,09-30-2026,Active
310-021-4,https://www.digikey.com/en/products/detail/digilent-inc/310-021-4/27259611,0,13.552,Active,https://www.newark.com,0,0,,0,False,Active,09-30-2026,Inactive
763067-01,https://www.digikey.com/en/products/detail/ni/763067-01/16647827,1,64.12,Active,https://www.newark.com,0,0,,1,True,Active,09-30-2026,Active
788427-35,https://www.digikey.com/en/products/detail/ni/788427-35/18710206,0,2686.78,Active,https://www.newark.com/ni-now-part-of-emerson/788427-35/test-software-vision-development/dp/95AJ6906,0,2102,STOCKED,0,False,Active,09-30-2026,Inactive
784761-01,https://www.digikey.com/en/products/detail/ni/784761-01/27259353,0,6521.13,Active,https://www.newark.com/ni-now-part-of-emerson/784761-01/rmx-4120-1u-dc-power-supply-750w/dp/71AJ9012,0,4705,DIRECT_SHIP,0,False,Active,09-30-2026,Inactive
143555-0R5,https://www.digikey.com/en/products/detail/ni/143555-0R5/16648301,1,69.75,Active,https://www.newark.com,0,0,,1,True,Active,09-30-2026,Active
789117-01,https://www.digikey.com/en/products/detail/ni/789117-01/26581966,6,1686.38,Active,https://www.newark.com,0,0,,6,True,Active,09-30-2026,Active
785502-01,https://www.digikey.com/en/products/detail/ni/785502-01/15219177,124,76.5,Active,https://www.newark.com,0,0,,124,True,Active,09-30-2026,Active
780688-02,https://www.digikey.com/en/products/detail/ni/780688-02/16648427,1,5144.62,Active,https://www.newark.com,0,0,,1,True,Active,09-30-2026,Active
776164-01,https://www.digikey.com/en/products/detail/ni/776164-01/18710532,0,410.26,Active,https://www.newark.com/ni-now-part-of-emerson/776164-01/tb-cb-50-type-nb1-cbl-0-5m/dp/13AJ3640,0,296,DIRECT_SHIP,0,False,Active,09-30-2026,Inactive
138951-0R5,https://www.digikey.com/en/products/detail/ni/138951-0R5/27259183,0,248.62,Active,https://www.newark.com/ni-now-part-of-emerson/138951-0r5/test-cable-assembly-500mm/dp/87AK1822,0,221,DIRECT_SHIP,0,False,Active,09-30-2026,Inactive
182419-01,https://www.digikey.com/en/products/detail/ni/182419-01/18710345,0,414.41,Active,https://www.newark.com/ni-now-part-of-emerson/182419-01/test-cable-assembly-multifunction/dp/13AJ3371,0,299,DIRECT_SHIP,0,False,Active,09-30-2026,Inactive
781345-01,https://www.digikey.com/en/products/detail/ni/781345-01/16647278,0,10944,Active,https://www.newark.com/ni-now-part-of-emerson/781345-01/strain-bridge-i-p-module-pxie/dp/14AJ5293,0,9728,DIRECT_SHIP,0,False,Active,09-30-2026,Inactive
786199-01,https://www.digikey.com/en/products/detail/ni/786199-01/18710440,0,230.07636,Active,https://www.newark.com/ni-now-part-of-emerson/786199-01/rf-cable-mmpx-m-to-sma-m-1-meter/dp/47AK3159,0,166,DIRECT_SHIP,0,False,Active,09-30-2026,Inactive
782461-10,https://www.digikey.com/en/products/detail/ni/782461-10/16648623,0,389.47,Active,https://www.newark.com/ni-now-part-of-emerson/782461-10/signal-relay-replacement-kit/dp/15AJ5779,0,281,DIRECT_SHIP,0,False,Active,09-30-2026,Inactive
778572-99,https://www.digikey.com/en/products/detail/ni/778572-99/16648868,0,4981.28,Active,https://www.newark.com/ni-now-part-of-emerson/778572-99/relay-module-pxi-2599-26-5ghz/dp/13AJ3794,0,3594,DIRECT_SHIP,0,False,Active,09-30-2026,Inactive
410-384,https://www.digikey.com/en/products/detail/digilent-inc/410-384/10287715,14,699,Active,https://www.newark.com,0,0,,14,True,Active,09-30-2026,Active
788399-35,https://www.digikey.com/en/products/detail/ni/788399-35/18710637,0,3052.34,Active,https://www.newark.com/ni-now-part-of-emerson/788399-35/test-software-multisim/dp/95AJ6891,0,2388,STOCKED,0,False,Active,09-30-2026,Inactive
779038-02,https://www.digikey.com/en/products/detail/ni/779038-02/18710035,1,1213.88,Active,https://www.newark.com,0,0,,1,True,Active,09-30-2026,Active
786774-01,https://www.digikey.com/en/products/detail/ni/786774-01/16648140,0,3650.72,Active,https://www.newark.com/ni-now-part-of-emerson/786774-01/solid-state-driver-upgrade-m-2/dp/14AJ6326,0,2634,DIRECT_SHIP,0,False,Active,09-30-2026,Inactive
410-394-1,https://www.digikey.com/en/products/detail/digilent-inc/410-394-1/14010382,9,940,Active,https://www.newark.com,0,0,,9,True,Active,09-30-2026,Active
785550-03,https://www.digikey.com/en/products/detail/ni/785550-03/16647627,15,652.5,Active,https://www.newark.com,0,0,,15,True,Active,09-30-2026,Active
6002-240-012,https://www.digikey.com/en/products/detail/digilent-inc/6002-240-012/16072934,2,81.81,Active,https://www.newark.com,0,0,,2,True,Active,09-30-2026,Active
785920-01,https://www.digikey.com/en/products/detail/ni/785920-01/16647268,1,1764,Active,https://www.newark.com,0,0,,1,True,Active,09-30-2026,Active
875408-01,https://www.digikey.com,0,0,,https://www.newark.com,0,0,,0,False,Obsolete,09-30-2026,Inactive
779891-03,https://www.digikey.com/en/products/detail/ni/779891-03/16647677,0,2299.37,Active,https://www.newark.com/ni-now-part-of-emerson/779891-03/serial-interface-module-c-series/dp/15AJ5739,0,1659,DIRECT_SHIP,0,False,Active,09-30-2026,Inactive
782066-01,https://www.digikey.com/en/products/detail/ni/782066-01/18709812,0,317.39375,Active,https://www.newark.com/ni-now-part-of-emerson/782066-01/power-supply-power-supply-for/dp/57AJ1154,0,229,DIRECT_SHIP,0,False,Active,09-30-2026,Inactive
186838-02,https://www.digikey.com/en/products/detail/ni/186838-02/18710225,0,393.62,Active,https://www.newark.com/ni-now-part-of-emerson/186838-02/test-cable-assembly-multifunction/dp/13AJ3447,0,284,DIRECT_SHIP,0,False,Active,09-30-2026,Inactive
783415-01,https://www.digikey.com/en/products/detail/ni/783415-01/15219042,0,327.1,Active,https://www.newark.com/ni-now-part-of-emerson/783415-01/quarter-bridge-adapter-ni-9984d/dp/14AJ5716,0,236,DIRECT_SHIP,0,False,Active,09-30-2026,Inactive
784255-01,https://www.digikey.com/en/products/detail/ni/784255-01/16648119,0,3040.88,Active,https://www.newark.com/ni-now-part-of-emerson/784255-01/oscilloscope-test-probe-sa1000x/dp/14AJ5914,0,2194,DIRECT_SHIP,0,False,Active,09-30-2026,Inactive
410-395,https://www.digikey.com/en/products/detail/digilent-inc/410-395/19188910,10,520,Active,https://www.newark.com,0,0,,10,True,Active,09-30-2026,Active
761289-16,https://www.digikey.com/en/products/detail/ni/761289-16/27259390,0,232.88,Active,https://www.newark.com/ni-now-part-of-emerson/761289-16/terminal-plug-housing-16-pin-screw/dp/13AJ3613,0,207,DIRECT_SHIP,0,False,Active,09-30-2026,Inactive
875405-01,https://www.digikey.com,0,0,,https://www.newark.com,0,0,,0,False,Obsolete,09-30-2026,Inactive
781450-10,https://www.digikey.com/en/products/detail/ni/781450-10/16647568,0,375.60571,Active,https://www.newark.com/ni-now-part-of-emerson/781450-10/relay-replacement-kit-switch-mod/dp/15AJ5758,0,271,DIRECT_SHIP,0,False,Active,09-30-2026,Inactive
779325-01,https://www.digikey.com/en/products/detail/ni/779325-01/18710359,0,92.25,Active,https://www.newark.com/ni-now-part-of-emerson/779325-01/test-cable-assembly-switch-cable/dp/14AJ4845,0,82,DIRECT_SHIP,0,False,Active,09-30-2026,Inactive
779017-01,https://www.digikey.com/en/products/detail/ni/779017-01/15219131,1,88.88,Active,https://www.newark.com,0,0,,1,True,Active,09-30-2026,Active
196236-1R5,https://www.digikey.com/en/products/detail/ni/196236-1R5/16647490,0,6163.54,Active,https://www.newark.com/ni-now-part-of-emerson/196236-1r5/test-cable-assembly-lvds-cable/dp/13AJ3544,0,4447,DIRECT_SHIP,0,False,Active,09-30-2026,Inactive
868063-06,https://www.digikey.com/en/products/detail/ni/868063-06/27259600,0,30015.22,Active,https://www.newark.com/ni-now-part-of-emerson/868063-06/usrp-n320-oai-bundle-for-5g6g/dp/87AK1945,0,21656,DIRECT_SHIP,0,False,Active,09-30-2026,Inactive
6069-410-029,https://www.digikey.com/en/products/detail/digilent-inc/6069-410-029/16984416,42,689,Active,https://www.newark.com,0,0,,42,True,Active,09-30-2026,Active
781060-01,https://www.digikey.com/en/products/detail/ni/781060-01/16648557,1,2782.12,Active,https://www.newark.com,0,0,,1,True,Active,09-30-2026,Active
778621-02,https://www.digikey.com/en/products/detail/ni/778621-02/15218896,16,117,Active,https://www.newark.com,0,0,,16,True,Active,09-30-2026,Active
787858-01,https://www.digikey.com/en/products/detail/ni/787858-01/18710338,0,4500.34,Active,https://www.newark.com/ni-now-part-of-emerson/787858-01/test-accessory-32-channel/dp/75AJ3260,0,3247,DIRECT_SHIP,0,False,Active,09-30-2026,Inactive
182845-03,https://www.digikey.com/en/products/detail/ni/182845-03/16648891,3,100.12,Active,https://www.newark.com,0,0,,3,True,Active,09-30-2026,Active
785521-01,https://www.digikey.com/en/products/detail/ni/785521-01/16648642,0,353.43,Active,https://www.newark.com/ni-now-part-of-emerson/785521-01/spare-mounting-rails-24u-qty-2/dp/75AJ3204,0,255,DIRECT_SHIP,0,False,Active,09-30-2026,Inactive
189425-0R6,https://www.digikey.com/en/products/detail/ni/189425-0R6/18710613,0,413.03,Active,https://www.newark.com/ni-now-part-of-emerson/189425-0r6/test-cable-assembly-coaxial-cable/dp/13AJ3472,0,298,DIRECT_SHIP,0,False,Active,09-30-2026,Inactive
781584-01,https://www.digikey.com/en/products/detail/ni/781584-01/18710641,0,12264.75,Active,https://www.newark.com/ni-now-part-of-emerson/781584-01/ge-cpci-5565piorc-compactpci-reflective/dp/37AJ2381,0,10902,DIRECT_SHIP,0,False,Active,09-30-2026,Inactive
786082-01,https://www.digikey.com/en/products/detail/ni/786082-01/16647921,0,4155.23,Active,https://www.newark.com/ni-now-part-of-emerson/786082-01/nfc-forum-reference-poller-6-antenna/dp/37AJ7282,0,2998,DIRECT_SHIP,0,False,Active,09-30-2026,Inactive
784808-01,https://www.digikey.com/en/products/detail/ni/784808-01/18709735,0,299.25,Active,https://www.newark.com/ni-now-part-of-emerson/784808-01/lfh-connector-to-two-male-d-sub/dp/69AJ1451,0,266,DIRECT_SHIP,0,False,Active,09-30-2026,Inactive
787230-0R2,https://www.digikey.com/en/products/detail/ni/787230-0R2/16647912,0,113.65,Active,https://www.newark.com/ni-now-part-of-emerson/787230-0r2/test-cable-assembly-coaxial-cable/dp/14AJ6398,0,82,DIRECT_SHIP,0,False,Active,09-30-2026,Inactive
789601-26211,https://www.digikey.com/en/products/detail/ni/789601-26211/27259451,0,284220.09,Active,https://www.newark.com/ni-now-part-of-emerson/789601-26211/pxie-5842-vst-2ghz-analysis-generation/dp/47AM1336,0,205065,DIRECT_SHIP,0,False,Active,09-30-2026,Inactive
782444-01,https://www.digikey.com/en/products/detail/ni/782444-01/16818588,2,1143,Active,https://www.newark.com,0,0,,2,True,Active,09-30-2026,Active
785192-01,https://www.digikey.com/en/products/detail/ni/785192-01/15219147,82,1094.62,Active,https://www.newark.com,0,0,,82,True,Active,09-30-2026,Active
788280-01,https://www.digikey.com/en/products/detail/ni/788280-01/16818584,1,896.62,Active,https://www.newark.com,0,0,,1,True,Active,09-30-2026,Active
778249-35,https://www.digikey.com/en/products/detail/ni/778249-35/15668165,0,6931,Obsolete,https://www.newark.com/ni-now-part-of-emerson/778249-35/test-software-labview-professional/dp/15AJ5404,0,9625,STOCKED,0,False,Active,09-30-2026,Inactive
787089-02,https://www.digikey.com,0,0,,https://www.newark.com,0,0,,0,False,Obsolete,09-30-2026,Inactive
788148-01,https://www.digikey.com/en/products/detail/ni/788148-01/27259225,0,237.38,Active,https://www.newark.com/ni-now-part-of-emerson/788148-01/usrp-x4xx-desktop-stack-accessory/dp/08AM1638,0,211,DIRECT_SHIP,0,False,Active,09-30-2026,Inactive
867123-04,https://www.digikey.com/en/products/detail/ni/867123-04/27259459,0,8391.6,Active,https://www.newark.com,0,0,,0,False,Active,09-30-2026,Inactive
789124-01,https://www.digikey.com/en/products/detail/ni/789124-01/26581960,0,1537.88,Active,https://www.newark.com/ni-now-part-of-emerson/789124-01/voltage-i-p-module-c-series-ni/dp/26AM2100,0,1394.34,DIRECT_SHIP,0,False,Active,09-30-2026,Inactive
788565-01,https://www.digikey.com/en/products/detail/ni/788565-01/27259632,0,342835.42,Active,https://www.newark.com/ni-now-part-of-emerson/788565-01/ni-pxie-5842-vst-23-ghz-2-ghz/dp/77AK5507,0,247356,DIRECT_SHIP,0,False,Active,09-30-2026,Inactive
781069-01,https://www.digikey.com/en/products/detail/ni/781069-01/16648024,0,1805.96,Active,https://www.newark.com/ni-now-part-of-emerson/781069-01/voltage-current-i-p-module-c-series/dp/14AJ5217,0,1303,DIRECT_SHIP,0,False,Active,09-30-2026,Inactive
780689-02,https://www.digikey.com/en/products/detail/ni/780689-02/16647674,0,13613.29,Active,https://www.newark.com/ni-now-part-of-emerson/780689-02/interface-module-flexray-pci-8517/dp/14AJ5150,0,9822,DIRECT_SHIP,0,False,Active,09-30-2026,Inactive
250-140,https://www.digikey.com/en/products/detail/digilent-inc/250-140/18154821,147,32,Active,https://www.newark.com,0,0,,147,True,Active,09-30-2026,Active
778848-35,https://www.digikey.com/en/products/detail/ni/778848-35/27259341,0,2640.76,Active,https://www.newark.com/ni-now-part-of-emerson/778848-35/test-software-analog-waveform/dp/14AJ7634,0,2066,STOCKED,0,False,Active,09-30-2026,Inactive
788443-35,https://www.digikey.com/en/products/detail/ni/788443-35/18710559,0,1771.59,Active,https://www.newark.com/ni-now-part-of-emerson/788443-35/test-software/dp/95AJ6931,0,1386,STOCKED,0,False,Active,09-30-2026,Inactive
783758-01,https://www.digikey.com/en/products/detail/ni/783758-01/16648633,0,0,Obsolete,https://www.newark.com/ni-now-part-of-emerson/783758-01/student-embedded-device-myrio/dp/14AJ5797,0,1499,NO_LONGER_STOCKED,0,False,Obsolete,09-30-2026,Inactive
779969-02,https://www.digikey.com/en/products/detail/ni/779969-02/16648178,1,3712.5,Active,https://www.newark.com,0,0,,1,True,Active,09-30-2026,Active
779558-01,https://www.digikey.com/en/products/detail/ni/779558-01/15219191,4,87.75,Active,https://www.newark.com,0,0,,4,True,Active,09-30-2026,Active
788719-01,https://www.digikey.com/en/products/detail/ni/788719-01/27259647,0,32548.82,Active,https://www.newark.com/ni-now-part-of-emerson/788719-01/interface-module-pxie-1487-8-port/dp/87AK1852,0,23484,DIRECT_SHIP,0,False,Active,09-30-2026,Inactive
781131-01,https://www.digikey.com/en/products/detail/ni/781131-01/18709824,0,913.5,Active,https://www.newark.com/ni-now-part-of-emerson/781131-01/tb-tb-2648-2531-as-4x128-matrix/dp/14AJ5236,0,812,DIRECT_SHIP,0,False,Active,09-30-2026,Inactive
782607-01,https://www.digikey.com/en/products/detail/ni/782607-01/12817844,7,770.62,Active,https://www.newark.com,0,0,,7,True,Active,09-30-2026,Active
786372-01,https://www.digikey.com/en/products/detail/ni/786372-01/16647487,0,632.25,Active,https://www.newark.com/ni-now-part-of-emerson/786372-01/rack-mount-kit-rear-extended-recess/dp/14AJ6279,17,573.24,DIRECT_SHIP,17,True,Active,09-30-2026,Active
6069-410-191,https://www.digikey.com/en/products/detail/digilent-inc/6069-410-191/23334426,5,579,Active,https://www.newark.com,0,0,,5,True,Active,09-30-2026,Active
778968-01,https://www.digikey.com/en/products/detail/ni/778968-01/12817798,1,886.5,Active,https://www.newark.com,0,0,,1,True,Active,09-30-2026,Active
789131-01,https://www.digikey.com/en/products/detail/ni/789131-01/26581964,15,1274.62,Active,https://www.newark.com,0,0,,15,True,Active,09-30-2026,Active
6002-410-039,https://www.digikey.com/en/products/detail/digilent-inc/6002-410-039/26946462,1,2349.02,Active,https://www.newark.com,0,0,,1,True,Active,09-30-2026,Active
787289-01,https://www.digikey.com/en/products/detail/ni/787289-01/16648818,0,6230.07,Active,https://www.newark.com/ni-now-part-of-emerson/787289-01/controller-compactrio-sbrio-9609/dp/14AJ6403,0,4495,DIRECT_SHIP,0,False,Active,09-30-2026,Inactive
783676-01,https://www.digikey.com/en/products/detail/ni/783676-01/18710161,0,166.32,Active,https://www.newark.com/ni-now-part-of-emerson/783676-01/power-adapter-12v-60w-with-lock/dp/56AJ3264,0,122.4,DIRECT_SHIP,0,False,Active,09-30-2026,Inactive
787247-01,https://www.digikey.com/en/products/detail/ni/787247-01/18710158,0,1352.25,Active,https://www.newark.com/ni-now-part-of-emerson/787247-01/solid-state-driver-pcie-2-5-500/dp/14AJ6399,2,1226.04,DIRECT_SHIP,2,True,Active,09-30-2026,Active
763405-01,https://www.digikey.com/en/products/detail/ni/763405-01/16648813,1,184.5,Active,https://www.newark.com,0,0,,1,True,Active,09-30-2026,Active
184698-01,https://www.digikey.com/en/products/detail/ni/184698-01/16648691,4,249,Active,https://www.newark.com,0,0,,4,True,Active,09-30-2026,Active
787003-01,https://www.digikey.com/en/products/detail/ni/787003-01/18710182,0,748.12,Active,https://www.newark.com/ni-now-part-of-emerson/787003-01/test-cable-assembly-analog-cable/dp/14AJ6365,0,665,DIRECT_SHIP,0,False,Active,09-30-2026,Inactive
778802-35WM,https://www.digikey.com/en/products/detail/ni/778802-35WM/27259699,0,0,Discontinued at DigiKey,https://www.newark.com/ni-now-part-of-emerson/778802-35wm/test-software-measurement-studio/dp/14AJ7613,0,1279,STOCKED,0,False,Active,09-30-2026,Inactive
781687-01,https://www.digikey.com/en/products/detail/ni/781687-01/18710703,1,819,Active,https://www.newark.com,0,0,,1,True,Active,09-30-2026,Active
781986-27,https://www.digikey.com/en/products/detail/ni/781986-27/16648731,0,8596.12,Active,https://www.newark.com/ni-now-part-of-emerson/781986-27/programmable-resistor-module-pxie/dp/14AJ5444,3,7793.82,DIRECT_SHIP,3,True,Active,09-30-2026,Active
193128-01,https://www.digikey.com/en/products/detail/ni/193128-01/16648255,8,82.12,Active,https://www.newark.com,0,0,,8,True,Active,09-30-2026,Active
782775-01,https://www.digikey.com/en/products/detail/ni/782775-01/16818615,13,124.88,Active,https://www.newark.com,0,0,,13,True,Active,09-30-2026,Active
789600-08510,https://www.digikey.com/en/products/detail/ni/789600-08510/27259558,0,105895.94,Active,https://www.newark.com/ni-now-part-of-emerson/789600-08510/vector-sgnl-transceiver-pxie-5842/dp/87AK1878,0,76404,DIRECT_SHIP,0,False,Active,09-30-2026,Inactive
153171-01,https://www.digikey.com/en/products/detail/ni/153171-01/18710414,7,405,Active,https://www.newark.com,0,0,,7,True,Active,09-30-2026,Active
783522-35,https://www.digikey.com/en/products/detail/ni/783522-35/27259694,0,10664.02,Active,https://www.newark.com/ni-now-part-of-emerson/783522-35/test-software/dp/15AJ5426,0,8509.86,STOCKED,0,False,Active,09-30-2026,Inactive
787433-01,https://www.digikey.com/en/products/detail/ni/787433-01/16647811,3,1527.37,Active,https://www.newark.com,0,0,,3,True,Active,09-30-2026,Active
867115-02,https://www.digikey.com/en/products/detail/ni/867115-02/16916075,0,8195.62,Active,https://www.newark.com,0,0,,0,False,Active,09-30-2026,Inactive
789600-12210,https://www.digikey.com/en/products/detail/ni/789600-12210/27259248,0,218513.99,Active,https://www.newark.com/ni-now-part-of-emerson/789600-12210/vector-sgnl-transceiver-pxie-5842/dp/87AK1884,0,157658,DIRECT_SHIP,0,False,Active,09-30-2026,Inactive
6069-410-102,https://www.digikey.com/en/products/detail/digilent-inc/6069-410-102/23334401,3,1595.01,Active,https://www.newark.com,0,0,,3,True,Active,09-30-2026,Active
868106-01B,https://www.digikey.com/en/products/detail/ni/868106-01B/27259534,0,28881.47,Active,https://www.newark.com/ni-now-part-of-emerson/868106-01b/test-reference-architecture-static/dp/97AK1629,0,20838,DIRECT_SHIP,0,False,Active,09-30-2026,Inactive
191945-01,https://www.digikey.com/en/products/detail/ni/191945-01/12709351,3,199.12,Active,https://www.newark.com,0,0,,3,True,Active,09-30-2026,Active
783376-02,https://www.digikey.com/en/products/detail/ni/783376-02/16647805,0,4176.02,Active,https://www.newark.com/ni-now-part-of-emerson/783376-02/chassis-ni-9149-compactrio-system/dp/14AJ5707,0,3013,DIRECT_SHIP,0,False,Active,09-30-2026,Inactive
786209-02,https://www.digikey.com/en/products/detail/ni/786209-02/18709821,0,66.53,Active,https://www.newark.com/ni-now-part-of-emerson/786209-02/power-cord-ac-iec-c15-to-nema/dp/82AJ0179,0,48,DIRECT_SHIP,0,False,Active,09-30-2026,Inactive
781368-01,https://www.digikey.com/en/products/detail/ni/781368-01/16648350,0,2459.25,Active,https://www.newark.com/ni-now-part-of-emerson/781368-01/chassis-pxie-1071-pxi-system-4/dp/13AJ3985,12,2229.72,DIRECT_SHIP,12,True,Active,09-30-2026,Active
788385-35,https://www.digikey.com/en/products/detail/ni/788385-35/18710233,0,2105.2,Active,https://www.newark.com/ni-now-part-of-emerson/788385-35/test-software-measurement-studio/dp/95AJ6872,0,1647,STOCKED,0,False,Active,09-30-2026,Inactive
6069-300-001,https://www.digikey.com,0,0,,https://www.newark.com,0,0,,0,False,Obsolete,09-30-2026,Inactive
786988-01,https://www.digikey.com/en/products/detail/ni/786988-01/16648622,1,4053.38,Active,https://www.newark.com,0,0,,1,True,Active,09-30-2026,Active
785023-06,https://www.digikey.com/en/products/detail/ni/785023-06/16647573,0,41.58,Active,https://www.newark.com/ni-now-part-of-emerson/785023-06/power-cord-for-usrp-rio-uk/dp/27AJ2537,0,30,DIRECT_SHIP,0,False,Active,09-30-2026,Inactive
410-426,https://www.digikey.com/en/products/detail/digilent-inc/410-426/23334329,150,79,Active,https://www.newark.com,0,0,,150,True,Active,09-30-2026,Active
779083-01,https://www.digikey.com/en/products/detail/ni/779083-01/12817721,1,752.62,Active,https://www.newark.com,0,0,,1,True,Active,09-30-2026,Active
784183-01,https://www.digikey.com/en/products/detail/ni/784183-01/16648020,0,46286.86,Active,https://www.newark.com/ni-now-part-of-emerson/784183-01/pxie-5164-pxi-oscilloscope-400/dp/37AJ6841,0,33396,DIRECT_SHIP,0,False,Active,09-30-2026,Inactive
779004-02,https://www.digikey.com/en/products/detail/ni/779004-02/15219140,0,292.44556,Active,https://www.newark.com/ni-now-part-of-emerson/779004-02/digital-o-p-module-c-series-ni/dp/14AJ4771,0,211,DIRECT_SHIP,0,False,Active,09-30-2026,Inactive
786306-01,https://www.digikey.com/en/products/detail/ni/786306-01/16648081,5,1377,Active,https://www.newark.com,0,0,,5,True,Active,09-30-2026,Active
781049-01,https://www.digikey.com/en/products/detail/ni/781049-01/12817890,3,2752.88,Active,https://www.newark.com,0,0,,3,True,Active,09-30-2026,Active
787879-01,https://www.digikey.com/en/products/detail/ni/787879-01/16647834,0,8180.17,Active,https://www.newark.com/ni-now-part-of-emerson/787879-01/crio-9055-1-33-ghz-dual-core-artix/dp/47AK3193,8,6020.04,DIRECT_SHIP,8,True,Active,09-30-2026,Active
787302-01,https://www.digikey.com/en/products/detail/ni/787302-01/18710647,0,1926.54,Active,https://www.newark.com/ni-now-part-of-emerson/787302-01/software-defined-radio-device/dp/27AJ2582,0,1390,DIRECT_SHIP,0,False,Active,09-30-2026,Inactive
782909-02,https://www.digikey.com/en/products/detail/ni/782909-02/16648692,1,70.88,Active,https://www.newark.com,0,0,,1,True,Active,09-30-2026,Active
783492-01,https://www.digikey.com/en/products/detail/ni/783492-01/18709893,0,941.09,Active,https://www.newark.com/ni-now-part-of-emerson/783492-01/usrp-rio-1u-rack-mount-2-usrp/dp/27AJ2504,0,679,DIRECT_SHIP,0,False,Active,09-30-2026,Inactive
779500-07,https://www.digikey.com/en/products/detail/ni/779500-07/16647535,7,455.62,Active,https://www.newark.com,0,0,,7,True,Active,09-30-2026,Active
763427-30,https://www.digikey.com/en/products/detail/ni/763427-30/18709977,0,918.92,Active,https://www.newark.com/ni-now-part-of-emerson/763427-30/test-cable-assembly/dp/13AJ3633,0,663,DIRECT_SHIP,0,False,Active,09-30-2026,Inactive
198303-01,https://www.digikey.com/en/products/detail/ni/198303-01/15218915,1,61.88,Active,https://www.newark.com,0,0,,1,True,Active,09-30-2026,Active
787926-01,https://www.digikey.com/en/products/detail/ni/787926-01/18709847,0,38638.91,Active,https://www.newark.com/ni-now-part-of-emerson/787926-01/field-diagnostic-tester-for-ecu/dp/47AK3194,0,27878,DIRECT_SHIP,0,False,Active,09-30-2026,Inactive
790068-01,https://www.digikey.com/en/products/detail/ni/790068-01/29172216,1,2244.38,Active,https://www.newark.com,0,0,,1,True,Active,09-30-2026,Active
786771-01,https://www.digikey.com/en/products/detail/ni/786771-01/16647458,0,6076.22,Active,https://www.newark.com/ni-now-part-of-emerson/786771-01/ethernet-interface-module-automotive/dp/12AJ8041,0,4384,DIRECT_SHIP,0,False,Active,09-30-2026,Inactive
6069-410-093,https://www.digikey.com/en/products/detail/digilent-inc/6069-410-093/23334437,5,469,Active,https://www.newark.com,0,0,,5,True,Active,09-30-2026,Active
784662-01,https://www.digikey.com/en/products/detail/ni/784662-01/15293346,42,1722.38,Active,https://www.newark.com,0,0,,42,True,Active,09-30-2026,Active
779103-01,https://www.digikey.com/en/products/detail/ni/779103-01/15219160,1,417.38,Active,https://www.newark.com,0,0,,1,True,Active,09-30-2026,Active
198290-01,https://www.digikey.com/en/products/detail/ni/198290-01/16647208,0,101.178,Active,https://www.newark.com/ni-now-part-of-emerson/198290-01/test-cable-assembly-flexray-cable/dp/13AJ3576,0,73,DIRECT_SHIP,0,False,Active,09-30-2026,Inactive
193942-02,https://www.digikey.com/en/products/detail/ni/193942-02/16647829,0,205.12769,Active,https://www.newark.com/ni-now-part-of-emerson/193942-02/test-cable-assembly-can-lin-cable/dp/13AJ3521,0,148,DIRECT_SHIP,0,False,Active,09-30-2026,Inactive
788844-01,https://www.digikey.com/en/products/detail/ni/788844-01/27259521,0,114694.27,Active,https://www.newark.com/ni-now-part-of-emerson/788844-01/vector-sgnl-transceiver-pxie-5841/dp/87AK1858,0,82752,DIRECT_SHIP,0,False,Active,09-30-2026,Inactive
779696-35WM,https://www.digikey.com/en/products/detail/ni/779696-35WM/27259594,0,0,Discontinued at DigiKey,https://www.newark.com/ni-now-part-of-emerson/779696-35wm/test-software/dp/14AJ8494,0,7174,STOCKED,0,False,Active,09-30-2026,Inactive
779011-01,https://www.digikey.com/en/products/detail/ni/779011-01/15219132,26,1333.12,Active,https://www.newark.com,0,0,,26,True,Active,09-30-2026,Active
781421-15,https://www.digikey.com/en/products/detail/ni/781421-15/16648441,0,14411.63,Active,https://www.newark.com/ni-now-part-of-emerson/781421-15/matrix-module-swb-2815-6mhz-reed/dp/14AJ5331,0,10398,DIRECT_SHIP,0,False,Active,09-30-2026,Inactive
785167-01,https://www.digikey.com/en/products/detail/ni/785167-01/16648900,0,43754.63,Active,https://www.newark.com/ni-now-part-of-emerson/785167-01/pxie-5764-flexrio-digitizer-4/dp/37AJ7035,0,31569,DIRECT_SHIP,0,False,Active,09-30-2026,Inactive
410-394,https://www.digikey.com/en/products/detail/digilent-inc/410-394/14010381,30,1360,Active,https://www.newark.com,0,0,,30,True,Active,09-30-2026,Active
761000-01,https://www.digikey.com/en/products/detail/ni/761000-01/16648791,1,150.75,Active,https://www.newark.com,0,0,,1,True,Active,09-30-2026,Active
784776-02,https://www.digikey.com/en/products/detail/ni/784776-02/16648158,0,73683.92,Active,https://www.newark.com/ni-now-part-of-emerson/784776-02/rf-sgnl-gen-pxie-5654-10ghz-am/dp/14AJ6000,0,53163,DIRECT_SHIP,0,False,Active,09-30-2026,Inactive
156083-03,https://www.digikey.com/en/products/detail/ni/156083-03/18710086,0,279.97,Active,https://www.newark.com/ni-now-part-of-emerson/156083-03/test-cable-assembly-camera-cable/dp/13AJ3247,0,202,DIRECT_SHIP,0,False,Active,09-30-2026,Inactive
6069-410-042,https://www.digikey.com/en/products/detail/digilent-inc/6069-410-042/16970331,13,199,Active,https://www.newark.com,0,0,,13,True,Active,09-30-2026,Active
867015-03,https://www.digikey.com/en/products/detail/ni/867015-03/18710737,0,50478.75,Active,https://www.newark.com/ni-now-part-of-emerson/867015-03/pxie-scp5105-osc-bundle-1-5ghz/dp/47AM1352,0,44870,DIRECT_SHIP,0,False,Active,09-30-2026,Inactive
784234-01,https://www.digikey.com/en/products/detail/ni/784234-01/16647572,0,0,Obsolete,https://www.newark.com/ni-now-part-of-emerson/784234-01/msp-conn-myriomydaq/dp/14AJ5908,0,41,DIRECT_SHIP,0,False,Active,09-30-2026,Inactive
779556-01,https://www.digikey.com/en/products/detail/ni/779556-01/12817855,3,1009.12,Active,https://www.newark.com,0,0,,3,True,Active,09-30-2026,Active
783632-01,https://www.digikey.com/en/products/detail/ni/783632-01/16648324,2,6400.12,Active,https://www.newark.com,0,0,,2,True,Active,09-30-2026,Active
784271-35,https://www.digikey.com/en/products/detail/ni/784271-35/18710617,0,1889.18,Active,https://www.newark.com/ni-now-part-of-emerson/784271-35/test-software-diadem-advanced/dp/15AJ1049,0,1478,STOCKED,0,False,Active,09-30-2026,Inactive
788712-01,https://www.digikey.com/en/products/detail/ni/788712-01/27259204,0,32548.82,Active,https://www.newark.com/ni-now-part-of-emerson/788712-01/interface-module-fpd-link-iii/dp/87AK1847,0,23484,DIRECT_SHIP,0,False,Active,09-30-2026,Inactive
192061-02,https://www.digikey.com/en/products/detail/ni/192061-02/12817632,179,294.75,Active,https://www.newark.com,0,0,,179,True,Active,09-30-2026,Active
778415-01,https://www.digikey.com/en/products/detail/ni/778415-01/16648393,0,1270.96,Active,https://www.newark.com/ni-now-part-of-emerson/778415-01/test-cable-assembly-coaxial-cable/dp/14AJ7389,0,917,DIRECT_SHIP,0,False,Active,09-30-2026,Inactive
784503-35WM,https://www.digikey.com/en/products/detail/ni/784503-35WM/18710585,0,547.8,Discontinued at DigiKey,https://www.newark.com/ni-now-part-of-emerson/784503-35wm/test-software-labview-base-edition/dp/15AJ1158,0,560,STOCKED,0,False,Active,09-30-2026,Inactive
787037-0R3,https://www.digikey.com/en/products/detail/ni/787037-0R3/16648857,0,113.65,Active,https://www.newark.com/ni-now-part-of-emerson/787037-0r3/test-cable-assembly-fielddaq-cable/dp/14AJ6370,0,82,DIRECT_SHIP,0,False,Active,09-30-2026,Inactive
6069-410-116,https://www.digikey.com/en/products/detail/digilent-inc/6069-410-116/23334361,4,589,Active,https://www.newark.com,0,0,,4,True,Active,09-30-2026,Active
787272-02,https://www.digikey.com/en/products/detail/ni/787272-02/27259551,0,57302.78,Active,https://www.newark.com/ni-now-part-of-emerson/787272-02/usrp-x410-sdr-device-400mhz-4/dp/47AM1305,0,41344,DIRECT_SHIP,0,False,Active,09-30-2026,Inactive
784777-01,https://www.digikey.com/en/products/detail/ni/784777-01/16648462,0,80796.87,Active,https://www.newark.com/wurth-elektronik/784777010/inductor-aec-q200-1uh-shld-3-7a/dp/85AH8526,0,2.75,DIRECT_SHIP,0,False,Active,09-30-2026,Inactive
785622-01,https://www.digikey.com/en/products/detail/ni/785622-01/16647735,4,9749.25,Active,https://www.newark.com,0,0,,4,True,Active,09-30-2026,Active
781160-01,https://www.digikey.com/en/products/detail/ni/781160-01/16647662,1,4567.5,Active,https://www.newark.com,0,0,,1,True,Active,09-30-2026,Active
786575-01,https://www.digikey.com/en/products/detail/ni/786575-01/16648174,2,6630.05,Active,https://www.newark.com,0,0,,2,True,Active,09-30-2026,Active
782916-01,https://www.digikey.com/en/products/detail/ni/782916-01/16647886,1,12223.12,Active,https://www.newark.com,0,0,,1,True,Active,09-30-2026,Active
783978-01,https://www.digikey.com/en/products/detail/ni/783978-01/16647983,0,2313.23,Active,https://www.newark.com/ni-now-part-of-emerson/783978-01/test-cable-assembly-high-speed/dp/14AJ5861,0,1669,DIRECT_SHIP,0,False,Active,09-30-2026,Inactive
785768-11,https://www.digikey.com/en/products/detail/ni/785768-11/16647786,0,8395,Active,https://www.newark.com/ni-now-part-of-emerson/785768-11/pxi-oscilloscope-pxie-5110-100mhz/dp/14AJ6186,2,6178.14,DIRECT_SHIP,2,True,Active,09-30-2026,Active
784664-01,https://www.digikey.com/en/products/detail/ni/784664-01/16647545,2,1722.38,Active,https://www.newark.com,0,0,,2,True,Active,09-30-2026,Active
786385-01,https://www.digikey.com/en/products/detail/ni/786385-01/16648264,0,139.98611,Active,https://www.newark.com/ni-now-part-of-emerson/786385-01/ubx-daughterboard-cpld-jtag-cable/dp/27AJ2562,0,101,DIRECT_SHIP,0,False,Active,09-30-2026,Inactive
786333-01,https://www.digikey.com/en/products/detail/ni/786333-01/16648590,0,16381.13,Active,https://www.newark.com/ni-now-part-of-emerson/786333-01/backend-kit-25-pcs-pxie-ctrl/dp/14AJ6260,0,11819,DIRECT_SHIP,0,False,Active,09-30-2026,Inactive
786335-01,https://www.digikey.com/en/products/detail/ni/786335-01/16647993,0,1929.31,Active,https://www.newark.com/ni-now-part-of-emerson/786335-01/scb-8-noise-rejecting-shielded/dp/27AJ2561,0,1392,DIRECT_SHIP,0,False,Active,09-30-2026,Inactive
187375-10,https://www.digikey.com/en/products/detail/ni/187375-10/13922171,0,81.77,Active,https://www.newark.com/ni-now-part-of-emerson/187375-10/test-cable-assembly-ethernet-cable/dp/13AJ3456,0,60.18,DIRECT_SHIP,0,False,Active,09-30-2026,Inactive
784400-01,https://www.digikey.com/en/products/detail/ni/784400-01/15219171,0,2941.88,Active,https://www.newark.com/ni-now-part-of-emerson/784400-01/voltage-i-p-module-c-series-ni/dp/14AJ5940,25,2667.3,DIRECT_SHIP,25,True,Active,09-30-2026,Active
152639-01,https://www.digikey.com/en/products/detail/ni/152639-01/18710210,0,265.5,Active,https://www.newark.com/ni-now-part-of-emerson/152639-01/rf-cable-sma-m-to-sma-m-pxie-5668/dp/47AK3062,0,236,DIRECT_SHIP,0,False,Active,09-30-2026,Inactive
783200-02,https://www.digikey.com/en/products/detail/ni/783200-02/16647273,0,8013.85,Active,https://www.newark.com/ni-now-part-of-emerson/783200-02/multifunction-i-o-device-reconfigurable/dp/13AJ4056,0,5782,DIRECT_SHIP,0,False,Active,09-30-2026,Inactive
785963-01,https://www.digikey.com/en/products/detail/ni/785963-01/16648660,0,2178.79,Active,https://www.newark.com/ni-now-part-of-emerson/785963-01/interface-module-can-c-series/dp/14AJ6231,0,1572,DIRECT_SHIP,0,False,Active,09-30-2026,Inactive
790691-01,https://www.digikey.com/en/products/detail/ni/790691-01/28173888,3,3936.38,Active,https://www.newark.com,0,0,,3,True,Active,09-30-2026,Active
782110-02,https://www.digikey.com,0,0,,https://www.newark.com/ni-now-part-of-emerson/782110-02/timingsynchronization-module/dp/25AM6112,0,4848.06,DIRECT_SHIP,0,False,Active,09-30-2026,Inactive
779305-01,https://www.digikey.com/en/products/detail/ni/779305-01/18710592,1,757.12,Active,https://www.newark.com,0,0,,1,True,Active,09-30-2026,Active
783831-01,https://www.digikey.com/en/products/detail/ni/783831-01/16647842,5,5064.75,Active,https://www.newark.com,0,0,,5,True,Active,09-30-2026,Active
866576-04C,https://www.digikey.com/en/products/detail/ni/866576-04C/27259421,0,13427.57,Active,https://www.newark.com/ni-now-part-of-emerson/866576-04c/vehicle-strainload-bundle/dp/87AK1917,0,9688,DIRECT_SHIP,0,False,Active,09-30-2026,Inactive
136691-0670,https://www.digikey.com/en/products/detail/ni/136691-0670/27259481,0,214.83,Active,https://www.newark.com/ni-now-part-of-emerson/136691-0670/test-accessory-sma-plug-plug-0/dp/87AK1805,0,155,DIRECT_SHIP,0,False,Active,09-30-2026,Inactive
783699-03,https://www.digikey.com/en/products/detail/ni/783699-03/16648288,0,1287.59,Active,https://www.newark.com/ni-now-part-of-emerson/783699-03/test-cable-assembly-transceiver/dp/14AJ5786,0,929,DIRECT_SHIP,0,False,Active,09-30-2026,Inactive
783660-01,https://www.digikey.com/en/products/detail/ni/783660-01/15218840,0,67.91405,Active,https://www.newark.com/ni-now-part-of-emerson/783660-01/sd-slot-cover/dp/14AJ5777,0,49,DIRECT_SHIP,0,False,Active,09-30-2026,Inactive
779003-02,https://www.digikey.com,0,0,,https://www.newark.com,0,0,,0,False,Obsolete,09-30-2026,Inactive
788393-35WM,https://www.digikey.com/en/products/detail/ni/788393-35WM/18710282,0,1284.42,Discontinued at DigiKey,https://www.newark.com/ni-now-part-of-emerson/788393-35wm/test-software-requirements-gateway/dp/95AJ6883,0,1300,STOCKED,0,False,Active,09-30-2026,Inactive
782256-01,https://www.digikey.com/en/products/detail/ni/782256-01/12817829,0,3051,Active,https://www.newark.com/ni-now-part-of-emerson/782256-01/multifunction-i-o-device-usb-6361/dp/14AJ5491,0,2766.24,DIRECT_SHIP,0,False,Active,09-30-2026,Inactive
153166-12,https://www.digikey.com/en/products/detail/ni/153166-12/18710653,2,75.38,Active,https://www.newark.com,0,0,,2,True,Active,09-30-2026,Active
778644-01,https://www.digikey.com/en/products/detail/ni/778644-01/18710396,20,523.12,Active,https://www.newark.com,0,0,,20,True,Active,09-30-2026,Active
6069-410-038,https://www.digikey.com/en/products/detail/digilent-inc/6069-410-038/21262914,1,4369.02,Active,https://www.newark.com,0,0,,1,True,Active,09-30-2026,Active
781011-03,https://www.digikey.com/en/products/detail/ni/781011-03/16648356,0,30426.86,Active,https://www.newark.com/ni-now-part-of-emerson/781011-03/digital-waveform-instrument-pxie/dp/14AJ5192,0,21953,DIRECT_SHIP,0,False,Active,09-30-2026,Inactive
781338-01,https://www.digikey.com/en/products/detail/ni/781338-01/16818605,0,824.62,Active,https://www.newark.com/ni-now-part-of-emerson/781338-01/tb-tb-4300-10v/dp/13AJ3979,18,747.66,DIRECT_SHIP,18,True,Active,09-30-2026,Active
781946-01,https://www.digikey.com/en/products/detail/ni/781946-01/16648129,2,1089,Active,https://www.newark.com,0,0,,2,True,Active,09-30-2026,Active
776800-35WM,https://www.digikey.com/en/products/detail/ni/776800-35WM/27259323,0,0,Discontinued at DigiKey,https://www.newark.com/ni-now-part-of-emerson/776800-35wm/test-software-labwindows-cvi/dp/14AJ7222,0,5929,STOCKED,0,False,Active,09-30-2026,Inactive
137445-01,https://www.digikey.com/en/products/detail/ni/137445-01/18709926,0,1711.71,Active,https://www.newark.com/ni-now-part-of-emerson/137445-01/test-accessory-3-5mm-plug-plug/dp/87AK1809,0,1235,DIRECT_SHIP,0,False,Active,09-30-2026,Inactive
786362-01,https://www.digikey.com/en/products/detail/ni/786362-01/15219127,0,941.09333,Active,https://www.newark.com/ni-now-part-of-emerson/786362-01/sd-card-industrial-16gb-40-c-to/dp/14AJ6271,0,679,DIRECT_SHIP,0,False,Active,09-30-2026,Inactive
778241-01,https://www.digikey.com/en/products/detail/ni/778241-01/18710722,0,646.88,Active,https://www.newark.com/ni-now-part-of-emerson/778241-01/tb-tb-2705-e-s-series-daq/dp/13AJ3726,0,575,DIRECT_SHIP,0,False,Active,09-30-2026,Inactive
140152-0R46,https://www.digikey.com/en/products/detail/ni/140152-0R46/18709959,0,187.11,Active,https://www.newark.com/ni-now-part-of-emerson/140152-0r46/test-cable-assembly-microphone/dp/13AJ3166,0,135,DIRECT_SHIP,0,False,Active,09-30-2026,Inactive
785166-01,https://www.digikey.com/en/products/detail/ni/785166-01/16647728,0,38205.09,Active,https://www.newark.com/ni-now-part-of-emerson/785166-01/pxie-5764-flexrio-digitizer-4/dp/37AJ7033,0,27565,DIRECT_SHIP,0,False,Active,09-30-2026,Inactive
250-060,https://www.digikey.com/en/products/detail/digilent-inc/250-060/4090050,153,6,Active,https://www.newark.com,0,0,,153,True,Active,09-30-2026,Active
6002-410-022,https://www.digikey.com/en/products/detail/digilent-inc/6002-410-022/16077826,59,1513.01,Last Time Buy,https://www.newark.com,0,0,,59,True,Active,09-30-2026,Active
783368-01,https://www.digikey.com/en/products/detail/ni/783368-01/12709346,130,1317.08,Active,https://www.newark.com,0,0,,130,True,Active,09-30-2026,Active
187949-01,https://www.digikey.com/en/products/detail/ni/187949-01/18709761,133,51.75,Active,https://www.newark.com,0,0,,133,True,Active,09-30-2026,Active
778839-01,https://www.digikey.com/en/products/detail/ni/778839-01/18710644,1,819,Active,https://www.newark.com,0,0,,1,True,Active,09-30-2026,Active
6069-410-015,https://www.digikey.com/en/products/detail/digilent-inc/6069-410-015/16077817,107,459,Active,https://www.newark.com,0,0,,107,True,Active,09-30-2026,Active
182805-010,https://www.digikey.com/en/products/detail/ni/182805-010/16648778,0,740.12,Active,https://www.newark.com/ni-now-part-of-emerson/182805-010/test-cable-assembly-fiber-optic/dp/13AJ3386,0,534,DIRECT_SHIP,0,False,Active,09-30-2026,Inactive
868106-01P,https://www.digikey.com/en/products/detail/ni/868106-01P/27259354,0,1665.97,Active,https://www.newark.com/ni-now-part-of-emerson/868106-01p/test-reference-architecture-static/dp/97AK1631,0,1202,DIRECT_SHIP,0,False,Active,09-30-2026,Inactive
782083-01,https://www.digikey.com/en/products/detail/ni/782083-01/16647858,0,1092.16667,Active,https://www.newark.com/ni-now-part-of-emerson/782083-01/sensor-kit-sensor-o2-cable-bung/dp/14AJ5467,0,788,DIRECT_SHIP,0,False,Active,09-30-2026,Inactive
783126-01,https://www.digikey.com/en/products/detail/ni/783126-01/16647696,0,42450.41,Active,https://www.newark.com/ni-now-part-of-emerson/783126-01/rf-sgnl-gen-pxie-5654-10ghz-am/dp/14AJ5670,0,30628,DIRECT_SHIP,0,False,Active,09-30-2026,Inactive
785946-03,https://www.digikey.com/en/products/detail/ni/785946-03/16647966,0,207.9,Active,https://www.newark.com/ni-now-part-of-emerson/785946-03/ip67-gigabit-ethernet-shielded/dp/32AK5511,0,150,DIRECT_SHIP,0,False,Active,09-30-2026,Inactive
786068-01,https://www.digikey.com/en/products/detail/ni/786068-01/16648326,0,9954.25,Active,https://www.newark.com/ni-now-part-of-emerson/786068-01/iso-10373-6-pcd-test-bench-2/dp/37AJ7268,0,7182,DIRECT_SHIP,0,False,Active,09-30-2026,Inactive
784144-01,https://www.digikey.com/en/products/detail/ni/784144-01/16647378,0,11711.7,Active,https://www.newark.com/ni-now-part-of-emerson/784144-01/multifunction-i-o-module-reconfigurable/dp/14AJ5888,0,8450,DIRECT_SHIP,0,False,Active,09-30-2026,Inactive
785185-02,https://www.digikey.com/en/products/detail/ni/785185-02/15219192,5,3126.38,Active,https://www.newark.com,0,0,,5,True,Active,09-30-2026,Active
781630-01,https://www.digikey.com/en/products/detail/ni/781630-01/12817898,4,3225.38,Active,https://www.newark.com,0,0,,4,True,Active,09-30-2026,Active
198405-01,https://www.digikey.com/en/products/detail/ni/198405-01/18710483,1,1379.25,Active,https://www.newark.com,0,0,,1,True,Active,09-30-2026,Active
789883-01,https://www.digikey.com/en/products/detail/ni/789883-01/27259234,0,4433.81,Active,https://www.newark.com/ni-now-part-of-emerson/789883-01/multifunction-i-o-device-usb-6453/dp/20AM8693,0,3199,DIRECT_SHIP,0,False,Active,09-30-2026,Inactive
785033-01,https://www.digikey.com/en/products/detail/ni/785033-01/16647780,0,8515.58,Active,https://www.newark.com/ni-now-part-of-emerson/785033-01/astronics-pxie-1209-100-mhz-dual/dp/36AJ3038,0,6144,DIRECT_SHIP,0,False,Active,09-30-2026,Inactive
785621-01,https://www.digikey.com/en/products/detail/ni/785621-01/16648558,0,10833.75,Active,https://www.newark.com/ni-now-part-of-emerson/785621-01/controller-compactrio-crio-9047/dp/14AJ6122,3,9822.6,DIRECT_SHIP,3,True,Active,09-30-2026,Active
868106-07B,https://www.digikey.com/en/products/detail/ni/868106-07B/27259445,0,201949.9,Active,https://www.newark.com/ni-now-part-of-emerson/868106-07b/test-reference-architecture-static/dp/97AK1642,0,145707,DIRECT_SHIP,0,False,Active,09-30-2026,Inactive
778572-94,https://www.digikey.com/en/products/detail/ni/778572-94/16647777,0,3811.5,Active,https://www.newark.com/ni-now-part-of-emerson/778572-94/mux-sw-module-pxi-2594-2-5ghz/dp/13AJ3790,0,2750,DIRECT_SHIP,0,False,Active,09-30-2026,Inactive
782403-01,https://www.digikey.com/en/products/detail/ni/782403-01/16818619,1,1379.25,Active,https://www.newark.com,0,0,,1,True,Active,09-30-2026,Active
142947-01,https://www.digikey.com/en/products/detail/ni/142947-01/16648846,0,454.60833,Active,https://www.newark.com/ni-now-part-of-emerson/142947-01/test-cable-assembly-low-leakage/dp/13AJ3176,0,334.56,DIRECT_SHIP,0,False,Active,09-30-2026,Inactive
191039-02,https://www.digikey.com/en/products/detail/ni/191039-02/18710693,0,712.4,Active,https://www.newark.com/ni-now-part-of-emerson/191039-02/multifunction-i-o-device-usb-6008/dp/13AJ3491,0,514,DIRECT_SHIP,0,False,Active,09-30-2026,Inactive
786668-05,https://www.digikey.com/en/products/detail/ni/786668-05/18710349,0,352.04,Active,https://www.newark.com/ni-now-part-of-emerson/786668-05/test-cable-assembly-analog-cable/dp/14AJ6312,0,254,DIRECT_SHIP,0,False,Active,09-30-2026,Inactive
150056-01,https://www.digikey.com/en/products/detail/ni/150056-01/18710247,0,123.75,Active,https://www.newark.com/ni-now-part-of-emerson/150056-01/filler-panel-switchblock/dp/13AJ3207,0,110,DIRECT_SHIP,0,False,Active,09-30-2026,Inactive
6069-410-011,https://www.digikey.com/en/products/detail/digilent-inc/6069-410-011/16074916,13,919,Active,https://www.newark.com,0,0,,13,True,Active,09-30-2026,Active
410-391,https://www.digikey.com/en/products/detail/digilent-inc/410-391/10287713,1,53,Active,https://www.newark.com,0,0,,1,True,Active,09-30-2026,Active
781482-01,https://www.digikey.com/en/products/detail/ni/781482-01/16818587,3,173.25,Active,https://www.newark.com,0,0,,3,True,Active,09-30-2026,Active
786199-0R305,https://www.digikey.com/en/products/detail/ni/786199-0R305/18710589,0,173.25,Active,https://www.newark.com/ni-now-part-of-emerson/786199-0r305/rf-cable-mmpx-m-to-sma-m-0-305/dp/47AK3157,0,125,DIRECT_SHIP,0,False,Active,09-30-2026,Inactive
786189-01,https://www.digikey.com/en/products/detail/ni/786189-01/18710052,1,11486.25,Active,https://www.newark.com,0,0,,1,True,Active,09-30-2026,Active
789128-01,https://www.digikey.com/en/products/detail/ni/789128-01/26581958,1,715.5,Active,https://www.newark.com,0,0,,1,True,Active,09-30-2026,Active
781420-00,https://www.digikey.com/en/products/detail/ni/781420-00/16648608,1,3517.88,Active,https://www.newark.com,0,0,,1,True,Active,09-30-2026,Active
866576-01,https://www.digikey.com/en/products/detail/ni/866576-01/27259533,0,17241.84,Active,https://www.newark.com/ni-now-part-of-emerson/866576-01/vehicle-multifunction-io-bundle/dp/87AK1910,0,12440,DIRECT_SHIP,0,False,Active,09-30-2026,Inactive
776842-01,https://www.digikey.com/en/products/detail/ni/776842-01/16648621,0,393.62429,Active,https://www.newark.com/ni-now-part-of-emerson/776842-01/test-cable-assembly-ribbon-cable/dp/13AJ3654,0,284,DIRECT_SHIP,0,False,Active,09-30-2026,Inactive
782615-01,https://www.digikey.com/en/products/detail/ni/782615-01/15219111,2,3958.88,Active,https://www.newark.com,0,0,,2,True,Active,09-30-2026,Active
782608-01,https://www.digikey.com/en/products/detail/ni/782608-01/12817776,9,1018.12,Active,https://www.newark.com,0,0,,9,True,Active,09-30-2026,Active
199744-02,https://www.digikey.com/en/products/detail/ni/199744-02/16647894,0,378.37857,Active,https://www.newark.com/ni-now-part-of-emerson/199744-02/test-cable-assembly-camera-cable/dp/13AJ3597,0,273,DIRECT_SHIP,0,False,Active,09-30-2026,Inactive
782254-01,https://www.digikey.com/en/products/detail/ni/782254-01/12817772,4,3008.25,Active,https://www.newark.com,0,0,,4,True,Active,09-30-2026,Active
778938-01,https://www.digikey.com/en/products/detail/ni/778938-01/18709980,0,1480.25,Active,https://www.newark.com/ni-now-part-of-emerson/778938-01/digital-i-o-device-pci-6515-32/dp/14AJ4743,0,1068,DIRECT_SHIP,0,False,Active,09-30-2026,Inactive
783307-01,https://www.digikey.com/en/products/detail/ni/783307-01/18710424,0,431.05,Active,https://www.newark.com/ni-now-part-of-emerson/783307-01/test-psu-85-to-264-vac-48vdc-0/dp/14AJ5691,0,311,DIRECT_SHIP,0,False,Active,09-30-2026,Inactive
780989-01,https://www.digikey.com/en/products/detail/ni/780989-01/16648838,0,1323.63,Active,https://www.newark.com/ni-now-part-of-emerson/780989-01/pcb-lightweight-cable-10-ft-w/dp/54AJ8789,0,955,DIRECT_SHIP,0,False,Active,09-30-2026,Inactive
783832-02,https://www.digikey.com/en/products/detail/ni/783832-02/16648667,1,8861.62,Active,https://www.newark.com,0,0,,1,True,Active,09-30-2026,Active
784483-02,https://www.digikey.com/en/products/detail/ni/784483-02/27259605,0,61502.36,Active,https://www.newark.com/ni-now-part-of-emerson/784483-02/pxie-4163-24-channel-10pa-precision/dp/72AK8158,0,44374,DIRECT_SHIP,0,False,Active,09-30-2026,Inactive
790663-0118,https://www.digikey.com/en/products/detail/ni/790663-0118/28173884,0,7650,Active,https://www.newark.com/ni-now-part-of-emerson/790663-0118/controller-pxie-8862-512-gb-8/dp/52AM0132,0,6800,DIRECT_SHIP,0,False,Active,09-30-2026,Inactive
790508-35WM,https://www.digikey.com,0,0,,https://www.newark.com,0,0,,0,False,Obsolete,09-30-2026,Inactive
154939-01,https://www.digikey.com/en/products/detail/ni/154939-01/12817700,79,1293.75,Active,https://www.newark.com,0,0,,79,True,Active,09-30-2026,Active
789468-35,https://www.digikey.com/en/products/detail/ni/789468-35/27259528,0,4417.46,Active,https://www.newark.com/ni-now-part-of-emerson/789468-35/test-software/dp/24AM0185,0,3456,STOCKED,0,False,Active,09-30-2026,Inactive
240-143,https://www.digikey.com/en/products/detail/digilent-inc/240-143/21676552,5,11,Active,https://www.newark.com,0,0,,5,True,Active,09-30-2026,Active
133807-01,https://www.digikey.com/en/products/detail/ni/133807-01/18710453,0,65.14205,Active,https://www.newark.com/ni-now-part-of-emerson/133807-01/pdu-to-pdu-epo-interlock-1m-lg/dp/32AK4706,0,47,DIRECT_SHIP,0,False,Active,09-30-2026,Inactive
781037-01,https://www.digikey.com/en/products/detail/ni/781037-01/16648545,1,12130.88,Active,https://www.newark.com,0,0,,1,True,Active,09-30-2026,Active
779373-01,https://www.digikey.com/en/products/detail/ni/779373-01/15219106,2,1372.5,Active,https://www.newark.com,0,0,,2,True,Active,09-30-2026,Active
785888-01,https://www.digikey.com/en/products/detail/ni/785888-01/16818614,25,2109.38,Active,https://www.newark.com,0,0,,25,True,Active,09-30-2026,Active
782431-01,https://www.digikey.com/en/products/detail/ni/782431-01/16648319,1,28435.5,Active,https://www.newark.com,0,0,,1,True,Active,09-30-2026,Active
783673-01,https://www.digikey.com/en/products/detail/ni/783673-01/18710521,0,399.17,Active,https://www.newark.com/ni-now-part-of-emerson/783673-01/desk-stand-for-15-inch-17-inch/dp/47AK3103,0,288,DIRECT_SHIP,0,False,Active,09-30-2026,Inactive
778572-75,https://www.digikey.com/en/products/detail/ni/778572-75/16648419,2,5604.75,Active,https://www.newark.com,0,0,,2,True,Active,09-30-2026,Active
780921-01,https://www.digikey.com/en/products/detail/ni/780921-01/16647213,0,1022.87,Active,https://www.newark.com/ni-now-part-of-emerson/780921-01/current-o-p-module-c-series-sbrio/dp/14AJ5172,0,738,DIRECT_SHIP,0,False,Active,09-30-2026,Inactive
789600-26111,https://www.digikey.com/en/products/detail/ni/789600-26111/27259223,0,282386.41,Active,https://www.newark.com/ni-now-part-of-emerson/789600-26111/vector-sgnl-transceiver-pxie-5842/dp/87AK1900,0,203742,DIRECT_SHIP,0,False,Active,09-30-2026,Inactive
790594-01,https://www.digikey.com/en/products/detail/ni/790594-01/27381161,7,3373.88,Active,https://www.newark.com,0,0,,7,True,Active,09-30-2026,Active
410-338,https://www.digikey.com/en/products/detail/digilent-inc/410-338/6707566,125,282.13,Active,https://www.newark.com,0,0,,125,True,Active,09-30-2026,Active
779443-01,https://www.digikey.com/en/products/detail/ni/779443-01/12817745,2,752.62,Active,https://www.newark.com,0,0,,2,True,Active,09-30-2026,Active
187106-01,https://www.digikey.com/en/products/detail/ni/187106-01/16647964,0,525.294,Active,https://www.newark.com/ni-now-part-of-emerson/187106-01/torque-wrench-sma100-wrench-1nm/dp/13AJ3449,0,379,DIRECT_SHIP,0,False,Active,09-30-2026,Inactive
783937-04,https://www.digikey.com/en/products/detail/ni/783937-04/18709813,0,38792.25,Active,https://www.newark.com,0,0,,0,False,Active,09-30-2026,Inactive
783405-01,https://www.digikey.com/en/products/detail/ni/783405-01/16647705,0,0,Obsolete,https://www.newark.com/ni-now-part-of-emerson/783405-01/electronics-protoboard/dp/97AK8699,0,573,DIRECT_SHIP,0,False,Active,09-30-2026,Inactive
789988-35,https://www.digikey.com/en/products/detail/ni/789988-35/27259318,0,6710.55,Active,https://www.newark.com/ni-now-part-of-emerson/789988-35/test-software/dp/20AM8686,0,5250,STOCKED,0,False,Active,09-30-2026,Inactive
783848-01,https://www.digikey.com/en/products/detail/ni/783848-01/16647744,1,8861.62,Active,https://www.newark.com,0,0,,1,True,Active,09-30-2026,Active
157599-01,https://www.digikey.com/en/products/detail/ni/157599-01/18709848,9,273.38,Active,https://www.newark.com,0,0,,9,True,Active,09-30-2026,Active
779516-01,https://www.digikey.com/en/products/detail/ni/779516-01/15218881,10,1328.62,Active,https://www.newark.com,0,0,,10,True,Active,09-30-2026,Active
778834-01,https://www.digikey.com/en/products/detail/ni/778834-01/12817655,1,3616.88,Active,https://www.newark.com,0,0,,1,True,Active,09-30-2026,Active
778572-68,https://www.digikey.com/en/products/detail/ni/778572-68/16648744,1,4043.25,Active,https://www.newark.com,0,0,,1,True,Active,09-30-2026,Active
785079-01,https://www.digikey.com/en/products/detail/ni/785079-01/18709737,0,193.5,Active,https://www.newark.com/ni-now-part-of-emerson/785079-01/rack-mount-kit/dp/14AJ6042,0,172,DIRECT_SHIP,0,False,Active,09-30-2026,Inactive
787104-01,https://www.digikey.com/en/products/detail/ni/787104-01/16648752,0,79.00188,Active,https://www.newark.com/ni-now-part-of-emerson/787104-01/ni-9962-3-pin-3-5mm-push-in-spring/dp/67AK0564,0,57,DIRECT_SHIP,0,False,Active,09-30-2026,Inactive
778413-35WM,https://www.digikey.com/en/products/detail/ni/778413-35WM/18709859,0,603.82,Discontinued at DigiKey,https://www.newark.com/ni-now-part-of-emerson/778413-35wm/test-software-vision-acquisition/dp/14AJ7387,0,612,STOCKED,0,False,Active,09-30-2026,Inactive
240-140,https://www.digikey.com/en/products/detail/digilent-inc/240-140/10287716,0,20,Active,https://www.newark.com/werma/24014050/indicator-unit-steady-30vdc-rohs/dp/58AK1670,0,0,NO_LONGER_MANUFACTURED,0,False,Active,09-30-2026,Inactive
780684-02,https://www.digikey.com/en/products/detail/ni/780684-02/16647392,1,5859,Active,https://www.newark.com,0,0,,1,True,Active,09-30-2026,Active
784640-01,https://www.digikey.com/en/products/detail/ni/784640-01/18709970,0,2533.5,Active,https://www.newark.com/ni-now-part-of-emerson/784640-01/test-cable-assembly-semi-rigid/dp/14AJ5967,0,2252,DIRECT_SHIP,0,False,Active,09-30-2026,Inactive
783348-01,https://www.digikey.com/en/products/detail/ni/783348-01/18709758,0,277.88,Active,https://www.newark.com/ni-now-part-of-emerson/783348-01/test-accessory-gpio-connection/dp/27AJ2491,0,247,DIRECT_SHIP,0,False,Active,09-30-2026,Inactive
780308-04,https://www.digikey.com/en/products/detail/ni/780308-04/18710024,0,126,Active,https://www.newark.com/ni-now-part-of-emerson/780308-04/test-psu-cable/dp/14AJ5078,0,112,DIRECT_SHIP,0,False,Active,09-30-2026,Inactive
779473-01,https://www.digikey.com/en/products/detail/ni/779473-01/15219157,16,141.75,Active,https://www.newark.com,0,0,,16,True,Active,09-30-2026,Active
187051-01,https://www.digikey.com/en/products/detail/ni/187051-01/16647726,1,319.5,Active,https://www.newark.com,0,0,,1,True,Active,09-30-2026,Active
786341-03,https://www.digikey.com/en/products/detail/ni/786341-03/16648164,0,1000.69,Active,https://www.newark.com/ni-now-part-of-emerson/786341-03/test-cable-assembly-sensor-cable/dp/14AJ6263,0,722,DIRECT_SHIP,0,False,Active,09-30-2026,Inactive
790062-01,https://www.digikey.com/en/products/detail/ni/790062-01/27259249,0,90.09,Active,https://www.newark.com/ni-emerson/790062-01/terminal-block-connector-snap/dp/47AM1345,0,66.3,DIRECT_SHIP,0,False,Active,09-30-2026,Inactive
779323-01,https://www.digikey.com/en/products/detail/ni/779323-01/18710013,0,3226.61,Active,https://www.newark.com/ni-now-part-of-emerson/779323-01/tb-sma-2164-6561-6562-mod/dp/14AJ4844,0,2328,DIRECT_SHIP,0,False,Active,09-30-2026,Inactive
781067-35,https://www.digikey.com/en/products/detail/ni/781067-35/18710152,0,4072.35,Active,https://www.newark.com/ni-now-part-of-emerson/781067-35/test-software-veristand-operator/dp/15AJ5425,0,3186,STOCKED,0,False,Active,09-30-2026,Inactive
784300-01,https://www.digikey.com/en/products/detail/ni/784300-01/16647683,2,70.88,Active,https://www.newark.com,0,0,,2,True,Active,09-30-2026,Active
788781-01,https://www.digikey.com/en/products/detail/ni/788781-01/18710187,0,26419.5,Active,https://www.newark.com/ni-now-part-of-emerson/788781-01/interface-module-pxie-1487-8-port/dp/87AK1854,0,23484,DIRECT_SHIP,0,False,Active,09-30-2026,Inactive
779994-02,https://www.digikey.com/en/products/detail/ni/779994-02/15218937,2,4162.5,Obsolete,https://www.newark.com/ni-now-part-of-emerson/779994-02/strain-bridge-i-p-module-c-series/dp/14AJ5014,0,3700,DIRECT_SHIP,2,True,Active,09-30-2026,Inactive
783170-01,https://www.digikey.com/en/products/detail/ni/783170-01/16647523,0,7593.75,Active,https://www.newark.com,0,0,,0,False,Active,09-30-2026,Inactive
868063-02,https://www.digikey.com/en/products/detail/ni/868063-02/27259707,0,53118.45,Active,https://www.newark.com/ni-now-part-of-emerson/868063-02/usrp-x410-oai-bundle-for-5g6g/dp/87AK1940,0,38325,DIRECT_SHIP,0,False,Active,09-30-2026,Inactive
785021-01,https://www.digikey.com/en/products/detail/ni/785021-01/18710200,0,760.5,Active,https://www.newark.com/ni-now-part-of-emerson/785021-01/tb-tb-4310-pxie-4310-analog-input/dp/14AJ6026,1,689.52,DIRECT_SHIP,1,True,Active,09-30-2026,Active
784479-01,https://www.digikey.com/en/products/detail/ni/784479-01/16647934,0,67.91,Active,https://www.newark.com/ni-now-part-of-emerson/784479-01/oscilloscope-test-probe/dp/14AJ5953,6,49,DIRECT_SHIP,6,True,Active,09-30-2026,Active
785590-01,https://www.digikey.com/en/products/detail/ni/785590-01/16647559,0,40785.82,Active,https://www.newark.com/ni-now-part-of-emerson/785590-01/pxie-5775-flexrio-digitizer-2/dp/37AJ7101,0,29427,DIRECT_SHIP,0,False,Active,09-30-2026,Inactive
781451-10,https://www.digikey.com/en/products/detail/ni/781451-10/16647516,0,365.9,Active,https://www.newark.com/ni-now-part-of-emerson/781451-10/relay-replacement-kit-switch-mod/dp/15AJ5759,0,264,DIRECT_SHIP,0,False,Active,09-30-2026,Inactive
780984-01,https://www.digikey.com/en/products/detail/ni/780984-01/18710480,2,137.25,Active,https://www.newark.com,0,0,,2,True,Active,09-30-2026,Active
782082-01,https://www.digikey.com/en/products/detail/ni/782082-01/16648643,0,235.62,Active,https://www.newark.com/ni-now-part-of-emerson/782082-01/piezo-inductor-pack-test-equipment/dp/14AJ5466,0,170,DIRECT_SHIP,0,False,Active,09-30-2026,Inactive
780982-01,https://www.digikey.com/en/products/detail/ni/780982-01/15219016,7,110.25,Active,https://www.newark.com,0,0,,7,True,Active,09-30-2026,Active
194906-01,https://www.digikey.com/en/products/detail/ni/194906-01/18710354,0,2349.27,Active,https://www.newark.com/ni-now-part-of-emerson/194906-01/rack-mount-kit-gpib-120b-gpib/dp/13AJ3533,0,1695,DIRECT_SHIP,0,False,Active,09-30-2026,Inactive
6069-410-120,https://www.digikey.com/en/products/detail/digilent-inc/6069-410-120/23334407,1,695,Active,https://www.newark.com,0,0,,1,True,Active,09-30-2026,Active
786659-01,https://www.digikey.com/en/products/detail/ni/786659-01/15219033,5,57.38,Active,https://www.newark.com,0,0,,5,True,Active,09-30-2026,Active
788373-35WM,https://www.digikey.com/en/products/detail/ni/788373-35WM/18709767,0,2142.44,Discontinued at DigiKey,https://www.newark.com/ni-now-part-of-emerson/788373-35wm/test-software/dp/95AJ6865,0,2169,STOCKED,0,False,Active,09-30-2026,Inactive
142998-08,https://www.digikey.com/en/products/detail/ni/142998-08/18710673,0,33.75,Active,https://www.newark.com/ni-now-part-of-emerson/142998-08/safety-interlock-cable-for-pxie/dp/82AJ0170,0,30,DIRECT_SHIP,0,False,Active,09-30-2026,Inactive
786985-01,https://www.digikey.com/en/products/detail/ni/786985-01/16647329,0,266.11,Active,https://www.newark.com/ni-now-part-of-emerson/786985-01/screw-terminal-conn-kit-pxie-4163/dp/14AJ6356,0,192,DIRECT_SHIP,0,False,Active,09-30-2026,Inactive
778312-35,https://www.digikey.com/en/products/detail/ni/778312-35/18709919,0,1607.98,Active,https://www.newark.com/ni-now-part-of-emerson/778312-35/test-software/dp/14AJ7370,0,1258,STOCKED,0,False,Active,09-30-2026,Inactive
785162-01,https://www.digikey.com/en/products/detail/ni/785162-01/16647431,0,44749.78,Active,https://www.newark.com/ni-now-part-of-emerson/785162-01/pxie-5763-flexrio-digitizer-4/dp/37AJ7027,0,32287,DIRECT_SHIP,0,False,Active,09-30-2026,Inactive
783866-01,https://www.digikey.com/en/products/detail/ni/783866-01/16648191,4,8753.62,Active,https://www.newark.com,0,0,,4,True,Active,09-30-2026,Active
158533-02,https://www.digikey.com/en/products/detail/ni/158533-02/15219069,5,147.38,Active,https://www.newark.com,0,0,,5,True,Active,09-30-2026,Active
778810-35WM,https://www.digikey.com/en/products/detail/ni/778810-35WM/27259179,0,0,Discontinued at DigiKey,https://www.newark.com/ni-now-part-of-emerson/778810-35wm/test-software-diadem/dp/14AJ7616,0,7700,STOCKED,0,False,Active,09-30-2026,Inactive
156866-01,https://www.digikey.com/en/products/detail/ni/156866-01/15218975,2,82.12,Active,https://www.newark.com,0,0,,2,True,Active,09-30-2026,Active
199746-05,https://www.digikey.com/en/products/detail/ni/199746-05/18710368,1,334.12,Active,https://www.newark.com,0,0,,1,True,Active,09-30-2026,Active
785114-01,https://www.digikey.com/en/products/detail/ni/785114-01/16648740,0,8980.88,Active,https://www.newark.com/ni-now-part-of-emerson/785114-01/waveform-gen-pxie-5413-20mhz-16/dp/14AJ6045,0,8142.66,DIRECT_SHIP,0,False,Active,09-30-2026,Inactive
789115-01,https://www.digikey.com/en/products/detail/ni/789115-01/26581962,4,1123.88,Active,https://www.newark.com,0,0,,4,True,Active,09-30-2026,Active
778572-30,https://www.digikey.com/en/products/detail/ni/778572-30/16648804,1,5861.25,Active,https://www.newark.com,0,0,,1,True,Active,09-30-2026,Active
785568-01,https://www.digikey.com/en/products/detail/ni/785568-01/18710412,0,1413.72,Active,https://www.newark.com/ni-now-part-of-emerson/785568-01/isc-178x-smart-camera-poweri-o/dp/43AJ7178,0,1020,DIRECT_SHIP,0,False,Active,09-30-2026,Inactive
790386-35WM,https://www.digikey.com/en/products/detail/ni/790386-35WM/27259449,0,0,Discontinued at DigiKey,https://www.newark.com/ni-now-part-of-emerson/790386-35wm/test-software-labview-software/dp/24AM0190,0,24147,STOCKED,0,False,Active,09-30-2026,Inactive
781483-01,https://www.digikey.com/en/products/detail/ni/781483-01/18710198,0,137.25,Active,https://www.newark.com/ni-now-part-of-emerson/781483-01/crio-9952-module-shell-10-position/dp/47AK3086,0,122,DIRECT_SHIP,0,False,Active,09-30-2026,Inactive
6069-410-045,https://www.digikey.com/en/products/detail/digilent-inc/6069-410-045/21262913,8,689,Active,https://www.newark.com,0,0,,8,True,Active,09-30-2026,Active
785117-01,https://www.digikey.com/en/products/detail/ni/785117-01/16648448,1,18312.75,Active,https://www.newark.com,0,0,,1,True,Active,09-30-2026,Active
240-127,https://www.digikey.com/en/products/detail/digilent-inc/240-127/12696371,163,279,Active,https://www.newark.com,0,0,,163,True,Active,09-30-2026,Active
784801-01,https://www.digikey.com/en/products/detail/ni/784801-01/16648064,0,54494.75,Active,https://www.newark.com/ni-now-part-of-emerson/784801-01/ballard-mil-std-1553-4-channel/dp/47AK3119,0,39318,DIRECT_SHIP,0,False,Active,09-30-2026,Inactive
780587-29,https://www.digikey.com/en/products/detail/ni/780587-29/16647722,5,6258.38,Active,https://www.newark.com,0,0,,5,True,Active,09-30-2026,Active
780178-01,https://www.digikey.com/en/products/detail/ni/780178-01/16647319,1,3402,Active,https://www.newark.com,0,0,,1,True,Active,09-30-2026,Active
154742-01,https://www.digikey.com/en/products/detail/ni/154742-01/16647376,2,106.88,Active,https://www.newark.com,0,0,,2,True,Active,09-30-2026,Active
6069-410-127,https://www.digikey.com/en/products/detail/digilent-inc/6069-410-127/23334386,4,1450.01,Active,https://www.newark.com,0,0,,4,True,Active,09-30-2026,Active
867010-04,https://www.digikey.com/en/products/detail/ni/867010-04/18709961,0,18276.75,Active,https://www.newark.com,0,0,,0,False,Active,09-30-2026,Inactive
779674-01,https://www.digikey.com/en/products/detail/ni/779674-01/16648490,0,230.08,Active,https://www.newark.com/ni-now-part-of-emerson/779674-01/coaxial-conn-sma-plug-to-smb-jack/dp/13AJ3879,0,166,DIRECT_SHIP,0,False,Active,09-30-2026,Inactive
786451-01,https://www.digikey.com/en/products/detail/ni/786451-01/16647223,0,4526.68,Active,https://www.newark.com,0,0,,0,False,Active,09-30-2026,Inactive
780687-01,https://www.digikey.com/en/products/detail/ni/780687-01/16648875,2,2709,Active,https://www.newark.com,0,0,,2,True,Active,09-30-2026,Active
783539-01,https://www.digikey.com/en/products/detail/ni/783539-01/16648262,0,52.67,Active,https://www.newark.com/ni-now-part-of-emerson/783539-01/logic-analyzer-grabber-multi-colored/dp/14AJ5747,0,38,DIRECT_SHIP,0,False,Active,09-30-2026,Inactive
763061-01,https://www.digikey.com/en/products/detail/ni/763061-01/12817901,149,202.5,Active,https://www.newark.com,0,0,,149,True,Active,09-30-2026,Active
779005-01,https://www.digikey.com/en/products/detail/ni/779005-01/15218899,7,510.75,Active,https://www.newark.com,0,0,,7,True,Active,09-30-2026,Active
782956-01,https://www.digikey.com/en/products/detail/ni/782956-01/18709836,0,4995,Active,https://www.newark.com/ni-now-part-of-emerson/782956-01/psu-pxie-4112-programmable/dp/14AJ5641,0,4440,DIRECT_SHIP,0,False,Active,09-30-2026,Inactive
868063-02C,https://www.digikey.com/en/products/detail/ni/868063-02C/27259520,0,184986.65,Active,https://www.newark.com/ni-now-part-of-emerson/868063-02c/ni-5g6g-mimo-prototyping-usrp/dp/87AK1941,0,133468,DIRECT_SHIP,0,False,Active,09-30-2026,Inactive
786341-05,https://www.digikey.com/en/products/detail/ni/786341-05/16647546,0,1201.66,Active,https://www.newark.com/ni-now-part-of-emerson/786341-05/test-cable-assembly-sensor-cable/dp/14AJ6264,0,867,DIRECT_SHIP,0,False,Active,09-30-2026,Inactive
779500-01,https://www.digikey.com/en/products/detail/ni/779500-01/16648445,7,258.75,Active,https://www.newark.com,0,0,,7,True,Active,09-30-2026,Active
781510-01,https://www.digikey.com/en/products/detail/ni/781510-01/15219123,8,3487.5,Active,https://www.newark.com,0,0,,8,True,Active,09-30-2026,Active
6069-410-013,https://www.digikey.com/en/products/detail/digilent-inc/6069-410-013/16076155,96,489,Active,https://www.newark.com,0,0,,96,True,Active,09-30-2026,Active
785711-01,https://www.digikey.com/en/products/detail/ni/785711-01/18710584,0,63.76,Active,https://www.newark.com/ni-now-part-of-emerson/785711-01/test-cable-assembly-power-cable/dp/14AJ6163,0,46,DIRECT_SHIP,0,False,Active,09-30-2026,Inactive
132503-02,https://www.digikey.com/en/products/detail/ni/132503-02/18710255,0,770.62,Active,https://www.newark.com/ni-now-part-of-emerson/132503-02/ecuts-b3-2-pxie-4139-cable/dp/47AK3053,0,685,DIRECT_SHIP,0,False,Active,09-30-2026,Inactive
786531-01,https://www.digikey.com/en/products/detail/ni/786531-01/16648668,0,3998.61,Active,https://www.newark.com/ni-now-part-of-emerson/786531-01/rmx-4005-350w-0-80v-0-70a-dc-electron/dp/47AK3170,0,2942.7,DIRECT_SHIP,0,False,Active,09-30-2026,Inactive
6069-410-109,https://www.digikey.com/en/products/detail/digilent-inc/6069-410-109/23334461,3,199,Active,https://www.newark.com,0,0,,3,True,Active,09-30-2026,Active
779820-35,https://www.digikey.com/en/products/detail/ni/779820-35/27259376,0,4129.86,Active,https://www.newark.com/ni-emerson/779820-35/test-software-multisim-base-edition/dp/15AJ5418,0,3231,STOCKED,0,False,Active,09-30-2026,Inactive
779976-01,https://www.digikey.com/en/products/detail/ni/779976-01/12709348,32,707.62,Active,https://www.newark.com,0,0,,32,True,Active,09-30-2026,Active
787882-33,https://www.digikey.com/en/products/detail/ni/787882-33/18710214,5,10122.75,Active,https://www.newark.com,0,0,,5,True,Active,09-30-2026,Active
6069-410-088,https://www.digikey.com/en/products/detail/digilent-inc/6069-410-088/23334377,0,1529.01,Active,https://www.newark.com/digilent/6069-410-088/pci-dda08-12/dp/10AN4244,0,1529,DIRECT_SHIP,0,False,Active,09-30-2026,Inactive
785748-3501WM,https://www.digikey.com/en/products/detail/ni/785748-3501WM/18710297,0,822.74,Discontinued at DigiKey,https://www.newark.com/ni-now-part-of-emerson/785748-3501wm/test-software-flexlogger/dp/15AJ1507,0,841,STOCKED,0,False,Active,09-30-2026,Inactive
785023-10,https://www.digikey.com/en/products/detail/ni/785023-10/16647333,0,41.58,Active,https://www.newark.com/ni-now-part-of-emerson/785023-10/power-cord-for-usrp-rio-china/dp/27AJ2540,0,30,DIRECT_SHIP,0,False,Active,09-30-2026,Inactive
783873-01,https://www.digikey.com/en/products/detail/ni/783873-01/18709789,0,2532.38,Active,https://www.newark.com/ni-now-part-of-emerson/783873-01/tb-rm-4304-pxie-4304-5/dp/14AJ5840,0,2251,DIRECT_SHIP,0,False,Active,09-30-2026,Inactive
779700-02,https://www.digikey.com,0,0,,https://www.newark.com/ni-now-part-of-emerson/779700-02/ni-pxie-8361-x1-mxi-express-for/dp/46AM4327,0,1583,DIRECT_SHIP,0,False,Active,09-30-2026,Inactive
779875-35,https://www.digikey.com/en/products/detail/ni/779875-35/18710724,0,715.79,Active,https://www.newark.com/ni-now-part-of-emerson/779875-35/test-software/dp/14AJ8621,0,560,STOCKED,0,False,Active,09-30-2026,Inactive
783124-01,https://www.digikey.com/en/products/detail/ni/783124-01/16647846,0,223352.51,Active,https://www.newark.com/ni-now-part-of-emerson/783124-01/vector-sgnl-analyzer-pxie-5668/dp/14AJ5667,0,161149,DIRECT_SHIP,0,False,Active,09-30-2026,Inactive
788441-35WM,https://www.digikey.com/en/products/detail/ni/788441-35WM/18710098,0,1551.06,Discontinued at DigiKey,https://www.newark.com/ni-now-part-of-emerson/788441-35wm/test-software/dp/95AJ6925,0,1495,STOCKED,0,False,Active,09-30-2026,Inactive
867126-01,https://www.digikey.com/en/products/detail/ni/867126-01/16916068,0,14304.38,Active,https://www.newark.com/ni-now-part-of-emerson/867126-01/lcr-meter-bench-500-khz-pxie-lcr5101/dp/60AK9645,0,12715,DIRECT_SHIP,0,False,Active,09-30-2026,Inactive
785682-10,https://www.digikey.com/en/products/detail/ni/785682-10/18710289,0,310.46,Active,https://www.newark.com/ni-now-part-of-emerson/785682-10/test-cable-assembly-sfp-cable/dp/14AJ6150,0,224,DIRECT_SHIP,0,False,Active,09-30-2026,Inactive
782989-01,https://www.digikey.com/en/products/detail/ni/782989-01/16648551,0,196.81,Active,https://www.newark.com,0,0,,0,False,Active,09-30-2026,Inactive
783702-03,https://www.digikey.com/en/products/detail/ni/783702-03/16647590,0,1287.59,Active,https://www.newark.com/ni-now-part-of-emerson/783702-03/test-cable-assembly-transceiver/dp/14AJ5789,0,929,DIRECT_SHIP,0,False,Active,09-30-2026,Inactive
788442-35,https://www.digikey.com/en/products/detail/ni/788442-35/18710230,0,922.86,Active,https://www.newark.com/ni-now-part-of-emerson/788442-35/test-software/dp/95AJ6930,0,722,STOCKED,0,False,Active,09-30-2026,Inactive
785828-01,https://www.digikey.com/en/products/detail/ni/785828-01/18710303,0,278.58556,Active,https://www.newark.com/ni-now-part-of-emerson/785828-01/test-cable-assy/dp/27AJ2556,0,201,DIRECT_SHIP,0,False,Active,09-30-2026,Inactive
782002-01,https://www.digikey.com/en/products/detail/ni/782002-01/16647925,0,34335.38,Active,https://www.newark.com/ni-emerson/782002-01/vxi-8360lt-remote-cntrl-module/dp/14AJ5449,0,0,NO_LONGER_MANUFACTURED,0,False,Active,09-30-2026,Inactive
786671-01,https://www.digikey.com/en/products/detail/ni/786671-01/16647944,0,22415.78,Active,https://www.newark.com/ni-now-part-of-emerson/786671-01/multifunction-i-o-module-reconfigurable/dp/14AJ6313,0,16173,DIRECT_SHIP,0,False,Active,09-30-2026,Inactive
787170-01,https://www.digikey.com/en/products/detail/ni/787170-01/16647515,0,8237,Active,https://www.newark.com/ni-now-part-of-emerson/787170-01/calibration-accessories/dp/14AJ6394,0,5943,DIRECT_SHIP,0,False,Active,09-30-2026,Inactive
779975-01,https://www.digikey.com/en/products/detail/ni/779975-01/12817617,3,963,Active,https://www.newark.com,0,0,,3,True,Active,09-30-2026,Active
784611-01,https://www.digikey.com/en/products/detail/ni/784611-01/18710651,0,23.62,Active,https://www.newark.com/ni-now-part-of-emerson/784611-01/test-cable-assembly/dp/14AJ5962,0,21,DIRECT_SHIP,0,False,Active,09-30-2026,Inactive
786300-01,https://www.digikey.com/en/products/detail/ni/786300-01/18710671,0,2243.25,Active,https://www.newark.com/ni-now-part-of-emerson/786300-01/test-psu-upgrade-replacement-1/dp/14AJ6252,0,2033.88,DIRECT_SHIP,0,False,Active,09-30-2026,Inactive
785960-01,https://www.digikey.com/en/products/detail/ni/785960-01/16648542,0,37349.93,Active,https://www.newark.com/ni-now-part-of-emerson/785960-01/pcie-5764-flexrio-digitizer-4/dp/37AJ7206,0,26948,DIRECT_SHIP,0,False,Active,09-30-2026,Inactive
410-413,https://www.digikey.com/en/products/detail/digilent-inc/410-413/14305460,41,52,Active,https://www.newark.com,0,0,,41,True,Active,09-30-2026,Active
240-021-2,https://www.digikey.com/en/products/detail/digilent-inc/240-021-2/5456480,148,7,Active,https://www.newark.com,0,0,,148,True,Active,09-30-2026,Active
785591-01,https://www.digikey.com/en/products/detail/ni/785591-01/16648234,0,44670.78,Active,https://www.newark.com/ni-now-part-of-emerson/785591-01/pxie-5775-flexrio-digitizer-2/dp/37AJ7103,0,32230,DIRECT_SHIP,0,False,Active,09-30-2026,Inactive
781743-01,https://www.digikey.com/en/products/detail/ni/781743-01/16648444,0,28885.63,Active,https://www.newark.com/ni-now-part-of-emerson/781743-01/source-measure-unit-smu-4ch-4/dp/14AJ5405,0,20841,DIRECT_SHIP,0,False,Active,09-30-2026,Inactive
867117-01,https://www.digikey.com/en/products/detail/ni/867117-01/16916064,0,7536.38,Active,https://www.newark.com/ni-now-part-of-emerson/867117-01/bench-power-supply-programmable/dp/60AK9636,0,6699,DIRECT_SHIP,0,False,Active,09-30-2026,Inactive
785826-01,https://www.digikey.com/en/products/detail/ni/785826-01/18710751,0,225.91833,Active,https://www.newark.com/ni-now-part-of-emerson/785826-01/test-cable-assy-gpio-cable-accessory/dp/27AJ2554,0,163,DIRECT_SHIP,0,False,Active,09-30-2026,Inactive
779157-01,https://www.digikey.com/en/products/detail/ni/779157-01/18709906,0,119.19619,Active,https://www.newark.com/ni-now-part-of-emerson/779157-01/conn-lvds-infiniband-r-a/dp/13AJ3839,7,87.72,DIRECT_SHIP,7,True,Active,09-30-2026,Active
782385-04,https://www.digikey.com/en/products/detail/ni/782385-04/18710705,0,913.5,Active,https://www.newark.com/ni-now-part-of-emerson/782385-04/tb-tb-2641b-2532b/dp/14AJ5527,0,812,DIRECT_SHIP,0,False,Active,09-30-2026,Inactive
789602-26401,https://www.digikey.com/en/products/detail/ni/789602-26401/27259303,0,323186.09,Active,https://www.newark.com,0,0,,0,False,Active,09-30-2026,Inactive
789600-12410,https://www.digikey.com/en/products/detail/ni/789600-12410/27259537,0,264355.94,Active,https://www.newark.com/ni-now-part-of-emerson/789600-12410/pxie-5842-vst-4ghz-analysis/dp/47AM1443,0,190733,DIRECT_SHIP,0,False,Active,09-30-2026,Inactive
184639-01,https://www.digikey.com/en/products/detail/ni/184639-01/16648001,1,1274.62,Active,https://www.newark.com,0,0,,1,True,Active,09-30-2026,Active
250-086,https://www.digikey.com/en/products/detail/digilent-inc/250-086/7070034,1075,16,Active,https://www.newark.com,0,0,,1075,True,Active,09-30-2026,Active
787325-01,https://www.digikey.com/en/products/detail/ni/787325-01/16648543,0,1336.105,Active,https://www.newark.com/ni-now-part-of-emerson/787325-01/interface-module-vehicle-multiprotocol/dp/14AJ6408,0,964,DIRECT_SHIP,0,False,Active,09-30-2026,Inactive
789810-01,https://www.digikey.com/en/products/detail/ni/789810-01/27259473,0,5375.25,Active,https://www.newark.com/ni-now-part-of-emerson/789810-01/osc-probe-differential-2ghz-60v/dp/47AM1452,0,4778,DIRECT_SHIP,0,False,Active,09-30-2026,Inactive
156084-0R5,https://www.digikey.com/en/products/detail/ni/156084-0R5/18710106,0,213.44,Active,https://www.newark.com/ni-now-part-of-emerson/156084-0r5/test-cable-assembly-camera-cable/dp/13AJ3248,0,154,DIRECT_SHIP,0,False,Active,09-30-2026,Inactive
781362-01,https://www.digikey.com/en/products/detail/ni/781362-01/18710361,0,921.69,Active,https://www.newark.com/ni-now-part-of-emerson/781362-01/test-cable-assembly-digital-cable/dp/14AJ5298,0,665,DIRECT_SHIP,0,False,Active,09-30-2026,Inactive
6069-410-185,https://www.digikey.com/en/products/detail/digilent-inc/6069-410-185/23334364,7,1329.01,Active,https://www.newark.com,0,0,,7,True,Active,09-30-2026,Active
779009-01,https://www.digikey.com/en/products/detail/ni/779009-01/15219180,1,703.12,Active,https://www.newark.com,0,0,,1,True,Active,09-30-2026,Active
6069-410-132,https://www.digikey.com/en/products/detail/digilent-inc/6069-410-132/23334349,0,553.24,Active,https://www.newark.com,0,0,,0,False,Active,09-30-2026,Inactive
194738-02,https://www.digikey.com/en/products/detail/ni/194738-02/15219040,0,180.18,Active,https://www.newark.com/ni-now-part-of-emerson/194738-02/quarter-bridge-adapter-ni-9944/dp/14AJ7131,0,520,DIRECT_SHIP,0,False,Active,09-30-2026,Inactive
785769-11,https://www.digikey.com/en/products/detail/ni/785769-11/16647251,0,15566.17,Active,https://www.newark.com/ni-now-part-of-emerson/785769-11/pxie-5111-pxi-oscilloscope-with/dp/37AJ7157,0,11231,DIRECT_SHIP,0,False,Active,09-30-2026,Inactive
777690-01,https://www.digikey.com/en/products/detail/ni/777690-01/12817908,8,405,Active,https://www.newark.com,0,0,,8,True,Active,09-30-2026,Active
763061-16,https://www.digikey.com/en/products/detail/ni/763061-16/16648521,0,979.90333,Active,https://www.newark.com/ni-now-part-of-emerson/763061-16/test-cable-assembly-gpib-cable/dp/13AJ3622,0,707,DIRECT_SHIP,0,False,Active,09-30-2026,Inactive
785515-01,https://www.digikey.com/en/products/detail/ni/785515-01/16648212,0,677.75,Active,https://www.newark.com/ni-now-part-of-emerson/785515-01/spare-side-panel-for-rmx-10011/dp/75AJ3200,0,489,DIRECT_SHIP,0,False,Active,09-30-2026,Inactive
777796-01,https://www.digikey.com/en/products/detail/ni/777796-01/16647459,1,4754.25,Active,https://www.newark.com,0,0,,1,True,Active,09-30-2026,Active
783633-01,https://www.digikey.com/en/products/detail/ni/783633-01/16648133,1,10236.38,Active,https://www.newark.com,0,0,,1,True,Active,09-30-2026,Active
788279-02,https://www.digikey.com/en/products/detail/ni/788279-02/18710121,0,1567.57,Active,https://www.newark.com/ni-now-part-of-emerson/788279-02/test-cable-assembly-d-sub-to-d/dp/46AK9922,0,1131,DIRECT_SHIP,0,False,Active,09-30-2026,Inactive
790588-01,https://www.digikey.com/en/products/detail/ni/790588-01/27381167,9,1573.88,Active,https://www.newark.com,0,0,,9,True,Active,09-30-2026,Active
782574-01,https://www.digikey.com/en/products/detail/ni/782574-01/15219113,4,684,Active,https://www.newark.com,0,0,,4,True,Active,09-30-2026,Active
785708-01,https://www.digikey.com/en/products/detail/ni/785708-01/18710373,0,70.69,Active,https://www.newark.com/ni-now-part-of-emerson/785708-01/test-cable-assembly-power-cable/dp/14AJ6159,0,51,DIRECT_SHIP,0,False,Active,09-30-2026,Inactive
785881-01,https://www.digikey.com/en/products/detail/ni/785881-01/16647314,0,12.47,Active,https://www.newark.com/ni-now-part-of-emerson/785881-01/test-cable-assembly-usb-cable/dp/14AJ6215,0,9,DIRECT_SHIP,0,False,Active,09-30-2026,Inactive
788384-35,https://www.digikey.com/en/products/detail/ni/788384-35/18709944,0,2165.27,Active,https://www.newark.com/ni-now-part-of-emerson/788384-35/test-software-labwindows-cvi/dp/95AJ6870,0,1694,STOCKED,0,False,Active,09-30-2026,Inactive
790586-01,https://www.digikey.com/en/products/detail/ni/790586-01/27381162,7,1123.88,Active,https://www.newark.com,0,0,,7,True,Active,09-30-2026,Active
782417-03,https://www.digikey.com/en/products/detail/ni/782417-03/18709734,5,913.5,Active,https://www.newark.com,0,0,,5,True,Active,09-30-2026,Active
784608-35,https://www.digikey.com/en/products/detail/ni/784608-35/18709874,0,2800.54,Active,https://www.newark.com/ni-now-part-of-emerson/784608-35/test-software/dp/15AJ1173,0,2191,STOCKED,0,False,Active,09-30-2026,Inactive
781515-01,https://www.digikey.com/en/products/detail/ni/781515-01/18710209,9,262.12,Active,https://www.newark.com,0,0,,9,True,Active,09-30-2026,Active
787587-05,https://www.digikey.com/en/products/detail/ni/787587-05/18710760,0,103.95,Active,https://www.newark.com/ni-now-part-of-emerson/787587-05/test-cable-assembly-multifunction/dp/14AJ6432,0,75,DIRECT_SHIP,0,False,Active,09-30-2026,Inactive
780539-01,https://www.digikey.com/en/products/detail/ni/780539-01/16647184,0,1168.4,Active,https://www.newark.com/ni-now-part-of-emerson/780539-01/digital-i-p-o-p-module-c-series/dp/14AJ5110,0,843,DIRECT_SHIP,0,False,Active,09-30-2026,Inactive
6069-410-228,https://www.digikey.com/en/products/detail/digilent-inc/6069-410-228/23334367,0,12179.48,Active,https://www.newark.com,0,0,,0,False,Active,09-30-2026,Inactive
471-060,https://www.digikey.com/en/products/detail/digilent-inc/471-060/19235252,384,409,Active,https://www.newark.com,0,0,,384,True,Active,09-30-2026,Active
779680-03,https://www.digikey.com/en/products/detail/ni/779680-03/15218861,0,4583.25,Active,https://www.newark.com/ni-now-part-of-emerson/779680-03/soundvibration-module-ni-9234/dp/13AJ3883,38,4155.48,DIRECT_SHIP,38,True,Active,09-30-2026,Active
788399-35WM,https://www.digikey.com/en/products/detail/ni/788399-35WM/18710372,0,2359.28,Discontinued at DigiKey,https://www.newark.com/ni-now-part-of-emerson/788399-35wm/test-software-multisim/dp/95AJ6892,0,2388,STOCKED,0,False,Active,09-30-2026,Inactive
784483-01,https://www.digikey.com/en/products/detail/ni/784483-01/16648002,0,58407.43,Active,https://www.newark.com/ni-now-part-of-emerson/784483-01/source-measure-unit-smu-24-ch/dp/13AJ4118,0,42983.82,DIRECT_SHIP,0,False,Active,09-30-2026,Inactive
784539-01,https://www.digikey.com/en/products/detail/ni/784539-01/15219047,0,4936.5,Active,https://www.newark.com/ni-now-part-of-emerson/784539-01/c-series-digitizer-adapter-module/dp/13AJ4119,4,4475.76,DIRECT_SHIP,4,True,Active,09-30-2026,Active
788101-01,https://www.digikey.com/en/products/detail/ni/788101-01/27259675,0,14792.78,Active,https://www.newark.com/ni-now-part-of-emerson/788101-01/source-meter-unit-lcr-meter-20mhz/dp/47AK0180,0,10673,DIRECT_SHIP,0,False,Active,09-30-2026,Inactive
780587-75,https://www.digikey.com/en/products/detail/ni/780587-75/16647647,1,5604.75,Active,https://www.newark.com,0,0,,1,True,Active,09-30-2026,Active
788565-02,https://www.digikey.com/en/products/detail/ni/788565-02/27259610,0,273563.14,Active,https://www.newark.com/ni-now-part-of-emerson/788565-02/ni-pxie-5842-vst-12-ghz-2-ghz/dp/77AK5510,0,197376,DIRECT_SHIP,0,False,Active,09-30-2026,Inactive
192665-01,https://www.digikey.com/en/products/detail/ni/192665-01/15218883,0,109.49391,Active,https://www.newark.com/ni-now-part-of-emerson/192665-01/backshell-4-pos-high-voltage-conn/dp/13AJ3509,0,79,DIRECT_SHIP,0,False,Active,09-30-2026,Inactive
779568-01,https://www.digikey.com/en/products/detail/ni/779568-01/15218879,0,99.79,Active,https://www.newark.com/ni-now-part-of-emerson/779568-01/backshell-crio-9941/dp/14AJ4896,0,72,DIRECT_SHIP,0,False,Active,09-30-2026,Inactive
6002-410-044,https://www.digikey.com/en/products/detail/digilent-inc/6002-410-044/28172850,15,197,Active,https://www.newark.com,0,0,,15,True,Active,09-30-2026,Active
783156-02,https://www.digikey.com/en/products/detail/ni/783156-02/16647528,0,223065.61,Active,https://www.newark.com/ni-now-part-of-emerson/783156-02/vector-sgnl-analyzer-pxie-5668/dp/14AJ5678,0,160942,DIRECT_SHIP,0,False,Active,09-30-2026,Inactive
785892-02,https://www.digikey.com/en/products/detail/ni/785892-02/18710331,0,63.76,Active,https://www.newark.com/ni-now-part-of-emerson/785892-02/test-cable-assembly-250v-2-5m/dp/75AJ3230,0,46,DIRECT_SHIP,0,False,Active,09-30-2026,Inactive
779937-01,https://www.digikey.com/en/products/detail/ni/779937-01/18710487,0,67.5,Active,https://www.newark.com/ni-now-part-of-emerson/779937-01/usb-digital-i-o-accessory-kit/dp/14AJ4989,0,60,DIRECT_SHIP,0,False,Active,09-30-2026,Inactive
790587-01,https://www.digikey.com/en/products/detail/ni/790587-01/27381165,7,1573.88,Active,https://www.newark.com,0,0,,7,True,Active,09-30-2026,Active
868018-01,https://www.digikey.com/en/products/detail/ni/868018-01/16591979,1,4104.28,Active,https://www.newark.com,0,0,,1,True,Active,09-30-2026,Active
782621-13,https://www.digikey.com/en/products/detail/ni/782621-13/16647200,0,46153.8,Active,https://www.newark.com/ni-now-part-of-emerson/782621-13/pxie-5160-pxi-oscilloscope-with/dp/37AJ6389,0,33300,DIRECT_SHIP,0,False,Active,09-30-2026,Inactive
788715-01,https://www.digikey.com/en/products/detail/ni/788715-01/18710212,0,26419.5,Active,https://www.newark.com/ni-now-part-of-emerson/788715-01/interface-module-gmsl-pxie-1487/dp/87AK1850,0,23484,DIRECT_SHIP,0,False,Active,09-30-2026,Inactive
779928-35,https://www.digikey.com/en/products/detail/ni/779928-35/27259215,0,9884.32,Active,https://www.newark.com/ni-now-part-of-emerson/779928-35/test-software-circuit-design-suite/dp/14AJ8641,0,7733,STOCKED,0,False,Active,09-30-2026,Inactive
189919-0R5,https://www.digikey.com/en/products/detail/ni/189919-0R5/18710697,0,227.30364,Active,https://www.newark.com/ni-now-part-of-emerson/189919-0r5/test-cable-assembly-coaxial-cable/dp/13AJ3474,0,164,DIRECT_SHIP,0,False,Active,09-30-2026,Inactive
784270-35,https://www.digikey.com/en/products/detail/ni/784270-35/18710450,0,894.74,Active,https://www.newark.com/ni-now-part-of-emerson/784270-35/test-software-diadem-base-edition/dp/15AJ1048,0,700,STOCKED,0,False,Active,09-30-2026,Inactive
